id,source,text,sentiment,sarcasm
sr-00001,https://www.youtube.com/watch?v=-_xotyeinSc,"Zasto je na ovoj utakmici Solskjaer igrao levog beka, to je pravo pitanje...",neutral,yes
sr-00002,https://www.youtube.com/watch?v=-_xotyeinSc,8:57 spominju kikindu,neutral,no
sr-00003,https://www.youtube.com/watch?v=-_xotyeinSc,"Ja sam bolan zemlju izgubio, boli me uvo za pritisak !",negative,no
sr-00004,https://www.youtube.com/watch?v=-_xotyeinSc,"23:18, svako ima nekog tako",neutral,no
sr-00005,https://www.youtube.com/watch?v=-_xotyeinSc,Mozeli mrtav ladan sivi kamioni crvene boje,neutral,no
sr-00006,https://www.youtube.com/watch?v=-_xotyeinSc,Najbolji film možda šta opisuje sve slojeve društva od dna do vrha sportiste shanere umjetnike izbjeglice crkvu navijače kladionica re neradnike radnike svemir će kriminalce roditelje i ko zna šta u sat i po nevjerojatno remek djelo,positive,no
sr-00007,https://www.youtube.com/watch?v=-_xotyeinSc,"Da, uvek se divimo zapadu a nase mrzimo! Strasno obijasniti to",negative,yes
sr-00008,https://www.youtube.com/watch?v=-_xotyeinSc,Ali kengur dobija zuti za pljuvanje i zuti za penal i opet brani sta englezi 3 zuta pa crveni,neutral,no
sr-00009,https://www.youtube.com/watch?v=-_xotyeinSc,"Sapic nekada bio voljen ,a sada ,tuzna prica,sta su ljudi u stanju da urade zbog para,huljin potrcko.",negative,no
sr-00010,https://www.youtube.com/watch?v=-_xotyeinSc,Stigli ćevapi za našu dragu gošću kengrrr madrrr,neutral,no
sr-00011,https://www.youtube.com/watch?v=-_xotyeinSc,Dva puta ulazim u kadrove u ovom filmu :),neutral,no
sr-00012,https://www.youtube.com/watch?v=-_xotyeinSc,Jedan od filmova koje znam napamet u reč..antologijsko remek delo i pokazatelj mentaliteta ovog naseg napacenog naroda,positive,no
sr-00013,https://www.youtube.com/watch?v=-_xotyeinSc,probaj...žabarijana...nemoj da si klosar,negative,no
sr-00014,https://www.youtube.com/watch?v=-_xotyeinSc,Cijela Zenica je znala ove fraze,neutral,no
sr-00015,https://www.youtube.com/watch?v=-_xotyeinSc,Ja ne mogu ovu Karan folirantkinju,negative,no
sr-00016,https://www.youtube.com/watch?v=-_xotyeinSc,Klinci gou tu skul.,neutral,no
sr-00017,https://www.youtube.com/watch?v=-_xotyeinSc,"Ali majca je najjača ""METALLICA""",positive,no
sr-00018,https://www.youtube.com/watch?v=-_xotyeinSc,"Genijalna glumačka ekipa, preinteligentan humor, replike da se ukenjaš od smijeha, sve što današnjim filmovima fali. ""Vodi je u mrak da ti sija!""",positive,no
sr-00019,https://www.youtube.com/watch?v=-_xotyeinSc,Odličan film 35:33 39:01-39:08 navijač liverpoola 59:19-59:30 1:00:26-1:00:33 živac u mraku 1:02:22 ode kemijska 1:08:44-1:08:48 1:11:34-1:11:48,positive,no
sr-00020,https://www.youtube.com/watch?v=-_xotyeinSc,Do 2026 godine million pregleda u najavi,positive,no
sr-00021,https://www.youtube.com/watch?v=-_xotyeinSc,Najzabavniji film,positive,no
sr-00022,https://www.youtube.com/watch?v=-_xotyeinSc,Gospodjo je li vam neko rekao da ste rodili idiota,positive,yes
sr-00023,https://www.youtube.com/watch?v=-_xotyeinSc,Kengur je stekao status kultnog SrBskog filma,positive,no
sr-00024,https://www.youtube.com/watch?v=-_xotyeinSc,"stanujem u tom kraju,tu i idem u kladionicu,doduse ti lavovi vise ne postoje,sad je tu market,mozart je deset metara tu dalje,95% filma he snuiman u vojvode stepe,deo sa kengurovim stanom je sniman u kumodraskoj,mislim",neutral,no
sr-00025,https://www.youtube.com/watch?v=-_xotyeinSc,Cile najjaci lik,positive,no
sr-00026,https://www.youtube.com/watch?v=-_xotyeinSc,"Kultni film, oslikava jedno srecno vreme, i Beograd, kad je bio Beograd, ulice, ljudi, spika, nostalgija. Danas, Evropa, pakistanci, kinezi. A film, sta reći, svaka rečenica je kultna i oslikava neko drugacije vreme i mesto.",positive,no
sr-00027,https://www.youtube.com/watch?v=-_xotyeinSc,COM CREVERO ERO MACROPUS...na latimskom ime filma,neutral,yes
sr-00028,https://www.youtube.com/watch?v=-_xotyeinSc,Koja pesma se čuje u pozadini 58:15,neutral,no
sr-00029,https://www.youtube.com/watch?v=-_xotyeinSc,"Ono prosečno klošarsko društvo iz kraja, najbolje fore i zajebancije, ono društvo od 16,17 do 30 godine",positive,no
sr-00030,https://www.youtube.com/watch?v=-_xotyeinSc,"Ceo film je sjajan, ali scena paljenja vojnog generatora je legendarna... Nula teksta, cista gluma, bravo!",positive,no
sr-00031,https://www.youtube.com/watch?v=-_xotyeinSc,"Uvek rado pogledam ovaj film, podseća me na zadnju epohu iole normalnog i srećnog vremena. Svakako jedan od poslednjih dobrih domaćih filmova.",positive,no
sr-00032,https://www.youtube.com/watch?v=-_xotyeinSc,Šapić nije ni izašao iz uloge,neutral,no
sr-00033,https://www.youtube.com/watch?v=-_xotyeinSc,"Kad porastem biće kladionica 100m od škole , i to ne jedna nego 10. Kockanje na sve strane .",negative,yes
sr-00034,https://www.youtube.com/watch?v=-_xotyeinSc,Kakav danak neiskustvu joj joj joj,neutral,no
sr-00035,https://www.youtube.com/watch?v=-_xotyeinSc,"Kultni film...Remek srpske kinematografije,gledao 50 puta i opet jedinstven...",positive,no
sr-00036,https://www.youtube.com/watch?v=-_xotyeinSc,Film je o mladima koji žive u logoru !!!!,neutral,no
sr-00037,https://www.youtube.com/watch?v=-_xotyeinSc,ovde prazni stadioni ko da vlada kuga....,neutral,yes
sr-00038,https://www.youtube.com/watch?v=-_xotyeinSc,"Znam sve od.pocetka do kraja napamet, ali i dalje rado pogledam",positive,no
sr-00039,https://www.youtube.com/watch?v=-_xotyeinSc,A račun za sveće na početku? Zato treba istrebiti sve parazite,neutral,no
sr-00040,https://www.youtube.com/watch?v=-_xotyeinSc,Brate Bože snimi jos jedan ovakav film!,positive,no
sr-00041,https://www.youtube.com/watch?v=-_xotyeinSc,Mi smo sedeli ovde i duvali smo....duvanili,neutral,yes
sr-00042,https://www.youtube.com/watch?v=-_xotyeinSc,Kakav film pogledao 100 puta..bravo susjedi,positive,no
sr-00043,https://www.youtube.com/watch?v=-_xotyeinSc,Ovaj film ja tako los da je dobar.,negative,yes
sr-00044,https://www.youtube.com/watch?v=-_xotyeinSc,Ovo je jedan od najboljih filmova ikad.. 1.1.2026. Almaaaa,positive,no
sr-00045,https://www.youtube.com/watch?v=-_xotyeinSc,Semenke svih zemalja ujedinite se…,neutral,yes
sr-00046,https://www.youtube.com/watch?v=-_xotyeinSc,37:57 GREŠKA U FILMU. Ako je Braca kupio 7 karata onda klošar treba da sedne 5 mesta dalje.,negative,no
sr-00047,https://www.youtube.com/watch?v=-_xotyeinSc,"Prvi UFO domaći film. Izašli tek iz 90ih i nije nas globalizacija toliko zahvatila, pa je zato film prijatan.",neutral,no
sr-00048,https://www.youtube.com/watch?v=-_xotyeinSc,Vodi je u mrak da ti sija,positive,yes
sr-00049,https://www.youtube.com/watch?v=-_xotyeinSc,Maratonci trče počasni krug i Ko to tamo peva zajedno ovom remek delu ne mogu ni da prismrde.,positive,no
sr-00050,https://www.youtube.com/watch?v=-_xotyeinSc,I tako je nastao kešaut,neutral,yes
sr-00051,https://www.youtube.com/watch?v=-_xotyeinSc,"1:02:10 Kako bre 1:1 kad je odbranio? Kako bre ljudi, šta je bre ovo ljudi?",neutral,no
sr-00052,https://www.youtube.com/watch?v=-_xotyeinSc,Najbolji domaci film svih vremena. Svaka recenica u filmu je fenomenalna.,positive,no
sr-00053,https://www.youtube.com/watch?v=-_xotyeinSc,"Kakvi su ovi beogradjani,muvaju ribu sto godina,umjesto pet minuta",negative,yes
sr-00054,https://www.youtube.com/watch?v=-_xotyeinSc,Poslednje generacije rodjene u nekom drugom vremenu u svojim poznim dvadesetim/ranim tridesetim koje su ovom filmu odrazile duh mladih u tranzicionom periodu iz neuznesenih old skul fazona nakon cega sledi era primitivnog i vestackog humora,positive,no
sr-00055,https://www.youtube.com/watch?v=-_xotyeinSc,"Slika i prilika Beograda,umjesto sedam hiljada,prodao za petsto eura",negative,yes
sr-00056,https://www.youtube.com/watch?v=-_xotyeinSc,"Odličan scenario i gluma... Ima taj gradski šmek... Nisam fan filma, inače",positive,no
sr-00057,https://www.youtube.com/watch?v=-_xotyeinSc,Takva glumacka ekipa a toliko dosadan film...lele majko,negative,no
sr-00058,https://www.youtube.com/watch?v=-_xotyeinSc,8:47 Gde si Ljubice cobanicee..Daj svima pice! pa onda ENTER!,neutral,no
sr-00059,https://www.youtube.com/watch?v=-_xotyeinSc,"26:37 “ne znam, ja ne volim američke filmove”…reče Marija-10 godina kasnije udaje se za holivudskog producenta (američkih filmova).",negative,no
sr-00060,https://www.youtube.com/watch?v=-_xotyeinSc,"Dobro su ovom Ganguli nasli ulogu u filmu, takav je i u stvarnosti, kriminalac i siledzija :-)",negative,yes
sr-00061,https://www.youtube.com/watch?v=-_xotyeinSc,Beogradsko preseravanje,negative,no
sr-00062,https://www.youtube.com/watch?v=-_xotyeinSc,Ako je kupio sedam karata a mesta numerisana kako onda beskucnik pored njih,neutral,no
sr-00063,https://www.youtube.com/watch?v=-_xotyeinSc,Pitaj je da li je bila u šemi sa Bredom Pitom?,neutral,yes
sr-00064,https://www.youtube.com/watch?v=-_xotyeinSc,"Brate, Bože.... nemoj, Šomi!",neutral,no
sr-00065,https://www.youtube.com/watch?v=-_xotyeinSc,"Film kida, jedna generacija koja je sve razumela. Samo ne verujem da smo ovog majmuna od Gangule pustili na Vlast uz Zvalavog.",neutral,yes
sr-00066,https://www.youtube.com/watch?v=-_xotyeinSc,Nema hleba bez motike,neutral,yes
sr-00067,https://www.youtube.com/watch?v=-_xotyeinSc,"Teško je reći šta je tačno najgore u filmu 15% – da li je to “radnja” o golmanu zvanom Kengur, koji ima harizmu mokrog sunđera, ili činjenica da je neko zaista odlučio da ovakvo filmsko ruglo ugleda svetlost dana. Jedno je sigurno: ovo nije film, ovo je kazna.",negative,no
sr-00068,https://www.youtube.com/watch?v=-_xotyeinSc,Cile ponudio prvi cashout u istoriji.,neutral,no
sr-00069,https://www.youtube.com/watch?v=-_xotyeinSc,Treba i za Romu,neutral,no
sr-00070,https://www.youtube.com/watch?v=-_xotyeinSc,Najbolji Nebojsa Glogovac laka mu zemlja,positive,no
sr-00071,https://www.youtube.com/watch?v=-_xotyeinSc,Film koji u svako doba mogu da gledam.,positive,no
sr-00072,https://www.youtube.com/watch?v=-_xotyeinSc,Pa ti onda gledaj film u novinama!,negative,yes
sr-00073,https://www.youtube.com/watch?v=-_xotyeinSc,Gluplji film u životu nisam gledao..,negative,no
sr-00074,https://www.youtube.com/watch?v=-_xotyeinSc,"Legende su svi, samo što se nisam uposkio od smjeha",positive,no
sr-00075,https://www.youtube.com/watch?v=-_xotyeinSc,"Ovo je, po meni, najbolji film svih vremena. Bukvalno ne postoji 10 sekundi koje su dosadne. Remek delo.",positive,no
sr-00076,https://www.youtube.com/watch?v=-_xotyeinSc,Najjaci film svih vremena,positive,no
sr-00077,https://www.youtube.com/watch?v=-_xotyeinSc,15:32 ja sam se cepao kad sam gledao ovu scenu prvi put. Legendarno!,positive,no
sr-00078,https://www.youtube.com/watch?v=-_xotyeinSc,Danas sam prvi put pogledao ovaj film u 21. godini. Šta sam čekao do sada?,positive,yes
sr-00079,https://www.youtube.com/watch?v=-_xotyeinSc,Ljudi jel se meni čini ili je Gangula današnji Gradonačelnik Beograda. Šapić Aleksandar,neutral,no
sr-00080,https://www.youtube.com/watch?v=-_xotyeinSc,Kakav danak neiskustvu,neutral,yes
sr-00081,https://www.youtube.com/watch?v=-_xotyeinSc,"Proslo je 22 godine od izlaska ovog remek dela. Hvala vam svima na emociji, i na suzama(od smeha). 20.06.2026 , I opet gledam ! )",positive,no
sr-00082,https://www.youtube.com/watch?v=-_xotyeinSc,"zivele semenke, semenke svih zemalja, ujedinite se!",positive,yes
sr-00083,https://www.youtube.com/watch?v=-_xotyeinSc,"Moj zivot da je osoba, bio bi Braca:",neutral,yes
sr-00086,https://www.youtube.com/watch?v=-_xotyeinSc,"Nebojša neprikosnovena glumčina, nitko mu neće nikada prići blizu.",positive,no
sr-00087,https://www.youtube.com/watch?v=-_xotyeinSc,doktor sa generacionalnim ragebaitom za živca,neutral,no
sr-00088,https://www.youtube.com/watch?v=-_xotyeinSc,"Koliko je ovaj film uticao na mlade u to doba, bukvalno su svi znali fore iz filma i rado ih koristili u svakodnevnom životu. Kultno remek delo....",positive,no
sr-00090,https://www.youtube.com/watch?v=-_xotyeinSc,Smuva li on Ines na kraju?,neutral,no
sr-00091,https://www.youtube.com/watch?v=-_xotyeinSc,"U ovom filmu, ko i ima lovu, psuje.",neutral,yes
sr-00092,https://www.youtube.com/watch?v=-_xotyeinSc,"Pre osam dana stavljen, 80 soma pregleda. Pa da. Molim.",positive,no
sr-00093,https://www.youtube.com/watch?v=-_xotyeinSc,Nikad ne dosadi!,positive,no
sr-00094,https://www.youtube.com/watch?v=-_xotyeinSc,-Ne pravi Bog razliku imeđu sveća -Vidiš da pravi,neutral,yes
sr-00095,https://www.youtube.com/watch?v=-_xotyeinSc,Jedan od boljih,positive,no
sr-00096,https://www.youtube.com/watch?v=-_xotyeinSc,"Nema dalje, nema najjači film",positive,no
sr-00098,https://www.youtube.com/watch?v=-_xotyeinSc,Poslednja prava komedija snimljena kod nas. Odličan film.,positive,no
sr-00099,https://www.youtube.com/watch?v=-_xotyeinSc,Kad Hrvati naprave ovakav film ja ću potpisati za Istvič.,neutral,no
sr-00101,https://www.youtube.com/watch?v=-_xotyeinSc,1:26:00 jel neko izvaljuje sve reference iz filma munje ;),neutral,no
sr-00102,https://www.youtube.com/watch?v=-_xotyeinSc,Koja je ovo crkva na početku filma?,neutral,no
sr-00103,https://www.youtube.com/watch?v=00onqy5JYzE,Na pocetku filma ja bih pre reko da je onaj mali sin od strica,neutral,yes
sr-00104,https://www.youtube.com/watch?v=00onqy5JYzE,"Kako su glumci ružni , krezavi , pomalo debilni , to je tako kad nemaš lepe glumce ,",negative,no
sr-00105,https://www.youtube.com/watch?v=00onqy5JYzE,Imam samo 12 godina ali preporučujem ovaj film,positive,no
sr-00106,https://www.youtube.com/watch?v=00onqy5JYzE,Definitivno film sa EX Yu govornog podrucija ubedljivo nabolji film respektabilan i za Holivud,positive,no
sr-00107,https://www.youtube.com/watch?v=00onqy5JYzE,"al bukvalno cijeli film mi je bio osmjeh na licu,po ko zna koji put ga gledam",positive,no
sr-00108,https://www.youtube.com/watch?v=00onqy5JYzE,"Da li mogu da vam pomognem da na film prikačimo i prevod? Predajem srpski, i nikako da nađem pravi način da i nematernji govornici/učenici srpskog mogu da gledaju. @inwires",neutral,no
sr-00109,https://www.youtube.com/watch?v=00onqy5JYzE,Predobar film za preporucit drugima da gledaju,positive,no
sr-00110,https://www.youtube.com/watch?v=00onqy5JYzE,"2026 -a i trajaće kroz generacije,jedan od naših najboljih filmova",positive,no
sr-00111,https://www.youtube.com/watch?v=00onqy5JYzE,Svaku repliku znam napamet. Posljednji film o sretnom i bezbrižnim vremenu..,positive,no
sr-00112,https://www.youtube.com/watch?v=00onqy5JYzE,Film koji dočarava mladalačku bezbrižnost i nesvesnost surovosti života odraslih na čijem pragu se nalaze.,positive,no
sr-00114,https://www.youtube.com/watch?v=00onqy5JYzE,"Glumci glumice za 10 neki su pokojni,al nikad se vise ovakvi glumci nece radjat...",positive,no
sr-00115,https://www.youtube.com/watch?v=00onqy5JYzE,"Imam ja svoju displinu, ja trcim u širinu! :)",positive,yes
sr-00116,https://www.youtube.com/watch?v=00onqy5JYzE,Jutarnja molitva,neutral,no
sr-00118,https://www.youtube.com/watch?v=00onqy5JYzE,"Gledao 30 put,najbolji film",positive,no
sr-00119,https://www.youtube.com/watch?v=00onqy5JYzE,"Ode i Šotra ,pokoj mu duši više se neće roditi koji će napraviti ovakve filmove",positive,no
sr-00120,https://www.youtube.com/watch?v=00onqy5JYzE,Kraj bi mogo biti i drukciji dobar je film ali bez dobrog kraja je,neutral,no
sr-00121,https://www.youtube.com/watch?v=00onqy5JYzE,Kad padnem u malu depresiju gledam Drzavni posao a u vecu onda gledam ovaj film.,positive,no
sr-00122,https://www.youtube.com/watch?v=00onqy5JYzE,Jedini film u kojem neces cuti JEDNU ruznu rec! Ni jednu......!,positive,no
sr-00123,https://www.youtube.com/watch?v=00onqy5JYzE,Šotra! Genijalac!,positive,no
sr-00124,https://www.youtube.com/watch?v=00onqy5JYzE,Ja gledam ovo i plačem ovo je najbolji film na svetu,positive,no
sr-00125,https://www.youtube.com/watch?v=00onqy5JYzE,Gospodine Šotra počivajte u miru,neutral,no
sr-00126,https://www.youtube.com/watch?v=00onqy5JYzE,Dobar filim za mene malo i tuzan posjete me na vremena dok sam ja išo u školu,positive,no
sr-00127,https://www.youtube.com/watch?v=00onqy5JYzE,Gledam jer nije bilo lektira u skoli,positive,no
sr-00128,https://www.youtube.com/watch?v=00onqy5JYzE,Ja sam se rodio da gledam ovaj najlepši film,positive,no
sr-00129,https://www.youtube.com/watch?v=00onqy5JYzE,Moja mama I ja smo voljele ovaj film I zajedno ga Gledale mnogo puta iako ga dobro znamo. Ona je preminula prije godinu dana ali meni ostaje lijepa uspomena..,positive,no
sr-00130,https://www.youtube.com/watch?v=00onqy5JYzE,Predivan film o jednom bezbriznom dobu...uvijek ga mogu ponovo gledati.,positive,no
sr-00131,https://www.youtube.com/watch?v=00onqy5JYzE,Svaku rečenicu znam napamet. Najlepši naš film. Hvala vam Šotra na ovakvom predivnom filmu. Počivajte u miru.,positive,no
sr-00132,https://www.youtube.com/watch?v=3mmdrrL5eVA,"Najbolja serija do sada, izuzetan tekst, kostimi, svaki i najmanji detalj filigransko snimljen, muzika cudovita , pun emocija bez grubosti, psovki i krvi. Istaknute sve pozitivne vrijednosti odgoja i drustvenog odnosa, koji su se izgubili u danasnjici bescutnosti i prostakluka. Zasto, zasto ne snimite jos serija po djelima Mir- Jam, vec gubite vrijeme na cudne filmove, a imate odlicne mlade glumce.",positive,no
sr-00133,https://www.youtube.com/watch?v=3mmdrrL5eVA,Ova serija me vraca u detinjstvo,positive,no
sr-00134,https://www.youtube.com/watch?v=3mmdrrL5eVA,najbolji film ikad snimljen reziseri glumci neprevazidjeni.100 puta sam gledao a do sad nisam ni jedan film gledao 2 puta,positive,no
sr-00135,https://www.youtube.com/watch?v=3mmdrrL5eVA,Serija je vrh umirujuca je,positive,no
sr-00136,https://www.youtube.com/watch?v=3mmdrrL5eVA,"Hej, Tek sad vidim, Brankica je odevena kao Meri Poppins, u cuvenoj staroj mjuzikl verziji te price! Cak I podseca na tu glumicu",neutral,no
sr-00138,https://www.youtube.com/watch?v=3mmdrrL5eVA,Najbolja serija svih vremena,positive,no
sr-00139,https://www.youtube.com/watch?v=3mmdrrL5eVA,"17ti put je gledam i nikad mi nece dosaditi,koliko ih obozavam,serija je najbolja",positive,no
sr-00140,https://www.youtube.com/watch?v=3mmdrrL5eVA,Kako su neprijatni na početku njihovi razgovori gahahhahaha,neutral,no
sr-00142,https://www.youtube.com/watch?v=3mmdrrL5eVA,Gledam neću li đe viđeti Karleušu ili Jovanu Jeremić ili bilo koju što gostuju kod Ami G tzv srbijanske celebrity,negative,yes
sr-00143,https://www.youtube.com/watch?v=3mmdrrL5eVA,nnajbolja serija na planeti ko se slaze samnom,positive,no
sr-00145,https://www.youtube.com/watch?v=3mmdrrL5eVA,Melodija u pozadini 47:50 molim vaaas,neutral,no
sr-00147,https://www.youtube.com/watch?v=3mmdrrL5eVA,"Tako je to nazalost,Kada ljubav nije obostrana.Nikome takva ljubav nije potrebana,bolje je ostati Sam nego u losem braku....",negative,no
sr-00148,https://www.youtube.com/watch?v=3mmdrrL5eVA,Kako divna serija,positive,no
sr-00150,https://www.youtube.com/watch?v=3mmdrrL5eVA,2025 nikad mi ne dosadi,positive,no
sr-00151,https://www.youtube.com/watch?v=3mmdrrL5eVA,Moram reći da ta žena liči na Anne Hathaway. Stvarno.,neutral,no
sr-00152,https://www.youtube.com/watch?v=3mmdrrL5eVA,"Ljiljana je u knjizi bila plava,nisam je zamišljala ovako.",negative,no
sr-00153,https://www.youtube.com/watch?v=3mmdrrL5eVA,"Divno,nestvarno,kao bajka...svi super, majka divna glumica",positive,no
sr-00154,https://www.youtube.com/watch?v=3mmdrrL5eVA,A sta glumite sa mokrom kosom je li jeste oprali kosu,neutral,yes
sr-00155,https://www.youtube.com/watch?v=3mmdrrL5eVA,"Ja sam vata iz Acinog srca. Predivna je serija. VOLIM da je gledam. Kad sve odgledam, gledam iznova i iznova.",positive,no
sr-00157,https://www.youtube.com/watch?v=3mmdrrL5eVA,"Dobra serija relaksirajuca, dobri glumci i dobra gluma- za svaku pohvalu!!!!",positive,no
sr-00158,https://www.youtube.com/watch?v=3mmdrrL5eVA,definitvo nam treba jos neka serija sa brankicom i bikovicem,positive,no
sr-00159,https://www.youtube.com/watch?v=3mmdrrL5eVA,Koliko ima samaca u braku,neutral,yes
sr-00160,https://www.youtube.com/watch?v=3mmdrrL5eVA,Kako od ovakvog doba i ovakve gospode dodjosmo dovde gde smo i kakvi smo sada?! Tuga!,negative,no
sr-00161,https://www.youtube.com/watch?v=3mmdrrL5eVA,Sve je u ovom filmu meni savrseno uradjeno.,positive,no
sr-00162,https://www.youtube.com/watch?v=3mmdrrL5eVA,"u ovoj prvoj epizodi ova cura mi se gadi , videcemo dalje",negative,no
sr-00163,https://www.youtube.com/watch?v=3mmdrrL5eVA,Evo usla sam da se iskljucim od ovog svakodnevog zivota i na miru da zaspim…Svake pola godine iznova gledam… Fanatasticna nesvakidasnja serija i prica… Glumci Obozavam Juliju,positive,no
sr-00164,https://www.youtube.com/watch?v=3mmdrrL5eVA,"Brankica Sebastijanovic - najsuptilnija lepota, cednost, stvorena za velike role svetske literature, one neobicne, nezne, prelepe, pametne devojke , zene....Da takvu ima Holivud, imala bi samo glavne uloge, a kod nas, osim ove glavne role ne znam nesto znacajnije da su joj dali...Vidim je kao Tanju Larinu, Nastasju Filipovnu, madam Bovari, Anu Karenjinu...na zalost, cudne su podele u srpskom glumistu. Volimo sve nase glumce, ali ovo je istina. Steta.",positive,no
sr-00165,https://www.youtube.com/watch?v=3mmdrrL5eVA,Brankica bolje da bude kafe kuvarica i neka se mane glume...očajna je,negative,no
sr-00166,https://www.youtube.com/watch?v=3mmdrrL5eVA,Ta vremena kad muškarac nije htio oženiti ženu ako nema dobar miraz a danas je obrnuta situacija. Sve se vraća sve se plaća,negative,yes
sr-00168,https://www.youtube.com/watch?v=3mmdrrL5eVA,Serija je bas lipa prije je sve bilo ljepše uvjek je gledam ponovo,positive,no
sr-00169,https://www.youtube.com/watch?v=3mmdrrL5eVA,"Sjajni glumci,sjajna serija,bravo....",positive,yes
sr-00172,https://www.youtube.com/watch?v=3mmdrrL5eVA,"Ko kaze da je jednom pregledao seriju, taj istinu ne govori Osjecaj koji imam svaki put kad je gledam je neopisiv, voljela bih da sam rodjena u ovakvom vremenu",positive,no
sr-00173,https://www.youtube.com/watch?v=3mmdrrL5eVA,ovo mi je omiljena serija,positive,no
sr-00174,https://www.youtube.com/watch?v=3mmdrrL5eVA,Divna serija. Glumci genijalni.,positive,no
sr-00175,https://www.youtube.com/watch?v=3mmdrrL5eVA,Grožđe u proleće,neutral,yes
sr-00176,https://www.youtube.com/watch?v=3mmdrrL5eVA,"Čestitke iz Hrvatske akademskom gnijezdu Košutnjak filma!!! Ni Hollywood nema, ni Zagreb, takve nepatvorene karakterne glumce!!! Obožavam ovu glumicu. Prelijepa je i nevjerojatno sliči mojoj kćerkici Mimi.",positive,no
sr-00178,https://www.youtube.com/watch?v=3mmdrrL5eVA,Ja se pitam zasto se u to vreme trazio miraz a sad se zeni ko kako hoce,neutral,no
sr-00179,https://www.youtube.com/watch?v=3mmdrrL5eVA,Mlada ko da je preparirana u seriji.,negative,yes
sr-00186,https://www.youtube.com/watch?v=3mmdrrL5eVA,Predivna serija!,positive,no
sr-00187,https://www.youtube.com/watch?v=3mmdrrL5eVA,Šteta pogrešno postavila brak nisu je roditelji naterali već Momcilo a serija je božanstvena,positive,no
sr-00188,https://www.youtube.com/watch?v=3mmdrrL5eVA,Uvek se vracam ovoj seriji.Toliko da mi nikad ne dosadi,positive,no
sr-00190,https://www.youtube.com/watch?v=3mmdrrL5eVA,Ima mnogo samaca u braku,neutral,yes
sr-00191,https://www.youtube.com/watch?v=3mmdrrL5eVA,Serija za Oskara. Predivna. Milos je pravi srpski glumac. Zelela bih da je nastave jos u par epizoda. Molba za Milosa i Brankicu.,positive,no
sr-00192,https://www.youtube.com/watch?v=3mmdrrL5eVA,Neznam gde pobeci. Od vas na broju,negative,yes
sr-00193,https://www.youtube.com/watch?v=3mmdrrL5eVA,"Prelepa serija. Cesto je gledam pre spavanja, daje tu neku nostalgiju koju cak ni ja sama nikad nisam dozivela. Stvarno prelepo",positive,no
sr-00197,https://www.youtube.com/watch?v=3mmdrrL5eVA,bikovic je lep covek u svakom smislu,positive,no
sr-00198,https://www.youtube.com/watch?v=3mmdrrL5eVA,Čudo da i ovdje Sloboda Mićalović nije uzela glavnu ulogu.,negative,yes
sr-00202,https://www.youtube.com/watch?v=3mmdrrL5eVA,"Ah ta ljubav, čednost i strast. Ništa ljepše nepostoji. Naravno ko ima tu sreću u životu da mu se da prava ljubav. Kome se neda, šja,postoje ovako prelijepe knjige za utjehu. U svakom slučaju prijatna i draga serija. Uživao sam gledajući. A tek ta prelijepa čedna i nježna glumica Brankica Sebastijanović je pravi Anđeo..",positive,no
sr-00203,https://www.youtube.com/watch?v=3mmdrrL5eVA,"Teta bravo, divna glumica a ljiljana i Radmilo, sad im je vreme za ovu svadbu... Divna serija",positive,no
sr-00204,https://www.youtube.com/watch?v=3mmdrrL5eVA,"Odlicna Dusanka Stojanovic Glid,kao kucna pomocnica Julija....",positive,no
sr-00205,https://www.youtube.com/watch?v=3mmdrrL5eVA,"Svaka čast na glumi, scenografiji, i naravno, Mir Jam na kreativnom umu koji je stvorio ovakvo umetničko filmsko delo! Malo lepša vremena nisu na odmet za doživeti, makar kroz male ekrane",positive,no
sr-00206,https://www.youtube.com/watch?v=3mmdrrL5eVA,"Mislim da je gledam već šesti ili sedmi put i svaki put uživam u ljubavi Ljilje i Radmila i svakodnevno uživam u svim iskušenjima koje život stavlja na put ovom mladom paru... Uživam da gledam lijepe manire , kako mladići poštuju djevojke i kako im se udvaraju...jedno divno prošlo vrijeme",positive,no
sr-00209,https://www.youtube.com/watch?v=3mmdrrL5eVA,Najbolja domaca serija posle Ranjenog orla Ali je bas prekratka,positive,no
sr-00210,https://www.youtube.com/watch?v=3mmdrrL5eVA,Najbolje serije su: samac u braku i jedne ljetne noci,neutral,no
sr-00212,https://www.youtube.com/watch?v=3mmdrrL5eVA,"Možete li, molim vas, dodati srpske titlove (automatski generisane). Ovo bi bila velika pomoć ljudima koji uče srpski. Hvala puno unapred",neutral,no
sr-00214,https://www.youtube.com/watch?v=3mmdrrL5eVA,"Seriju gledam po drugi put, a film sam gledala par puta 20.08.2025.",positive,no
sr-00216,https://www.youtube.com/watch?v=3mmdrrL5eVA,"Ova Ljiljana,premrsava kao Oliva",negative,yes
sr-00217,https://www.youtube.com/watch?v=3mmdrrL5eVA,"Uvijek se vraćam i gledam ovu seriju,najboljaa. Vraća u divna vremena kad sam.čitala svaki roman od Mir-Jam. Toliko sam uživala u njihovom.čitanju,ali ovaj je najbolji! Biković je ovo odglumio fenomenalno,niko drugi ovo ne bi iznio kao onČesto gledam seriju,dok obavljam kućne poslove pustim ovo po cio dan vrti. I nikad mi ne dosadi!Vrhunska",positive,no
sr-00218,https://www.youtube.com/watch?v=3mmdrrL5eVA,Volila bi da san iz ovoga vrimena. Svaku godinu iznova gledan seriju i uvik me odusevi.,positive,no
sr-00219,https://www.youtube.com/watch?v=3mmdrrL5eVA,Ovo mi je omiljena prica ove spisateljice. Mogu je gledati svaki dan! Cak sam narucila i knjigu jer predpostavljam da je knjiga uvijek potpunija nego serija. Izvaredna gluma!,positive,no
sr-00220,https://www.youtube.com/watch?v=3mmdrrL5eVA,"Serija koja se moze gledati uvek, malo mi je dosadna ova kucna pomocnica lose glumi",neutral,no
sr-00221,https://www.youtube.com/watch?v=3mmdrrL5eVA,odgovor vučica na rts1 u 19 glasova 10 12 2022,neutral,no
sr-00225,https://www.youtube.com/watch?v=3mmdrrL5eVA,"Predivna serija. Snimljeno sve kako treba. Priča, glumci, kostimografija, produkcija, a muzika .. uh muzika je top .. a Brankica je …. Jao kako patim Pozdrav Iz Istre",positive,no
sr-00226,https://www.youtube.com/watch?v=3mmdrrL5eVA,Prekrasna priča! Danas s djecom sam ju odgledala u jednom dahu! Cijelo vrijeme i gledali i oduševljavali se umjetnicima koji su radili na ovom filmskom remek-djelu! Uloga Julije ih je posebno taknula.,positive,no
sr-00227,https://www.youtube.com/watch?v=3mmdrrL5eVA,Ja imala 7 god kada se ovo snimalo 24:47,neutral,no
sr-00230,https://www.youtube.com/watch?v=3mmdrrL5eVA,"Kao tinejdjerka citala Sam Njene knjige, dok je svjet Jo's bio OK",negative,yes
sr-00231,https://www.youtube.com/watch?v=3mmdrrL5eVA,"Na danasnje vreme ne treba se udavati dok ne prođes bar 4,5 muskarca tek onda mozes imati neko iskustvo",neutral,yes
sr-00232,https://www.youtube.com/watch?v=3mmdrrL5eVA,Volim ovu seriju!!!!,positive,no
sr-00233,https://www.youtube.com/watch?v=3mmdrrL5eVA,100x sam pogledala i nikad mi nije dosadila.,positive,no
sr-00236,https://www.youtube.com/watch?v=3mmdrrL5eVA,"Prelepa serija ,koliko puta da je gledam uvjek bi je opet gledala.",positive,no
sr-00239,https://www.youtube.com/watch?v=3mmdrrL5eVA,Svaka cas na glumi,positive,no
sr-00240,https://www.youtube.com/watch?v=3mmdrrL5eVA,Sve sta bilo na piku kod mene na broj,neutral,no
sr-00241,https://www.youtube.com/watch?v=3mmdrrL5eVA,Divna serija nisam znaci sama koja gleda vise put ovu seriju,positive,no
sr-00242,https://www.youtube.com/watch?v=3mmdrrL5eVA,10.41 ovaj most mi isti kao u ẓ̌ikinoj dinastiji kad žika kaẓ̌e otišao da vatam ribu,neutral,no
sr-00243,https://www.youtube.com/watch?v=3mmdrrL5eVA,41:14 ne mogu se nagledati i naslušati,positive,no
sr-00244,https://www.youtube.com/watch?v=3mmdrrL5eVA,Serija koju gledam više puta,positive,no
sr-00245,https://www.youtube.com/watch?v=3mmdrrL5eVA,"Titlovano na engleski,Dno dna dokle je dosao konzumerizam i novac da seriju na svom jeziku gledate na engleskom jeziku,Dno",negative,no
sr-00248,https://www.youtube.com/watch?v=4kD_LmEGqcc,"Ne znam ćirilicu, jel može neko da mi objasni koja je priča sa onom ruskinjom i Alaksejom?",neutral,no
sr-00249,https://www.youtube.com/watch?v=4kD_LmEGqcc,Baća najbolji. Išli smo u Afriku.....,positive,yes
sr-00252,https://www.youtube.com/watch?v=4kD_LmEGqcc,Serija kida pratim vas od prvog filma znači samo tako nastavite maras i baca najjači. Nikad nisam vidio ovakav film JUZNI VETARRR,positive,no
sr-00253,https://www.youtube.com/watch?v=4kD_LmEGqcc,Ništa gluplje nije snimljeno od kako kamere postoje,negative,no
sr-00254,https://www.youtube.com/watch?v=4kD_LmEGqcc,Rekao bih da će i Crnogorka Vajova da se sveti,neutral,no
sr-00256,https://www.youtube.com/watch?v=4kD_LmEGqcc,"Zamislite da je npr Nikola Kojo glumio,Juzni Vjetar bi oborio sve rekorde a ne bio prosjecan film,npr Cetvrti Covjek sa Nikola Kojom koji nije imao ni blizu ovakav scenario je duplo bolji,steta sto nisu uzeli nekog ozbiljnijeg glumca ravnog ovom scenariju,a ne ovo dijete koje pojavom nimalo ne podsjeca niti ima taj filmski smek da igra ulogu kriminalca.Pozzz",negative,no
sr-00257,https://www.youtube.com/watch?v=4kD_LmEGqcc,"Amerikanci mogu samo željeti imati ovakvu kvalitetu filma i radnju, definitivno jedni od rijetkih koji su nastavili sa vrhunskom kinematografijom na prostorima bivše države. Nakon pregledanih svih dijelova i filma svaki put sam se pitao može li bolje, a uvijek novi dio ispadne iznad svih očekivanja i bolje od prethodnog!!! Ako se po jutru dan poznaje po traileru vidimo da će ovo biti top! Znači gori",positive,no
sr-00258,https://www.youtube.com/watch?v=4kD_LmEGqcc,Na kojem programu mogu gledati ovo u hrvatskoj,neutral,no
sr-00259,https://www.youtube.com/watch?v=4kD_LmEGqcc,"Naježio sam se,mislim da će bit ovo najjaca dosad !! Jedva čekamo ,i ja i žena",positive,no
sr-00263,https://www.youtube.com/watch?v=4kD_LmEGqcc,Na koji je to kanal na televiziji,neutral,no
sr-00265,https://www.youtube.com/watch?v=4kD_LmEGqcc,"Svaka scena oduzima dah, sreca pa je pandemija prosla",positive,no
sr-00267,https://www.youtube.com/watch?v=4kD_LmEGqcc,Najjača serija ikad. Nema lošeg filma/serije gde Biković glumi,positive,no
sr-00269,https://www.youtube.com/watch?v=4kD_LmEGqcc,Tako je Baćo neka si rekao,positive,no
sr-00270,https://www.youtube.com/watch?v=4kD_LmEGqcc,Javi svima da je i svečano otvorena sezona lova,neutral,no
sr-00272,https://www.youtube.com/watch?v=4kD_LmEGqcc,"Malo je reći od početka Južnog Vetra pa do sada,do frhunskih glumaca,ubedljivo će biti ova sezona najbolja i najzanimljivija!!!Svaka čast,kidate i idalje ste najbolji kao i uvek cela ekipa!!!",positive,no
sr-00274,https://www.youtube.com/watch?v=4kD_LmEGqcc,Kaze moja baba crveni ide u penziju ko i ja nikad,neutral,yes
sr-00275,https://www.youtube.com/watch?v=4kD_LmEGqcc,Jednom davno jedan mudri baca je reko znam ja ovog indijanca,positive,yes
sr-00276,https://www.youtube.com/watch?v=4kD_LmEGqcc,Jedva čekam novi film. Imate moju podršku da se svaki put vratite još jači.,positive,no
sr-00277,https://www.youtube.com/watch?v=4kD_LmEGqcc,Dopada mi se najava za nadolazecu sezonu.Verujem da cu uzivati dok budem gledala seriju.,positive,no
sr-00280,https://www.youtube.com/watch?v=4kD_LmEGqcc,"Katastrofa od serije, muzika užas,toliko jaka da ne može da se prati serija. Ovog Bikovića forsiraju jer tu ima neko veliku zaradu. Jednostavno rečeno KATASTROFA. Novokomponovane serije ne gledam više.",negative,no
sr-00281,https://www.youtube.com/watch?v=4kD_LmEGqcc,Samo da ne unistite seriju kao što ste drugi deo filma!!,negative,no
sr-00283,https://www.youtube.com/watch?v=4kD_LmEGqcc,Zašto dama pije sama...,neutral,yes
sr-00285,https://www.youtube.com/watch?v=4kD_LmEGqcc,Hrvati su najstariji narod,neutral,yes
sr-00286,https://www.youtube.com/watch?v=4kD_LmEGqcc,Gdje se mogu gledati serije???,neutral,no
sr-00288,https://www.youtube.com/watch?v=4kD_LmEGqcc,au najbolji do sad,positive,no
sr-00289,https://www.youtube.com/watch?v=4kD_LmEGqcc,Najjaca serija majke mi,positive,no
sr-00293,https://www.youtube.com/watch?v=4kD_LmEGqcc,Au najezi se svaka cast,positive,no
sr-00295,https://www.youtube.com/watch?v=4kD_LmEGqcc,Gde moze da se gleda serija za sezonu 2 i tri? Samo bilm mogu da nadjem za 2. A trecu ni film ni seriju,neutral,no
sr-00296,https://www.youtube.com/watch?v=4kD_LmEGqcc,Zna li neko gde ce se emituje?,neutral,no
sr-00297,https://www.youtube.com/watch?v=4kD_LmEGqcc,Oce biti premijera u bioskopu kao film il na rts svake nedelje,neutral,no
sr-00300,https://www.youtube.com/watch?v=4kD_LmEGqcc,To je to samo nastavite i da snimite jos 5 sezona serije i filma 10 tka,positive,no
sr-00301,https://www.youtube.com/watch?v=4kD_LmEGqcc,Al ce klinci da se loze na kriminal,negative,no
sr-00302,https://www.youtube.com/watch?v=4kD_LmEGqcc,"S obzirom koliko su para potrosili na seriju mogli su ju realnije napravit,ovo djeluje koda je radeno za klince u osnovnoj skoli‍",neutral,no
sr-00306,https://www.youtube.com/watch?v=4kD_LmEGqcc,Ton u serije nije uravnotežen.Preglasna muzika u pojedinim trenucima.,negative,no
sr-00310,https://www.youtube.com/watch?v=4kD_LmEGqcc,Kad izlazi serija,neutral,no
sr-00311,https://www.youtube.com/watch?v=4kD_LmEGqcc,Vucicevi stakori...pojmasi od glume,negative,yes
sr-00313,https://www.youtube.com/watch?v=4kD_LmEGqcc,Topina jedva cekam da gledam u subotu,positive,no
sr-00314,https://www.youtube.com/watch?v=4kD_LmEGqcc,Kako da nadjem tu seriju,neutral,no
sr-00315,https://www.youtube.com/watch?v=4kD_LmEGqcc,Super što ste ubacili žene u radnju.,negative,yes
sr-00316,https://www.youtube.com/watch?v=4kD_LmEGqcc,"Jel moze da mi neko kaze neku stranicu, gde mogu na internetu da gledam seriju..",neutral,no
sr-00318,https://www.youtube.com/watch?v=4kD_LmEGqcc,Trejler je super nemogu da docekam film,positive,no
sr-00324,https://www.youtube.com/watch?v=4kD_LmEGqcc,"Šta mogu reći osim da film predstavlja realnost ili beogradski gas , gde je gudra postala trend. Ako nam čovek na čelu države dozvoljava da ovo ide na tv-u , znači da se i sam pali na kriminal .",negative,yes
sr-00325,https://www.youtube.com/watch?v=4kD_LmEGqcc,"Previse nasilja u seriji,kakav primer dajete omladini?Reditelje i glumce novcano kazniti debelo!",negative,no
sr-00327,https://www.youtube.com/watch?v=4kD_LmEGqcc,"Dva Holivudska glumca doveli,svaka im cast. Dejvid Boldvil je onaj bez naocara",neutral,yes
sr-00329,https://www.youtube.com/watch?v=4kD_LmEGqcc,"Gledam turske krimi serije.. . Tek sad vidim koliko je nasa gluma ""losa""...",negative,no
sr-00336,https://www.youtube.com/watch?v=4kD_LmEGqcc,Gdje se moze ovo gledat iz pocetka ???,neutral,no
sr-00340,https://www.youtube.com/watch?v=4kD_LmEGqcc,Ova dva Amerikanca nemaju posla u svojoj državi pa su došli ovde.,negative,yes
sr-00343,https://www.youtube.com/watch?v=4kD_LmEGqcc,Dal ce se prikazivati serija i na RTS SVET?,neutral,no
sr-00344,https://www.youtube.com/watch?v=4kD_LmEGqcc,"Ja ne znam kako ljudi mogu gledati ovo smeće. Odgledao sam prvu sezonu preko kanala RTL2 jer se ovo slavi kao jedno od ""najboljih i najnapetijih ostvarenja balkanske kinematografije"". Očekivao sam nešto wow, nešto moćno, fantastično odglumljeno, vrhunski izrežirano i nevjerojatno napisano... I razočarao sam se unutar prve epizode. Gluma je amaterska i jeftina. Kao da gledam neke jadnike koji pokušavaju ispasti opaki iako nisu ni blizu tome. Da usporedimo to se Ardenom Barjaktarjem u Besi (uvjerljivo superiornijoj srpskoj seriji) koji je svog lika doveo do nevjerojatne kompleksnosti, a iz njega izlazi surova moć i aura straha. Da se sretnem s čovjekom u liftu ja bi se pošteno upiškio. Svi glumci u Južnom vetru preglumljavaju i izigravaju neke macho likove kojima bi se smijao da ih sretnem u stvarnosti. Scenarij je užaasan i spada na najnižije i najjeftinije clichee koje smo već viđali u sličnim akcijiskim i krimi produkcijama raznih zemalja, od SAD-a pa nadalje. Tryhard, edgy, amaterski, a doima se kao da ga je napisao učenik petog razreda osnovne, a ne odrastao kompetentan scenarist. Čak i da se izbaci element da serija glorificira kriminal te je poslužila inspiracija za stvarnu zločinačku scenu, scenarij ne postaje dobar. Glazba je bljutava i jedva sam kroz svaku epizodu prosjedio koliko su mi uši krvarile od nje. Uglavnom, totalno smeće za koje su izdvojeni preveliki novci.",negative,yes
sr-00353,https://www.youtube.com/watch?v=4kD_LmEGqcc,"Biće biće, jako napeto! Osećam!",neutral,no
sr-00356,https://www.youtube.com/watch?v=4kD_LmEGqcc,"Svaki element projekta je svaki put sve bolji, svaka cast!",positive,no
sr-00360,https://www.youtube.com/watch?v=4kD_LmEGqcc,"hahha eee sinovci 92% istinske realnosti trenutne prikazuje se kroz FILM! BUM,BUM samo ‍",neutral,no
sr-00364,https://www.youtube.com/watch?v=4kD_LmEGqcc,"Prva epizoda je krenula mnogo komplikovano i glupo,odmah rafali,odmah juriš,odmah akcija,pa ne ide tim redom ,akcija je na kraju",negative,no
sr-00365,https://www.youtube.com/watch?v=4kD_LmEGqcc,Jedna od najgorih serija ikada. Za klince je ovo kidanje i najbolje. Ali ovo je totalno smece od serije,negative,no
sr-00368,https://www.youtube.com/watch?v=4kD_LmEGqcc,"Brutalna glumačka ekipa, dopada mi se što je uključeno i puno stranaca",positive,no
sr-00375,https://www.youtube.com/watch?v=4kD_LmEGqcc,Nije ovo Kiosk bre. Övo je firmmaaaa,neutral,yes
sr-00379,https://www.youtube.com/watch?v=4kD_LmEGqcc,Nisam srecnik za to Al aj da probam,neutral,yes
sr-00380,https://www.youtube.com/watch?v=4kD_LmEGqcc,"Ova serija je fenomenalna moja preporuka da pogledate sve sezone ove serije svaka cast za glumce I reditelja,najbolji glumci reditelji sve je beskonacno dobro svaka cast momci gluma nije lak posao svaka cast i daj boze da snimate jos I da ste svi zivi I zdravi,VOLI VAS CEO SVET",positive,no
sr-00382,https://www.youtube.com/watch?v=4kD_LmEGqcc,Juzni vetar nema granica ni vreme,neutral,no
sr-00385,https://www.youtube.com/watch?v=4kD_LmEGqcc,Napeta serija zaslužuje veću ocjenu na IMDB!!,positive,no
sr-00386,https://www.youtube.com/watch?v=4kD_LmEGqcc,Najveća greška je sto serija ne može da se bindžuje,neutral,no
sr-00388,https://www.youtube.com/watch?v=4kD_LmEGqcc,"Kakav god trejler,film,seriju izbacili nikad nemože biti nešto loše.NAJJAČA EKIPA IKAD!!!",positive,no
sr-00392,https://www.youtube.com/watch?v=4kD_LmEGqcc,Hoce li biti serija ili film?,neutral,no
sr-00401,https://www.youtube.com/watch?v=4kD_LmEGqcc,NAJSTARIJI NAROD SRBI,neutral,yes
sr-00402,https://www.youtube.com/watch?v=4kD_LmEGqcc,"U Americi sam Kako ovu seriju da gledam na internetu,mislim legalno? Sta da ukucam,Netflix?",negative,yes
sr-00405,https://www.youtube.com/watch?v=4kD_LmEGqcc,Ovo parodija John Wicka,negative,yes
sr-00406,https://www.youtube.com/watch?v=4kD_LmEGqcc,Najstariji narod pjeva ,neutral,yes
sr-00411,https://www.youtube.com/watch?v=Jct6LAGC-pU,sta gleda ova glupa generacija ??,negative,yes
sr-00412,https://www.youtube.com/watch?v=Jct6LAGC-pU,57:48 koja je ovo pesma u pozadini,neutral,no
sr-00414,https://www.youtube.com/watch?v=Jct6LAGC-pU,"27:24 , Marina je tu u crvenoj jakni izgledala najbolje..",positive,no
sr-00415,https://www.youtube.com/watch?v=Jct6LAGC-pU,Maestralno!Žika je jedan od retkih potomaka slavnih glumaca koji je nasledio očev talenat i profesionalno ga dostigao!,positive,no
sr-00416,https://www.youtube.com/watch?v=Jct6LAGC-pU,"Kakva filmčina naše mladosti, više manje smo točno tako živjeli i točno tako završili :)",positive,no
sr-00418,https://www.youtube.com/watch?v=Jct6LAGC-pU,"Obozavam ove romanticne pesme od Vampira,najromanticnije su i fenomenalne Pretuzno je da imamo bas malo romanticnih filmova,verovatno je najteze glumiti ljubav,lako je glumiti kriminalca,mafijasa,ratnika,ali glumiti ljubav ne. Ovo je jedan od nasih najboljih ljubavnih filmova,najbolja uloga Nikole Koje,vec 2. deo je losiji nazalost. Milena Pavlovic prirodna devojka,Branka Katic najharizmaticnija nasa glumica ikada,ovo su lepotice,a ne danasnje izvestacene zene koje muskarci smatraju lepima. Poruka filma je sjajna,Nikola ipak bira porodicu i pravu ljubav,a ne devojke za prolazna zadovoljstva na jednu noc.Nazalost,nije ovako u realnosti u kojoj muskarci biraju prolazna zadovoljstva i bitan im je samo fizicki izgled... Zaista fantastican scenario. Gledam film par dana pre Nove godine,srecna svima Nova 2026. godina,volela bih da nasa kinematografija ozivi iz mrtvih,da ponovo snimimo ovako nesto i da se ponovo ceni najvrednija stvar na svetu,a to je ljubav",positive,yes
sr-00421,https://www.youtube.com/watch?v=Jct6LAGC-pU,Ovo je jedan od najboljih filmova ikada u istoriji covecanstva. Ne znam koliko je ljudi svestno toga,positive,no
sr-00422,https://www.youtube.com/watch?v=Jct6LAGC-pU,"Kultni film, film nase mladosti, pun replika koje i danas koristimo.",positive,no
sr-00424,https://www.youtube.com/watch?v=Jct6LAGC-pU,"1:22:58 da li neko zna kako se zove ova pesma,nigde ne mogu da je nadjem :(",neutral,no
sr-00427,https://www.youtube.com/watch?v=Jct6LAGC-pU,45:07 Bogdan Diklić ko Dejvid Geta,neutral,yes
sr-00428,https://www.youtube.com/watch?v=Jct6LAGC-pU,Nisam ti ja Majka!,neutral,yes
sr-00429,https://www.youtube.com/watch?v=Jct6LAGC-pU,Film je glup,negative,no
sr-00431,https://www.youtube.com/watch?v=Jct6LAGC-pU,"Filmicina hvala sto si postavio pratim te,gledao sam ga bezbroj puta i nikad ne dosadi sa ovakvom ekipom poz",positive,no
sr-00435,https://www.youtube.com/watch?v=Jct6LAGC-pU,Dok je Beograd bio grad i dok su šmekeri još uvek postojali,neutral,yes
sr-00436,https://www.youtube.com/watch?v=Jct6LAGC-pU,Kako su se beogradjanke nekad izdvajale po svemu aoo...jedva smo cekali da dodje ljeto da dodju na more po svemu jedinstvene su bile izgled oblacenje ponasanje stav hod šarm prica sve...i to se izgubilo skroz nazalost,negative,no
sr-00437,https://www.youtube.com/watch?v=Jct6LAGC-pU,"Sećam se da sam te godine gledao dodelu nekakvih filmskih nagrada, i da su sve odneli Anđeli i Crni bombarder. Da, nije bilo nikakvo čudo da se dodeljuju filmske nagrade i da u jednoj godini imamo takva dva ostvarenja. Sad jedva da pravimo bilo šta vredno pažnje...",negative,no
sr-00442,https://www.youtube.com/watch?v=Jct6LAGC-pU,Majko mila kakva ljepotica od zene sto glumi Racinu sestru od tetke sto plese sa Nikolom na podijumu,neutral,no
sr-00443,https://www.youtube.com/watch?v=Jct6LAGC-pU,Od svih replika iz Andjela ne može čovek da se odluči koja je najbolja.Sve su vrhunske i dan danas rado ih ponavljam.Hvala Srdjanu Dragojeviću na filmu za večnost,positive,no
sr-00445,https://www.youtube.com/watch?v=Jct6LAGC-pU,Jedan od posljednjih filmova koje je iznjedrila Jugoslovenska kinematografija. Najbolji vrhunski glumci.,positive,no
sr-00447,https://www.youtube.com/watch?v=NzsWabihv54,"Glogi….. kakva je to bila glumčina , takvi se više ne radjaju ..",positive,no
sr-00449,https://www.youtube.com/watch?v=NzsWabihv54,Kakav film.gledao sam ga ne znam koliko puta. I uvek emocije su jake. bravo svima.,positive,no
sr-00450,https://www.youtube.com/watch?v=NzsWabihv54,Ova Tijana stvarno nervira...,negative,no
sr-00451,https://www.youtube.com/watch?v=NzsWabihv54,"Remek - delo...Dragi naš Glogi, nikad prežaljeni, a kamoli prevaziđeni, koliko nam nedostaješ...",neutral,no
sr-00452,https://www.youtube.com/watch?v=NzsWabihv54,"Ja mislim da samo mi Srbi smo ti koji bi radije ostali u svom domu dok padaju bombe, nego trcali u sklonište! Ja sam imala 10 godina kad je ovo bilo, i mene je mama vodila u sklonište, ali ovo kad gledam, i ovu hrabrost, ovaj INAT SRPSKI, dodje mi da zaplačem! Nista jace od INATA!",positive,no
sr-00453,https://www.youtube.com/watch?v=NzsWabihv54,"Kakva ribica je bila Kaja Žutić...Šteta što se nije razmnožavala, ima odličnu genetiku.",positive,yes
sr-00454,https://www.youtube.com/watch?v=NzsWabihv54,"Celo bombardovanje sam proveo na basketaskom iza srednje skole. Da, mator sam",neutral,yes
sr-00458,https://www.youtube.com/watch?v=NzsWabihv54,"Koliko je Ana Sofrenović loša glumica, to boli...",negative,yes
sr-00459,https://www.youtube.com/watch?v=NzsWabihv54,"Kako god, uvijek nevini nastradaju. Ko rat želio u kući mu bio 24/7",negative,yes
sr-00460,https://www.youtube.com/watch?v=NzsWabihv54,"Imao sam 17 godina '99 i bilo mi je super. Sad tek, posle toliko godina shvatam šta su nam sotone sa zapada uradile...sve im najgore želim i pocrkali do poslednjeg!",negative,yes
sr-00461,https://www.youtube.com/watch?v=NzsWabihv54,Top film!porodični i porodične stvari.,positive,no
sr-00462,https://www.youtube.com/watch?v=NzsWabihv54,Nikad nisam plako kad je film u pitanju osim u ovome mamu vam beogradani al vas volim,positive,no
sr-00463,https://www.youtube.com/watch?v=Ps4AgSVrBm0,"Jest odglumio bosanca, prejako",positive,no
sr-00464,https://www.youtube.com/watch?v=Ps4AgSVrBm0,Serija iz doba smisla,positive,no
sr-00466,https://www.youtube.com/watch?v=Ps4AgSVrBm0,Jedna od boljih,positive,no
sr-00467,https://www.youtube.com/watch?v=Ps4AgSVrBm0,"Kakva serija kako se nekad ovo sa uzivanjem gledalo dok smo bili klinci, kako me vraca u neko lepse vreme",positive,no
sr-00468,https://www.youtube.com/watch?v=Ps4AgSVrBm0,"Najbolja serija snimljena u tom periodu, a slobodno može ući u top 15 posle 2000-tih",positive,no
sr-00469,https://www.youtube.com/watch?v=Ps4AgSVrBm0,"Čoveče,koji flashback",positive,no
sr-00470,https://www.youtube.com/watch?v=Ps4AgSVrBm0,Nemojte razvlaciti sadrzaj snimljen u 4:3 formatu izgleda uzasno,negative,no
sr-00471,https://www.youtube.com/watch?v=Ps4AgSVrBm0,Plagijat na Bitange i Princeze,negative,no
sr-00472,https://www.youtube.com/watch?v=Ps4AgSVrBm0,Fenomenalna serija,positive,no
sr-00473,https://www.youtube.com/watch?v=Ps4AgSVrBm0,Jedna od jacih serija,positive,no
sr-00474,https://www.youtube.com/watch?v=Ps4AgSVrBm0,"Bravo kao da je juče bilo, prođe 14 godina..",positive,no
sr-00475,https://www.youtube.com/watch?v=Ps4AgSVrBm0,Nisam znao da glumi Nikola Kojo,neutral,no
sr-00476,https://www.youtube.com/watch?v=Ps4AgSVrBm0,"Super serija sem ove smaračice Nikoline, očajna je",positive,no
sr-00477,https://www.youtube.com/watch?v=Ps4AgSVrBm0,Obozavala sam ovu seriju Jel moguce da je ovoliko proslo godina????,neutral,no
sr-00478,https://www.youtube.com/watch?v=Ps4AgSVrBm0,Ovo zbog sergeja necu gledati,negative,no
sr-00479,https://www.youtube.com/watch?v=Ps4AgSVrBm0,"Odlicna serija super glumci ,posebno Kojo meni omiljeni glumac...",positive,yes
sr-00480,https://www.youtube.com/watch?v=Ps4AgSVrBm0,Kada počinje serija?,neutral,no
sr-00481,https://www.youtube.com/watch?v=Ps4AgSVrBm0,Krivo je more teška je to pjesma JAKOOO,neutral,yes
sr-00482,https://www.youtube.com/watch?v=Ps4AgSVrBm0,"Jedva čekanjeee predobrih, prelepih i talentovanih glumaca!",positive,no
sr-00483,https://www.youtube.com/watch?v=Ps4AgSVrBm0,Pahuljice jedu samo oni koji neznaju da kuvaju,negative,yes
sr-00484,https://www.youtube.com/watch?v=Ps4AgSVrBm0,"Ala je otpevao na kraju, svaka cast, nije laka pesma..",positive,no
sr-00485,https://www.youtube.com/watch?v=Ps4AgSVrBm0,"Ovu seriju je ubila dužina uvodne špice i ništa više. To je ogroman problem i čudi me da niko nije to prokomentarisao. 3 minuta traje uvodna špica za sitkom?! Neviđen propust, a čini mi se da se to redovno dešava tom reditelju.",negative,no
sr-00486,https://www.youtube.com/watch?v=Ps4AgSVrBm0,Iznenađujete nas sa serijama u posljednje vrijeme,neutral,yes
sr-00487,https://www.youtube.com/watch?v=Ps4AgSVrBm0,"Ovo se cekalo, odlicna serija, hvala rtsu na prikazivanju.",positive,no
sr-00488,https://www.youtube.com/watch?v=Ps4AgSVrBm0,Predivna serija,positive,no
sr-00489,https://www.youtube.com/watch?v=Ps4AgSVrBm0,Hvalaa najlepse oboozavam ovu seriju,positive,no
sr-00490,https://www.youtube.com/watch?v=Ps4AgSVrBm0,"Bravo kao da je juče bilo, prođe 15 godina..",positive,no
sr-00491,https://www.youtube.com/watch?v=Ps4AgSVrBm0,Ovu seriju sam gledao na rts 1 nešto malo kod babe i dede kad sam bio mali.i svidela mi se i odlična je.,positive,no
sr-00492,https://www.youtube.com/watch?v=Ps4AgSVrBm0,Anđela..zbog tebe sam zavolio ovu seriju.,positive,no
sr-00493,https://www.youtube.com/watch?v=T3eoijKZrNs,Hvala vam što vraćate stare epizode! Već sam se bila uplašila da ih više neće biti. Mnogo volim ovu seriju i ogroman je njen značaj u mom životu.,positive,no
sr-00494,https://www.youtube.com/watch?v=T3eoijKZrNs,Kultna serija datog vremena.Neponovljivo,positive,no
sr-00495,https://www.youtube.com/watch?v=T3eoijKZrNs,"Legendarna serija,serija mog detinjstva",positive,no
sr-00496,https://www.youtube.com/watch?v=T3eoijKZrNs,"Odlično, svaka čast! Samo još jedan predlog, da ubacite prevode za strance, šteta da ovo propuste!",positive,no
sr-00497,https://www.youtube.com/watch?v=T3eoijKZrNs,Remasterizujte sveeee! Pliz!,neutral,no
sr-00499,https://www.youtube.com/watch?v=T3eoijKZrNs,Katarinin nacin odevanja u to vreme je bio sok.Ipak su to bile devedesete.,neutral,no
sr-00500,https://www.youtube.com/watch?v=T3eoijKZrNs,"Zanimljivo sto posle 8 dana od kad je okacena ova HD verzija ima 139 pregleda, za par meseci kad ljudi pocnu da gledaju to ce biti sigurno mnogo veca brojka. Pozz za produkciju Monte Royal",neutral,no
sr-00501,https://www.youtube.com/watch?v=T3eoijKZrNs,"Jedina serija 90-ih u kojoj nema psovki,prostakluka. Žao mi je što ne odgledah tada",positive,no
sr-00502,https://www.youtube.com/watch?v=T3eoijKZrNs,Samo da se vrati nova sezona i miran sam,neutral,no
sr-00503,https://www.youtube.com/watch?v=T3eoijKZrNs,Hvala što ste vratili seriju na YouTube,positive,no
sr-00504,https://www.youtube.com/watch?v=T3eoijKZrNs,Koliko je iritantan ovaj nalepljeni logo koji veze nema s estetikom serije.,negative,no
sr-00506,https://www.youtube.com/watch?v=T3eoijKZrNs,Da li je moguce da se ubace engleski titlovi?,neutral,no
sr-00507,https://www.youtube.com/watch?v=T3eoijKZrNs,2024g gledam i sećam se,neutral,no
sr-00508,https://www.youtube.com/watch?v=T3eoijKZrNs,"Da li postoje neki prevodi ove serije na engleski ili spanski ? Pokušavam godinu dana da je pustim cimerima i nema šanse. Čudno da neko do sada nije napravio. Help. Inače, super za remaster.",positive,no
sr-00509,https://www.youtube.com/watch?v=T3eoijKZrNs,"Da li je moguće da su vam u playlisti prve sezone epizode poređane od poslednje ka prvoj? Popravite to. Epizode u playlisti treba da budu od najstarije ka novijim, da bi moglo da se gleda i da lista ima smisla",negative,no
sr-00510,https://www.youtube.com/watch?v=T3eoijKZrNs,24:00 Vi ste geniji!,neutral,no
sr-00511,https://www.youtube.com/watch?v=T3eoijKZrNs,Mamine replike - vrh dramske umjetnosti!,negative,yes
sr-00512,https://www.youtube.com/watch?v=T3eoijKZrNs,Najbolja serija iz 90-ih ikada...,positive,no
sr-00513,https://www.youtube.com/watch?v=T3eoijKZrNs,Vesna Trivalic je ovde imala 28 godina,neutral,no
sr-00514,https://www.youtube.com/watch?v=T3eoijKZrNs,"Izbacite sve epizode molim vas,svaka čast i hvala",positive,no
sr-00515,https://www.youtube.com/watch?v=T3eoijKZrNs,"""Da ne bismo ulazili sad u to, ko je ovde lud a ko paranormalan""",negative,yes
sr-00516,https://www.youtube.com/watch?v=T3eoijKZrNs,"Hvala ti do neba. A snimak je ne može bolji, konačno da odgledam ponovo.",positive,no
sr-00517,https://www.youtube.com/watch?v=T3eoijKZrNs,Delča je zaista bio genije. Kao i Olivera Marković.,positive,no
sr-00518,https://www.youtube.com/watch?v=T3eoijKZrNs,"Sećam se kada se pojavila serija. Bio sam jako srećan kada sam video da nisam jedini klinac koji gleda prenose Narodne skupštine. Inače, tada se pojavila i serija ""Srećni ljudi"", koja je bila narodna, a ova serija važila je za mix EKV+Partibrejkersi+Bajaga i instruktori. Da se muzički izrazim. :D",positive,yes
sr-00519,https://www.youtube.com/watch?v=T3eoijKZrNs,Katarinin monolog je nesto genijalno.,positive,no
sr-00520,https://www.youtube.com/watch?v=T3eoijKZrNs,Serija je fenomenalna! Hvala!,positive,no
sr-00521,https://www.youtube.com/watch?v=T3eoijKZrNs,"Bravo,serija,glumci sve...a toliko godina prodje",positive,yes
sr-00522,https://www.youtube.com/watch?v=T3eoijKZrNs,Neprevaziđena Vesna Trivalić ove današnje generacije glumaca da gledaju i da se uče.,neutral,no
sr-00523,https://www.youtube.com/watch?v=T3eoijKZrNs,Hvala Vam od srca. Izuzetna serija sa humorom koji nikada neće dosaditi.. Samo što ne znaju svi to da cene jer ne mogu taj humor da prepoznaju..,positive,no
sr-00524,https://www.youtube.com/watch?v=i_K0Z3jeZL0,Gledam ga vec 6 put i nije mi se smucilo,positive,no
sr-00525,https://www.youtube.com/watch?v=i_K0Z3jeZL0,Djumruk mu dodje ugljen. Eto znam strani jezik malo.,neutral,yes
sr-00526,https://www.youtube.com/watch?v=i_K0Z3jeZL0,12:05 rešenje je -pi/2 a ne samo pi/2.,neutral,yes
sr-00527,https://www.youtube.com/watch?v=i_K0Z3jeZL0,"Film mog detinjstva, a takođe sam zato upisala gimnaziju, a bila sam zaista razočarana što moj razred nije takav al' ajde",positive,no
sr-00528,https://www.youtube.com/watch?v=i_K0Z3jeZL0,Ja sam dete sa 9 godina i ovo mi je omiljen film a moje drugarice ni ne znaju za taj film,neutral,no
sr-00530,https://www.youtube.com/watch?v=i_K0Z3jeZL0,Nikad neće biti sabrato ovoliko znastvenih Srba u nekom kulturnom ostvarenju,positive,no
sr-00533,https://www.youtube.com/watch?v=i_K0Z3jeZL0,Ja ovo gledam miliona puta!!!,positive,no
sr-00534,https://www.youtube.com/watch?v=i_K0Z3jeZL0,"Film je zapravo bogato producirana, tendenciozna i patetična laž.",negative,no
sr-00535,https://www.youtube.com/watch?v=i_K0Z3jeZL0,"A onda je došao ,karadjordje,pašić,ranković,djilas,tito...Posle nikako da se oslobodimo komunista ,pa eto pokojnog Slobe, NVO ,domačih špijuna i naravno,pink,koji su nas odvojili od, tradicije ,istorije ,vrednosti,morala,kulture i lepote življenja.Film za 10.",positive,yes
sr-00536,https://www.youtube.com/watch?v=i_K0Z3jeZL0,"Predivni steeee ,haha sve mangup do mangupa .........",positive,no
sr-00538,https://www.youtube.com/watch?v=i_K0Z3jeZL0,Ovo je remek delo ni sam ne znam koliko puta sam ga gledao i svaki put kao da je prvi,positive,no
sr-00539,https://www.youtube.com/watch?v=i_K0Z3jeZL0,Ja sam odusevljena,positive,no
sr-00541,https://www.youtube.com/watch?v=i_K0Z3jeZL0,"Odlican film.Lepo receno i tacno. Samo veliko znanja i cestit rad ostavlja traga. Bez moralnosti ti nema ni temeljnog znanja ,a ni cestitog rada.Moralnost i lepota zivota se uce od malih nogu. Najveci covek prijatelj su zdrava porodica i ucitelji,nastavnici, profesori.",positive,no
sr-00542,https://www.youtube.com/watch?v=i_K0Z3jeZL0,Prekrasan film Podsjeća me na priče mog pokojnog supruga o njegovim gimnazijskim danima Hvala!,positive,no
sr-00543,https://www.youtube.com/watch?v=i_K0Z3jeZL0,Ali osmica simbolizira beskonacnost,positive,yes
sr-00544,https://www.youtube.com/watch?v=i_K0Z3jeZL0,Moj najdraži filmm!,neutral,no
sr-00545,https://www.youtube.com/watch?v=i_K0Z3jeZL0,Od 1:37:41 do 1:38:19 scena da se naježiš.Film koji nikad neću prestat gledati,neutral,no
sr-00546,https://www.youtube.com/watch?v=i_K0Z3jeZL0,Ovde glumi Ivan Bosiijčić profesora muzičkog‍‍‍,neutral,no
sr-00547,https://www.youtube.com/watch?v=i_K0Z3jeZL0,"Isus je Put, Istina i Život",neutral,no
sr-00548,https://www.youtube.com/watch?v=i_K0Z3jeZL0,A jel izvuko on one ribe ili,neutral,yes
sr-00549,https://www.youtube.com/watch?v=i_K0Z3jeZL0,Obe verzije ovog filma su odlicne bas kao i glumacke ekipe.,positive,no
sr-00550,https://www.youtube.com/watch?v=i_K0Z3jeZL0,Ti nepogresivi su najveci problem,negative,yes
sr-00553,https://www.youtube.com/watch?v=i_K0Z3jeZL0,"Prekrasna serija , divni glumci ,sa toliko kulture , obozavam ovu seriju ......",positive,no
sr-00554,https://www.youtube.com/watch?v=i_K0Z3jeZL0,"Nekada se pjevala serenade, a sada sere nada",negative,yes
sr-00555,https://www.youtube.com/watch?v=i_K0Z3jeZL0,Mangupski film kao sto profesor kaze...ekipa glumaca je vrhunska da bi Holivud pozavidio .film VRHUNSKI a poenta je najbitnija ....POŠTOVANJE I OBRAZOVANJE,positive,no
sr-00556,https://www.youtube.com/watch?v=i_K0Z3jeZL0,Imam 12 godina a ovo mi je omiljeni film moj čitav razred ga je odgledao nisu sve nove generacije toliko neobrazovane.,positive,no
sr-00557,https://www.youtube.com/watch?v=i_K0Z3jeZL0,"Kakav glumac, neprevazidjeni talenat i umetnik svog života.",positive,no
sr-00558,https://www.youtube.com/watch?v=i_K0Z3jeZL0,Mladici ce povjerovati da im stvarno netko radi o glavi,negative,yes
sr-00559,https://www.youtube.com/watch?v=i_K0Z3jeZL0,"Lepo, ali to je davno prošlo vreme koje se nikada neće vratiti. Treba živeti neke vrednosti danas u današnjim uslovima.",neutral,no
sr-00560,https://www.youtube.com/watch?v=i_K0Z3jeZL0,"Neki su pjesnici, a neki su sretni",neutral,yes
sr-00561,https://www.youtube.com/watch?v=i_K0Z3jeZL0,Nije lako zaljubiti se u ministarsku kcer,neutral,yes
sr-00562,https://www.youtube.com/watch?v=i_K0Z3jeZL0,Ko gleda u 2024?,neutral,no
sr-00563,https://www.youtube.com/watch?v=i_K0Z3jeZL0,"Ja sam 2012 godište i ovo gledam šesti put u godini dana i preporučujem svima da gledaju ovaj film, niko neće zažaliti",positive,no
sr-00564,https://www.youtube.com/watch?v=i_K0Z3jeZL0,ovo je najboji film,neutral,no
sr-00565,https://www.youtube.com/watch?v=i_K0Z3jeZL0,"Bravo Za profesora, divnih glumaca koji su odglumili ovu divnu istorijsku generaciju. Smešna, simpatična, lepa sko 10 puta sam to gledala i uvek je zanimljivo. Bravo momci sada već popularni glumci... Naravno još uvek mladi",positive,yes
sr-00566,https://www.youtube.com/watch?v=i_K0Z3jeZL0,"Simpatičan film, ali su Ivkova slava ili Zone Zamfirova viši nivo. Cijenim vašu kinematografiju, daleko ste ispred nas, mi smo stali na Tko pjeva zlo ne misli i očito ćemo tu i ostati.",positive,no
sr-00567,https://www.youtube.com/watch?v=i_K0Z3jeZL0,"Koja kultura ,prvo znanje Francuskog jezika drugo prekrasni momci glasom i stasom.....",positive,no
sr-00568,https://www.youtube.com/watch?v=i_K0Z3jeZL0,"Znaj cijeli svijete da diplomirao sam gimnaziju danas, i da su mi oči pune suza od ovog filma",neutral,no
sr-00570,https://www.youtube.com/watch?v=i_K0Z3jeZL0,"jedan od nasih najboljih filmova, svaka cast!",positive,no
sr-00571,https://www.youtube.com/watch?v=i_K0Z3jeZL0,"Prelepo, Priča vremena prošlog, Nekada priče iskrene ljubavi behu u, Osmehu, pogledu, dodiru i migu očiju, Beše nekad.......",positive,no
sr-00572,https://www.youtube.com/watch?v=i_K0Z3jeZL0,Ovo film za ljude sa manjim iq ?,negative,yes
sr-00574,https://www.youtube.com/watch?v=i_K0Z3jeZL0,"Demonstration, kako to politicki zvuci",neutral,no
sr-00575,https://www.youtube.com/watch?v=i_K0Z3jeZL0,ja sam e u jednom trenutku rasplakala predobar film\serija,positive,no
sr-00577,https://www.youtube.com/watch?v=i_K0Z3jeZL0,"Ovakvih filmova danas ne snimaju..jer je za danasnje vreme popularno gledati svaku izopacenost, nasilje, pornografiju i dr gadosti...a ovakve prelepe osobine casti, vaspitanje porodicno i zajednicka podrska medju drugovima i prijateljima, pa cak i nevini nestasluci vise ne postoje...",positive,yes
sr-00578,https://www.youtube.com/watch?v=i_K0Z3jeZL0,Kad Gledam Ovaj Film Uvek Se Rasplacem Na Kraju Dobar Film Za Sve Generacije,positive,no
sr-00581,https://www.youtube.com/watch?v=i_K0Z3jeZL0,Ovo mogu da gledam 1000 puta neće mi dosaditi,positive,no
sr-00582,https://www.youtube.com/watch?v=i_K0Z3jeZL0,Da su nas ovako slali u cosak mozda nam danas nebi bilo coskasto,positive,yes
sr-00583,https://www.youtube.com/watch?v=i_K0Z3jeZL0,ovaj je film za sva vremena,neutral,no
sr-00584,https://www.youtube.com/watch?v=i_K0Z3jeZL0,"Otužan prijevod, film vrhunski",neutral,no
sr-00585,https://www.youtube.com/watch?v=i_K0Z3jeZL0,Meni je nahdraza ona scena u noci kada su milorad i ova devojka ljube na prozoru neznam sto mi je to omiljeno,neutral,no
sr-00586,https://www.youtube.com/watch?v=i_K0Z3jeZL0,Kamo lepe srece ovako da razgovaraju danasnji djaci I profesori danas,positive,yes
sr-00588,https://www.youtube.com/watch?v=i_K0Z3jeZL0,Moj najdraži film. Sve je predivno. Ne znam koliko puta sam ga odgledala i koliko cu jos puta. I uvijek sam jednako opcinjena.,positive,no
sr-00590,https://www.youtube.com/watch?v=i_K0Z3jeZL0,Ovo je najbolja serija.,positive,no
sr-00591,https://www.youtube.com/watch?v=i_K0Z3jeZL0,Kako divno odlični glumci,positive,no
sr-00593,https://www.youtube.com/watch?v=i_K0Z3jeZL0,"Neko za vreme blokada, živeli studenti i bez predaje",positive,yes
sr-00594,https://www.youtube.com/watch?v=i_K0Z3jeZL0,samo što je rešenje trigonometrijske jednačine je - p/2 ne p/2,neutral,yes
sr-00595,https://www.youtube.com/watch?v=i_K0Z3jeZL0,Ovome je stalno u glavi neprijatelj,negative,yes
sr-00596,https://www.youtube.com/watch?v=i_K0Z3jeZL0,"milina za gledanje, predivan film",positive,no
sr-00597,https://www.youtube.com/watch?v=i_K0Z3jeZL0,Film i serija su remek djelo dragog nam reditelja Zdravka Sotre.Pozdrav od jedne bake,positive,no
sr-00598,https://www.youtube.com/watch?v=i_K0Z3jeZL0,"5+,,dostojanstvo,postovanje,čast,znanje.....trebao bi biti u skolskim programima općeg obrazovanja u zemljama regije!!!",positive,no
sr-00599,https://www.youtube.com/watch?v=i_K0Z3jeZL0,Moj najdraži film,positive,no
sr-00601,https://www.youtube.com/watch?v=i_K0Z3jeZL0,"A sad usporedite Srbiju od 1990.na ovamo, zadnje godine pogotovo - od potomaka ovih dragulja nema nikoga, kao ni potomaka solunskih boraca.",positive,yes
sr-00602,https://www.youtube.com/watch?v=i_K0Z3jeZL0,"I nama su pricali da neke stvari moramo znati, pa sada vise ne moramo znati. Dapace",negative,yes
sr-00603,https://www.youtube.com/watch?v=i_K0Z3jeZL0,"Koji glumac prica na pocetku filma. ..poznat mi glas ,a ne mogu odgonetnuti",neutral,no
sr-00604,https://www.youtube.com/watch?v=i_K0Z3jeZL0,"Ništa posebno, izvikano. Ovi što pljuju današnje sve, neka krenu od sebe i svoje dece. A ja kao profesor imam dobro iskustvo. Ali nisu biseri za blato. I jadna omladina sa takvim terorom starijih.",negative,yes
sr-00605,https://www.youtube.com/watch?v=i_K0Z3jeZL0,Tada je država bila Sila. A sada je ništa i predsednik je ništa.,negative,no
sr-00608,https://www.youtube.com/watch?v=i_K0Z3jeZL0,ako ona scena kad je ušao sa frakom i cilindrom nije improvizirana...nemre se takav smijeh odglumit....hahahaha,positive,yes
sr-00610,https://www.youtube.com/watch?v=i_K0Z3jeZL0,Moj najdrazi Film,neutral,no
sr-00613,https://www.youtube.com/watch?v=i_K0Z3jeZL0,Ovaj gospodin direktor lici na Rasputina boze sacuvaj bas je creepy,negative,yes
sr-00614,https://www.youtube.com/watch?v=i_K0Z3jeZL0,Pametni mladici su kaznili pedanteriju,negative,yes
sr-00615,https://www.youtube.com/watch?v=i_K0Z3jeZL0,ja gledam ovaj film svaki dan i nikad mi nije dosadno,negative,no
sr-00616,https://www.youtube.com/watch?v=i_K0Z3jeZL0,"Čuješ li ovo Švabo neće ti ovaj oteti Zemun, ja ću",neutral,yes
sr-00618,https://www.youtube.com/watch?v=i_K0Z3jeZL0,Siler I gde su bili mozda dvije rijetke velicine koje su se voljele...,neutral,no
sr-00619,https://www.youtube.com/watch?v=i_K0Z3jeZL0,Fantastičan film - serija,positive,no
sr-00621,https://www.youtube.com/watch?v=i_K0Z3jeZL0,"Kako je lijepo vidjeti kad se snimi lijep film bez golotinje, gluparija i ostalih sranja , nije bitno tko je tko glavno da si čovjek , sve pohvale za film top je",positive,no
sr-00622,https://www.youtube.com/watch?v=i_K0Z3jeZL0,Obozavam ovaj film,positive,no
sr-00623,https://www.youtube.com/watch?v=i_K0Z3jeZL0,Direktore je vise zanimala vlast nego ucenici,negative,yes
sr-00624,https://www.youtube.com/watch?v=i_K0Z3jeZL0,"Slučajno se pustio na YouTubeu ovaj film, odgledao sam ga od početka do kraja. Fantastičan film, humor je na nivou, podsetio sam se i školskih dana.",positive,no
sr-00625,https://www.youtube.com/watch?v=i_K0Z3jeZL0,Trebali bi ga cesto prikazivat u Skolama. Da djeca nauce osnovno ponasanje i postovanje.,positive,no
sr-00626,https://www.youtube.com/watch?v=i_K0Z3jeZL0,Ja kad pogledam ovaj film mi dan bude bolji,positive,no
sr-00629,https://www.youtube.com/watch?v=i_K0Z3jeZL0,"Jako poucan i predivan film, sto puta ga mogu gledati. Wredan pamćenja i gledanja.",positive,no
sr-00630,https://www.youtube.com/watch?v=i_K0Z3jeZL0,"Najbolji film, bravo za sve koji su učestvovali u glumi i reziranju ovog filma",positive,no
sr-00631,https://www.youtube.com/watch?v=i_K0Z3jeZL0,"Nekada su deca imala prave uzore. Danas su to Lukas i Karleusa. Imamo prelep jezik, danas ga mladi ne govore. Sada je tebra, gilje, bleja... Udjes u prodavnicu nazoves boga, ili dobar dan, gledaju te kao da si sa Marsa pao.",negative,yes
sr-00633,https://www.youtube.com/watch?v=i_K0Z3jeZL0,Na kraju zamalo da sam zaplako,positive,no
sr-00636,https://www.youtube.com/watch?v=i_K0Z3jeZL0,Od svih cvijica Jovan je bio najveci,positive,no
sr-00638,https://www.youtube.com/watch?v=i_K0Z3jeZL0,"joj ovog bikovica,ko lutka je",positive,no
sr-00641,https://www.youtube.com/watch?v=i_K0Z3jeZL0,Kako bi zivot bio lep da je više Prof. Vujica i njegovih mangupa na ovoj planeti,positive,no
sr-00642,https://www.youtube.com/watch?v=i_K0Z3jeZL0,Ovaj film je snimljen po istinitom događaju iz 19 veka a današnja generacije ništa ne zna jadno je što je 21 vek danas studenti gledaju kako da blokiraju u mesto da uče,negative,no
sr-00643,https://www.youtube.com/watch?v=i_K0Z3jeZL0,Onaj kaze vas 4 bicete zapisani a gde u istoriji a najace oni su stvaraoci istorije,neutral,yes
sr-00646,https://www.youtube.com/watch?v=t1Jzut6esII,"Ne razumem, zašto je kraj filma tako nerealan",neutral,yes
sr-00647,https://www.youtube.com/watch?v=t1Jzut6esII,Sve mi se čini da će ovo biti mjuzikl umesto filma,negative,yes
sr-00652,https://www.youtube.com/watch?v=t1Jzut6esII,Kraj me razočarao iskreno,negative,no
sr-00655,https://www.youtube.com/watch?v=t1Jzut6esII,"A gdje se moze Film gledati? Amazone ,Netlix? Super ste",positive,yes
sr-00659,https://www.youtube.com/watch?v=t1Jzut6esII,*Najgori film u poslednjih 100 godina*,negative,no
sr-00660,https://www.youtube.com/watch?v=t1Jzut6esII,"Pa i ne uliva mi previše poverenje trejler. Prva sezona je bila koliko toliko realistična. Mafija, Italija, tenderi, služba. Ovo mi sad deluje kao Holivudsko preterivajje u stilu Ramba i Umri muški filmova i nekih trulih fora koje mogu da kupe klinci iz osnovne škole jedino. Realno klincima samo daj pucnjave i loženje i biće zadovoljni. Znam da je ovo film ali se serija nadovezuje...",negative,no
sr-00661,https://www.youtube.com/watch?v=t1Jzut6esII,Znaci odma ste upropastili sve al ajde,negative,no
sr-00663,https://www.youtube.com/watch?v=t1Jzut6esII,"Prepun glupih i dosadnih scena, ocjena 6/10....",negative,no
sr-00665,https://www.youtube.com/watch?v=t1Jzut6esII,"Sram Vas bilo! Evakuisete ljude posle 30 minuta projekcije sa premijere u Ada Mallu, doslovno ih izbacite napolje, ne obavestite da ce se premijera nastaviti ubrzo i celokupnu pricu oko pozara iskulirate i dovedete glumce da im tapse 15 ljudi u sali! Svaka cast, mnogi nisu to ocekivali!",negative,yes
sr-00670,https://www.youtube.com/watch?v=t1Jzut6esII,Jedno pitanje da li je to film ili je to kao prvi put 3 epizode prve sezone pa sad opet 3 epizode druge sezone?,neutral,no
sr-00671,https://www.youtube.com/watch?v=t1Jzut6esII,Pogledao film ima 2 mj. predobar je....,neutral,no
sr-00672,https://www.youtube.com/watch?v=t1Jzut6esII,"Ne mogu tu seka persa ekipicu da shvatim i gledam ozbiljno kao neke ""opasne"" likove. Previse mi je smesno ovo. :D",negative,yes
sr-00673,https://www.youtube.com/watch?v=t1Jzut6esII,Ovo ce da ide viral van Srbije,positive,no
sr-00679,https://www.youtube.com/watch?v=t1Jzut6esII,Ako je ko gledo u nek kaze koju informaciju,neutral,no
sr-00680,https://www.youtube.com/watch?v=t1Jzut6esII,"Ja ne znam kako ljudi mogu gledati ovaj film i uživati u njemu. Em je scenarij napisan kao da ga je napisao klinac od 12 godina, em je gluma na razini predstava u osnovnim školama, em je režija zaboravljiva i vizualno nezanimljiva, a o groznoj glazbi da i ne pričam. Kombinacija nepotrebne amerikanizacije srpske kinematografije i glorifikiacije kriminala, a dobiva pažnju i popularnost veću od onih koju imaju neki stvarno kvalitetni srpski filmovi i serije.",negative,no
sr-00681,https://www.youtube.com/watch?v=t1Jzut6esII,Meni je najjace svadjanje u chetu hhahaha,neutral,yes
sr-00689,https://www.youtube.com/watch?v=t1Jzut6esII,"Ovo za ovu đecu film,da se malo igraju kriminalaca.Bravo majstori pii",negative,yes
sr-00692,https://www.youtube.com/watch?v=t1Jzut6esII,"trejler pola filma spojlovao, druga stvar radnja je nikakva kao 1 epizoda serije, ocekivan kraj i uvod i seriju. film 5 od 10",negative,no
sr-00696,https://www.youtube.com/watch?v=t1Jzut6esII,Promocija kriminala brzog i kratkog zivota.,negative,no
sr-00697,https://www.youtube.com/watch?v=t1Jzut6esII,kako da gledam nema bioskopa u mom selu,negative,no
sr-00698,https://www.youtube.com/watch?v=t1Jzut6esII,"Hahaha meni ovo liči na Janes Bonda, malo su se preigrali sa ovim filmom",negative,yes
sr-00699,https://www.youtube.com/watch?v=t1Jzut6esII,"Jedna od rijetkih serija/filmova koju su pokvarile glavne uloge, mada i pored katastrofalne glume i ovog drugog opet je dobra. Kad bi se nekako mogli isijeći svi dijelovi u kojima se oni pojavljuju bilo bi top, jer su sve ""sporedne"" uloge vrhunski odradile posao sa antologijskim scenama, a ova dvojica su odglumila opasne kriminalce isto dva Micky mausa ...",negative,yes
sr-00703,https://www.youtube.com/watch?v=t1Jzut6esII,"90% sirotinje ovo gleda, 9% ovo živi, 1% ovo kontroliše! Jedno je odgledati film/seriju radi razonode, a drugo je željeti živjeti takav život, a jedina je istina kako trenutno sada živite. Mnogi ljudi su podsvjesno/indirektno upropašteni, jer je filmska industrija utjecala na njihove umove. Nemate dinar u džepu, a propadate duhovno u želji kako da steknete za skupog bmw-a. Pogledajte samo koliko turske serije imaju utjecaja na mlade djevojke, hoćete li da vas lažem? - Znate i sami. Ne kažem da je loše biti imućan, već je loše što se ta vrijednost oduvijek vrednuje, a ne ostale vrijednosti. Koliko je društvo upropašteno, dovoljno vam govori to što se nemoralne pjesme slušaju, gledaju nemoralni filmovi, serije, itd. Vi zapravo još niste shvatili ili ne želite da shvatite, da preko virtuelnog svijeta oni sa vama upravljaju! Morate da imate dobre patike, mnogo para, markiranu odjeću, dobra auta, dobar stan itd. A o storijima da i ne govorim, šta ste radili, gdje ste bili, šta ste jeli/pili. Veoma čudan svijet, u kojem će iskrenost, ljubav, ono iskonski što je u nama - brzo da iščezne. Sve se vrti oko moći i novca, a oni koji su sve ovo napravili nije im to ništa u cilju kao što je 'kontrola'. Kada osjetite ili doživite ovo o čemu sam vam govorio, sjetit ćete se mene. Srdačno vas pozdravljam, hvala!",negative,yes
sr-00705,https://www.youtube.com/watch?v=t1Jzut6esII,Najgori domaći film svih vremena.,negative,no
sr-00707,https://www.youtube.com/watch?v=t1Jzut6esII,"Drugi put gledam drugi film i stvarno prvi se film može gledati iz nova više puta te svaka čast svima, ali ovaj drugi je kritičnog scenarija.. ne znam zašto su išli u smjeru toga da se sve svodi na spašavanje lika iz prvog filma koji nije ostavio nikakav osobit trag da bi se nešto očekivalo od njega u nastavku.",negative,no
sr-00712,https://www.youtube.com/watch?v=t1Jzut6esII,Jaoooo živim u USA I nemogu nigde da nađem ovaj film da se gleda!,neutral,no
sr-00714,https://www.youtube.com/watch?v=t1Jzut6esII,Sad kad se kidare dignu po gradu,negative,yes
sr-00718,https://www.youtube.com/watch?v=t1Jzut6esII,Ehh sta ti je zivot.. nekad Brazilu cepao mreze a sad krade automobile.. Jedna prosecna prica fudbalera u drzavi xd,negative,yes
sr-00719,https://www.youtube.com/watch?v=t1Jzut6esII,Gdje mogu gledati ljudi film ako mi mozete reci molim vas,neutral,no
sr-00722,https://www.youtube.com/watch?v=t1Jzut6esII,"Stoji da je prvi film za klasu bolji, ali ne možete da mi kažete da drugi ne valja.",neutral,no
sr-00727,https://www.youtube.com/watch?v=t1Jzut6esII,totalno razočaranje u odnosu na prethodni dio,negative,no
sr-00731,https://www.youtube.com/watch?v=t1Jzut6esII,Ja ne znam zasto se ovo prije nije desilo balkanskoj sceni. Apsoultni vrh i profesionalnost. Film je bio odlican kakavog sam ga i ocekivala. Sa puno napetosti i smjesnih trenutaka i izvala. Kao i serija i prvi film ODLIČNO. Cijeli film sam odgledala u jednom dahu i bila sam toliko sretna jer su se vratili. Nadam se da ova suradnja nikada nece prestati jer ovo je nesto predobro i treba opstati. Odlicna pohvala za sve sve sve nema niti jedne mane i jedva cekamo da izade serija. Pozzz,positive,no
sr-00735,https://www.youtube.com/watch?v=t1Jzut6esII,Kad izlazi film na RTS,neutral,no
sr-00738,https://www.youtube.com/watch?v=t1Jzut6esII,Film top al fale Crnogorci u filmu bilo bi uzbudljivije jos,positive,yes
sr-00740,https://www.youtube.com/watch?v=t1Jzut6esII,Da li neko zna koji je put na kome voze dva BMW-a na početku?,neutral,no
sr-00741,https://www.youtube.com/watch?v=t1Jzut6esII,Prvi deo super a drugi deo opasno razocaranje,negative,no
sr-00743,https://www.youtube.com/watch?v=t1Jzut6esII,Osedeo sam čekajući,negative,yes
sr-00745,https://www.youtube.com/watch?v=t1Jzut6esII,Moglo je to i bolje,negative,no
sr-00755,https://www.youtube.com/watch?v=t1Jzut6esII,kad odete na projekciju ovog filma i odgledate ga smatrajte da ste FILMSKI RETARDIRANI !!,negative,yes
sr-00759,https://www.youtube.com/watch?v=t1Jzut6esII,A gde je ono kada kupuju jelku,neutral,no
sr-00760,https://www.youtube.com/watch?v=t1Jzut6esII,ivo andonov doktor...mogli su da stave da glumi nekog takvog...,negative,yes
sr-00764,https://www.youtube.com/watch?v=t1Jzut6esII,"Ja sam u šoku posle samo kraja ovog filma....Da li je moguće da se ovako završava i nastavlja dalje? A sta ce biti dalje, to je pitanje?",negative,no
sr-00765,https://www.youtube.com/watch?v=t1Jzut6esII,sta profesor kosta vujic radi u kriminalnom filmu,negative,yes
sr-00772,https://www.youtube.com/watch?v=t1Jzut6esII,Na zadnju scenu sam se najezio,positive,no
sr-00775,https://www.youtube.com/watch?v=t1Jzut6esII,Najgori film na pola sam izašo nisam mogo da izdržim do kraja koliko je glupo uradjen...,negative,no
sr-00776,https://www.youtube.com/watch?v=t1Jzut6esII,film je odlican cista 10,positive,no
sr-00778,https://www.youtube.com/watch?v=t1Jzut6esII,Malo mi smesno sto prikazuju kriminalni vrh u Srbiji a ispalo da su Velja Nevolja i realni kriminal 600 puta gori.,negative,yes
sr-00779,https://www.youtube.com/watch?v=t1Jzut6esII,Naježila sam se kol'ko je dobro,neutral,no
sr-00780,https://www.youtube.com/watch?v=t1Jzut6esII,Ne znam da li sam previse ocekivao od filma ili sta vec. Upravo sam se vratio iz bioskopa i mogu vam reci da nikad u zivotu nisam zazalio za potrosenim parama i vremenom kao danas,negative,no
sr-00783,https://www.youtube.com/watch?v=t1Jzut6esII,"svi furaju versace jeans ,nema se za versace malo skuplji XD",neutral,yes
sr-00788,https://www.youtube.com/watch?v=t1Jzut6esII,Gledo sam film je fantazija,neutral,no
sr-00791,https://www.youtube.com/watch?v=t1Jzut6esII,film prosjek nista spec,neutral,no
sr-00794,https://www.youtube.com/watch?v=t1Jzut6esII,"Eto, da se klinci izgasiraju još malo",negative,yes
sr-00801,https://www.youtube.com/watch?v=t1Jzut6esII,Ništa od ovoga se ne bi desilo da nije otišao da kupi napolitanke,negative,yes
sr-00804,https://www.youtube.com/watch?v=t1Jzut6esII,Tako je braćo srbi ima i holivud da nam zavidi,neutral,yes
sr-00805,https://www.youtube.com/watch?v=t1Jzut6esII,Zasto nema da se kupi online ?,neutral,no
sr-00806,https://www.youtube.com/watch?v=t1Jzut6esII,kakva tragedija. pa jos i drugi deo snimaju,negative,yes
sr-00808,https://www.youtube.com/watch?v=t1Jzut6esII,"Upravo sam pogledao film, blago razocarenje, koliko prica, cekanja i na kraju, uzas..",negative,no
sr-00810,https://www.youtube.com/watch?v=t1Jzut6esII,"Loše ...ali baš loše odradjeno...scenario za malu djecu, a gluma preko one stvari odradjena...u odnosu na prvi dio, nebo i zemlja...",negative,no
sr-00811,https://www.youtube.com/watch?v=t1Jzut6esII,"Ajmo sad svi lepo u kriminal, vidite kako je super. Koja je sira poenta filma osim pumpanja klinaca da krenu tim putem?",negative,yes
sr-00813,https://www.youtube.com/watch?v=t1Jzut6esII,Nema veze sa mozgom niti prvim delom. Ovo je uzas,negative,no
sr-00816,https://www.youtube.com/watch?v=t1Jzut6esII,Film je jedna katastrofa u odnosu na prvi dio,negative,no
sr-00818,https://www.youtube.com/watch?v=t1Jzut6esII,Srbija ostala u 90tima jos brije na zemunce... Hahahaha joj kakav narod... A 90 posto za kikiriki nema,negative,yes
sr-00820,https://www.youtube.com/watch?v=t1Jzut6esII,Tragedija od filma,negative,no
sr-00823,https://www.youtube.com/watch?v=t1Jzut6esII,Ludilo u najavi,neutral,no
sr-00824,https://www.youtube.com/watch?v=hpKAFB9QUZc,Da li se samo meni cini da je Isidora bila u dogovoru sa razrednom? :),,
sr-00825,https://www.youtube.com/watch?v=hpKAFB9QUZc,"I relate crazily to the gay guy, thank you to the producers of this film for making something so beautiful",,
sr-00826,https://www.youtube.com/watch?v=hpKAFB9QUZc,Na pola sam.. mislim da mi je ovo novi drugi omiljeni film,,
sr-00827,https://www.youtube.com/watch?v=hpKAFB9QUZc,Is it possible to watch Pored nas online ? Im not from Serbia...,,
sr-00828,https://www.youtube.com/watch?v=hpKAFB9QUZc,"Najgluplji film koji sam gledao, radnja 0",,
sr-00829,https://www.youtube.com/watch?v=hpKAFB9QUZc,"Је л реално да нико у коментарима не прича о педерима, да ти болесници нису приказани на овако прихватљив начин, филм би био одличан. Господе Исусе Христе сине Божији опрости нам грешним. Ако неко стварно мучи муку налик хомосексуалности, запамтите да Бог најснажнијима дава најтеже муке, молим се за вас.",,
sr-00830,https://www.youtube.com/watch?v=hpKAFB9QUZc,"Слика и прилика колико смо пропали као друштву,како смо васпитали децу,а још ово су гимназијалци.Ко год помисли моје дете није овакво,јесте можда и горе.",,
sr-00831,https://www.youtube.com/watch?v=hpKAFB9QUZc,"Izuzetan film. I zaista tek kada izađeš iz svakodnevne kolotečine života i ostaneš na neki način zaglavljen sa ljudima s kojima imaš neku tenziju tek tada se razotkrije puno toga, a ono genijalno za ovaj fiml i temu je da je prije svih ovih razotkrivanja razredna dala zadatak pod nazivom ""Šta je ljubav"" , jako dobar film o međuljudskim odnosima.",,
sr-00832,https://www.youtube.com/watch?v=hpKAFB9QUZc,"Isto kao i u mojoj skoli. Srednja masinska , samo sto nemamo devojaka u razredu jbg.",,
sr-00833,https://www.youtube.com/watch?v=hpKAFB9QUZc,Ja Sam te godine zavrsijo Srednjuskolu 2015,,
sr-00834,https://www.youtube.com/watch?v=hpKAFB9QUZc,se film snimo u ats-u,,
sr-00835,https://www.youtube.com/watch?v=hpKAFB9QUZc,45:54 jel zna neko original pesmu?,,
sr-00836,https://www.youtube.com/watch?v=hpKAFB9QUZc,Trebam nam drugi deo!!!!,,
sr-00837,https://www.youtube.com/watch?v=hpKAFB9QUZc,"Par pitanja za danasnje generacije (ja sam srednju zavrsio pre 20 godina), a vidim film je pre 10, tako da ako neko danas gleda ko je u srednjoj, to je jos 10. 1. Da li se danas u srednjoj zna ko je gay ko ne? 2. Jel ovo oblacenje normalno za srednju danas? 3. Jel ovakvo ponasanje previse iskarikirano ili je donekle realno? Iskreno me zanima. Otisao sam iz Srbije pre 15 godina i dugo nisam gledao neki film u ovom fazonu. Mi o kapitalizmu/komunizmu nismo ni pricali i svakako nismo bili ovakvi hejteri svega.",,
sr-00838,https://www.youtube.com/watch?v=hpKAFB9QUZc,Film se napravijo kad sa se rodijo,,
sr-00839,https://www.youtube.com/watch?v=hpKAFB9QUZc,Literally me 38:27 39:10 43:29 49:50 50:35 55:04,,
sr-00840,https://www.youtube.com/watch?v=hpKAFB9QUZc,Da li neko zna gde mogu pogldati drugi i treći deo??,,
sr-00841,https://www.youtube.com/watch?v=hpKAFB9QUZc,Iskreno zao mi je sto sam izgubio vreme gledajuci ovaj debilozni film ako je ovo nekom super film nije ni cudo u kakvoj zemlji zivimo sami smo krivi jednostavno SRANJE,,
sr-00842,https://www.youtube.com/watch?v=hpKAFB9QUZc,Gluplji film nema,,
sr-00843,https://www.youtube.com/watch?v=hpKAFB9QUZc,A sto hate na ripanj,,
sr-00844,https://www.youtube.com/watch?v=hpKAFB9QUZc,"al kada lazar kaze ""jebiga brt"" hahahahahhahahah kida film",,
sr-00845,https://www.youtube.com/watch?v=hpKAFB9QUZc,Nemoj neko da se zajebe pa da baci sat i po na ovo smece !,,
sr-00846,https://www.youtube.com/watch?v=hpKAFB9QUZc,"shock corridors, prezivljavanje u srednjoskolskim danima nasa skola je mnogo mnogooo drugacije nego srednje skole u Americi. Mini socijalni eksperiment povezuje drugove. Super je sve je poznato mi stariji smo to prosli bez facebooka instagrama itd. Jos uvjek smo tu negdje u blizini vidimo se. dobar film",,
sr-00847,https://www.youtube.com/watch?v=hpKAFB9QUZc,15 put gledam ovaj film i plus odlgedoa sam. 5 puta mjuzikl najaci film,,
sr-00848,https://www.youtube.com/watch?v=hpKAFB9QUZc,Odličan film. Svaki lik nosi svoju vrednost i doprinos.,,
sr-00849,https://www.youtube.com/watch?v=hpKAFB9QUZc,Hoćemo li dočekati da drugi deo napokon bude okačen?,,
sr-00850,https://www.youtube.com/watch?v=hpKAFB9QUZc,KADA CE DRUGI DEOO PORED TEBE MOLIM VASSSS,,
sr-00851,https://www.youtube.com/watch?v=hpKAFB9QUZc,was difficult to understand but I actually enjoyed this film lmao,,
sr-00852,https://www.youtube.com/watch?v=hpKAFB9QUZc,Balkan men are the best,,
sr-00853,https://www.youtube.com/watch?v=hpKAFB9QUZc,"Jučer sam na ig vidio klip s gay scenom, pogledao sam cijeli film dvaput i totalno sam povezan sa svime. Scenarij je savrsen, te male postapilice, zajedljivi komentari, i velike teme u isto vrijeme - genijalno! Nevjerojatno je koliko je i dalje skrivenih gejeva sportasa, a ovaj film baca pravo svjetlo na temu. Najjaci komentar je obrana Kosova bez Fejsbuka! Ripanj sam trazio na karti",,
sr-00854,https://www.youtube.com/watch?v=hpKAFB9QUZc,"Jučer sam na ig vidio klip s gay scenom, pogledao sam cijeli film dvaput i totalno sam povezan sa svime. Scenarij je savrsen, te male postapilice, zajedljivi komentari, i velike teme u isto vrijeme - genijalno! Nevjerojatno je koliko je i dalje skrivenih gejeva sportasa, a ovaj film baca pravo svjetlo na temu. Najjaci komentar je obrana Kosova bez Fejsbuka!",,
sr-00855,https://www.youtube.com/watch?v=hpKAFB9QUZc,A di se moze pogledat film pored nas nastavak ovog filma?,,
sr-00856,https://www.youtube.com/watch?v=hpKAFB9QUZc,"Na Poljskem je žal še vedno tako, le delno v Varšavi je bolje. Imam družino na Poljskem in živim v Nemčiji. Res je bolj liberalno, tam je tudi ustrahovanje, vendar je bolj verbalno. Z geji iz Srbije, Kosova in Hrvaške imam skoraj same dobre izkušnje. Pogosto izgledajo zelo dobro in z njimi je zelo enostavno seksati. V Berlinu, kjer sem živel nekaj let, je zelo prijetno živeti kot gej.",,
sr-00857,https://www.youtube.com/watch?v=hpKAFB9QUZc,Kul. Dobar film.,,
sr-00858,https://www.youtube.com/watch?v=hpKAFB9QUZc,"ODLIČNO, JEDVA ČELAM SUTRA UVEČE DRUGI DEO",,
sr-00859,https://www.youtube.com/watch?v=hpKAFB9QUZc,"Meni je Lazar omiljen lik iako je gej, ipak ne paradira i drži to za sebe..",,
sr-00860,https://www.youtube.com/watch?v=hpKAFB9QUZc,"Ovako je izgledala skola u mojim skolskim danima,ovako su se oblacili momci,devojke vraca me nekih 10-ak godina unazad",,
sr-00861,https://www.youtube.com/watch?v=hpKAFB9QUZc,Врв би филм био бзв да није педеризма. Ужас,,
sr-00862,https://www.youtube.com/watch?v=hpKAFB9QUZc,Gay guys and the goth girl are the only normal ones. As usual. Good movie,,
sr-00863,https://www.youtube.com/watch?v=hpKAFB9QUZc,Treci put 15.11.2024,,
sr-00864,https://www.youtube.com/watch?v=hpKAFB9QUZc,Film 10/10 preporucujem,,
sr-00865,https://www.youtube.com/watch?v=hpKAFB9QUZc,"Мда. Интересные однако в Сербии школы и 25+летние ученики. Но если оставить в стороне придирки к реализму вроде того, что на всех внутренних дверях почему-то нет замков (или кто-то их все специально открыл), то фильм смотрится на удивление легко, практически на одном дыхании. Очень интересно было наблюдать за в меру стереотипными, в меру контрстереотипными героями. Спасибо за выкладывание фильма в публичный доступ! ЗЫ. Я, пожалуй, тот парень, что сидел бы в пустом классе и писал эссе. :(",,
sr-00866,https://www.youtube.com/watch?v=hpKAFB9QUZc,"Kada ce vise izaci 2. deo? hteo sam jos da ga pogledam u bioskopu kada je bio ali nisam bio u mogucnosti, a od toga je proslo vec oko godinu dana. Hoce li ikada biti dostupan u javnosti ili bar opet u bioskopu? Ne mogu vise da cekam..",,
sr-00867,https://www.youtube.com/watch?v=hpKAFB9QUZc,Ima li ovaj film drugi deo,,
sr-00868,https://www.youtube.com/watch?v=hpKAFB9QUZc,Koje sranje od filma,,
sr-00869,https://www.youtube.com/watch?v=hpKAFB9QUZc,sve je sup dok ne krene pederizam,,
sr-00870,https://www.youtube.com/watch?v=hpKAFB9QUZc,ovaj film je toliko izvan svog vremena,,
sr-00871,https://www.youtube.com/watch?v=hpKAFB9QUZc,fim mi se svidja i asocira me na mene kada me niko nije primetion,,
sr-00872,https://www.youtube.com/watch?v=hpKAFB9QUZc,svska cast svima podrzabam sve vas kao glumce i glumice,,
sr-00873,https://www.youtube.com/watch?v=hpKAFB9QUZc,sve su scene dobre 10/10,,
sr-00874,https://www.youtube.com/watch?v=hpKAFB9QUZc,ma je l ova scena iz kluba snimana u vrtoglavici??,,
sr-00875,https://www.youtube.com/watch?v=hpKAFB9QUZc,ja za film saznajem tek sad i jako mi je krivo jer je odlican,,
sr-00876,https://www.youtube.com/watch?v=hpKAFB9QUZc,Glupost vratite mi izgubljeno vreme,,
sr-00877,https://www.youtube.com/watch?v=hpKAFB9QUZc,Zasto su morali scenu u wc snimiti,,
sr-00878,https://www.youtube.com/watch?v=hpKAFB9QUZc,"film je ocajan, zalim utroseno vrijeme na gledanje, go kurac 0 bodova",,
sr-00879,https://www.youtube.com/watch?v=hpKAFB9QUZc,losa roba cim su zaspali,,
sr-00880,https://www.youtube.com/watch?v=hpKAFB9QUZc,Onaj čupavi samo zna protiv ustaša i kosova,,
sr-00881,https://www.youtube.com/watch?v=hpKAFB9QUZc,Ovaj prevodilac dibidus nema veze a umesto hasima tacija prevodi Obama...,,
sr-00882,https://www.youtube.com/watch?v=hpKAFB9QUZc,Samo da se nisu pokrljali ona dva lika bilo bi perfektno,,
sr-00883,https://www.youtube.com/watch?v=hpKAFB9QUZc,Више ми се не гледа овај филм јер још мало па и средњу завршавам. Филм је изашао кад сам ишао 3 основне,,
sr-00884,https://www.youtube.com/watch?v=hpKAFB9QUZc,Taj film sam gledao u srednjoj školi,,
sr-00885,https://www.youtube.com/watch?v=hpKAFB9QUZc,"Ja idem u srednju muzičku. Malo je drugačija jer nas je dosta manje, u cijeloj srednjoj nas je 20. Ne mogu da se poistovjetim sa ovim kao srednjaš. Ali ovaj film je pljunuta osnovna u koju sam ja Isla. Moj razred prekopiran.",,
sr-00886,https://www.youtube.com/watch?v=hpKAFB9QUZc,Kad ce izac drugi deo na yt ceo film aman vise,,
sr-00887,https://www.youtube.com/watch?v=hpKAFB9QUZc,"Film je zaista dobar. Na zhalost, podlegli su pritisku agresivnim lgbt i ubacili jednoh od njih da ga zhalimo, kao to je normalno, a on jadnichak. Ne, nije normalno. Vech 3.5 milijardi godina svi nashi preci su imali potomstvo, i niko ne bi smeo da opravdava ponashanje koje ne ostavlja potomstvo.",,
sr-00888,https://www.youtube.com/watch?v=hpKAFB9QUZc,Predobar film i čeka se Pored nas,,
sr-00889,https://www.youtube.com/watch?v=hpKAFB9QUZc,Iskreno gubljenje vremena ozbiljna glupost,,
sr-00890,https://www.youtube.com/watch?v=hpKAFB9QUZc,Najjači teenage film,,
sr-00891,https://www.youtube.com/watch?v=hpKAFB9QUZc,Koje smeće izgubi dva sata vremena života,,
sr-00892,https://www.youtube.com/watch?v=hpKAFB9QUZc,"Kakvo je došlo vrijeme. Škole postale ,, SIVI DOM """,,
sr-00893,https://www.youtube.com/watch?v=hpKAFB9QUZc,kako glupo retardirano odlican film,,
sr-00894,https://www.youtube.com/watch?v=hpKAFB9QUZc,"Ovi sto kenjaju da je film sranje su ocekivali da ce film biti kao lajanje na zvezde, ali ovo je zapravo realan prikaz srednjoškolaca danas. Droga, kurvizam, patriotizam, pederluk, nasilje itd.",,
sr-00895,https://www.youtube.com/watch?v=hpKAFB9QUZc,"Ako i dalje citate komentare, moram vam preneti par gresaka u filmu. U 21:50 Dinkic sedi u klupi, a u 21:51 Dinkci stoji. Paja dva puta otvara ormar 1:05:14. Inace ekstra film, gledao sam ga vise puta (pa sam primetio ovakve stvari).",,
sr-00896,https://www.youtube.com/watch?v=hpKAFB9QUZc,odličan film baš me podsetio na srednju školu isti smo bili,,
sr-00897,https://www.youtube.com/watch?v=hpKAFB9QUZc,"u 5 gimn snimano ovo u hodnicima, isto kao i ja kad sam isao u skolu :)",,
sr-00898,https://www.youtube.com/watch?v=hpKAFB9QUZc,Film nije ni za go kurac.,,
sr-00899,https://www.youtube.com/watch?v=hpKAFB9QUZc,Ali kad vrati na lika na kog sam zaboravio da uopste postoji i koji jos uvek pokusava da napise nesto o ljubavi. Valjao sam se.,,
sr-00900,https://www.youtube.com/watch?v=hpKAFB9QUZc,Sta fali Ripnju,,
sr-00901,https://www.youtube.com/watch?v=hpKAFB9QUZc,Dugo nisam odgledao vecu glupost. Neka mi neko vrati sat ipo zivota!!,,
sr-00902,https://www.youtube.com/watch?v=hpKAFB9QUZc,"Srpski ""Breakfast club"".",,
sr-00903,https://www.youtube.com/watch?v=hpKAFB9QUZc,Mogu Vam reci da je ovo smece od filma.,,
sr-00904,https://www.youtube.com/watch?v=hpKAFB9QUZc,hemijska na banovo brdo naravno gde ce drugo,,
sr-00905,https://www.youtube.com/watch?v=hpKAFB9QUZc,"Neki komentari su kao da je u pitanju ""Lajanje na zvezde"". Odličan film, a nastavak je još bolji.",,
sr-00906,https://www.youtube.com/watch?v=hpKAFB9QUZc,"Ah ovaj film me uvek vraća u školske dane i ljubavne i društvene probleme, pun je emocija i smeha i suza, radosti i uspomena na sve ono što je nekad bilo, a ne sumnjam da će i pored tebe biti sjajan film Drugari i Drugarice gde god da ste, nadam se da ste srećni. Generacija 2004 Zauvek u srcu",,
sr-00907,https://www.youtube.com/watch?v=hpKAFB9QUZc,Dok cekam da izbace drugi deo gledam 1,,
sr-00908,https://www.youtube.com/watch?v=hpKAFB9QUZc,opet se vraćam.. nakon što sam juče odgledala pored tebe u bioskopu.. ali ovaj je... prva ljubav,,
sr-00909,https://www.youtube.com/watch?v=hpKAFB9QUZc,jjebo_mamu_dobar_film,,
sr-00910,https://www.youtube.com/watch?v=hpKAFB9QUZc,Daj drugi deo molim teee kada izbace molim tee,,
sr-00911,https://www.youtube.com/watch?v=hpKAFB9QUZc,2023 jel neko jos nije pogledao,,
sr-00912,https://www.youtube.com/watch?v=hpKAFB9QUZc,"druze gori film video nisam, poente nema",,
sr-00913,https://www.youtube.com/watch?v=hpKAFB9QUZc,53:01 danilo andjusic,,
sr-00914,https://www.youtube.com/watch?v=hpKAFB9QUZc,Ovo je najvece govno od filma,,
sr-00915,https://www.youtube.com/watch?v=hpKAFB9QUZc,"Skolski dani najbolji, voleo bi da se vratim u skolu definitivno",,
sr-00916,https://www.youtube.com/watch?v=hpKAFB9QUZc,Moj skolski drug: Nikola Glisic. Bravo legendo. Uloga ti je ful.,,
sr-00917,https://www.youtube.com/watch?v=hpKAFB9QUZc,"Nisam skuzio, sto je bilo na tom videu?.",,
sr-00918,https://www.youtube.com/watch?v=hpKAFB9QUZc,Da su barem kroz prozore skocili Tony skate style,,
sr-00919,https://www.youtube.com/watch?v=hpKAFB9QUZc,nako zbog pedera ja 7/10,,
sr-00920,https://www.youtube.com/watch?v=hpKAFB9QUZc,jel zna neko pesmu sto je pustila ona gotičarka?,,
sr-00921,https://www.youtube.com/watch?v=hpKAFB9QUZc,Odlican prjevod,,
sr-00922,https://www.youtube.com/watch?v=hpKAFB9QUZc,Tužan je al opet najgore je to što u filmu imaju dva pedera,,
sr-00923,https://www.youtube.com/watch?v=hpKAFB9QUZc,Jaooo ova naručila Pelinkovac a u titlovima pise Jeger. slom,,
sr-00924,https://www.youtube.com/watch?v=hpKAFB9QUZc,Tem legendado em português?,,
sr-00925,https://www.youtube.com/watch?v=hpKAFB9QUZc,al fakat jes diablo bolji neznam kako ljudima warcraft nedosadi,,
sr-00926,https://www.youtube.com/watch?v=hpKAFB9QUZc,"I watched just some scenes and decided to watch it complete. I don't know too much about east europe history, but I liked how this film showed the life of teenagers and the political topic.",,
sr-00927,https://www.youtube.com/watch?v=hpKAFB9QUZc,"Ce film montre que malgré le pays, rien ne change pour les jeunes homosexuels qui subissent les brimades et insultes diverses pour leur sexualité. Le harcèlement homophobe, quelques soient les lieux où il est fait, écoles, entreprises, vie sociale ; est un acte tout à fait réfléchit par ceux et celles qui le font subir à leurs victimes. Ce qui entraîne des suicides pour alerter ces adultes qui ne les voient pas ET surtout ne les entendent pas ; et malheureusement ne désirent pas les comprendre . 1:36:22",,
sr-00928,https://www.youtube.com/watch?v=hpKAFB9QUZc,Subtítulos en español?,,
sr-00929,https://www.youtube.com/watch?v=hpKAFB9QUZc,ovo je strasno......omladina koju je pokvarila ulicarska politika....,,
sr-00930,https://www.youtube.com/watch?v=hpKAFB9QUZc,Slaven i Nikola slejovali,,
sr-00931,https://www.youtube.com/watch?v=hpKAFB9QUZc,Добар филм кад се себере и одузме... Вратие пре 15-ак дину у рикверц... Пуче флеш и готово...,,
sr-00932,https://www.youtube.com/watch?v=hpKAFB9QUZc,dobar je fim ali mi je zavrsetak glup,,
sr-00933,https://www.youtube.com/watch?v=hpKAFB9QUZc,Hejj dali nas ima još uvjek gledo sa ga pre 2godine i imam želju da ga pogledam ponovo 22:23,,
sr-00934,https://www.youtube.com/watch?v=hpKAFB9QUZc,"Alguém sabe onde tem/como assistir a sequência desse filme, sei que o nome é Pored nas/ Next to Us mas não achei em lugar nenhum Does anyone know where/how to watch the sequel to this movie, I know the name is Pored nas/Next to Us, but I couldn't find it anywhere",,
sr-00935,https://www.youtube.com/watch?v=hpKAFB9QUZc,1:02:50 obozavam scenu twt,,
sr-00936,https://www.youtube.com/watch?v=hpKAFB9QUZc,zanimljiva priča.,,
sr-00937,https://www.youtube.com/watch?v=hpKAFB9QUZc,The translating is really bad,,
sr-00938,https://www.youtube.com/watch?v=hpKAFB9QUZc,"Smece od filma o smecu od generacije , snimljeno u smecu od drzave.",,
sr-00939,https://www.youtube.com/watch?v=hpKAFB9QUZc,Nikad neću zaboraviti ovaj film,,
sr-00940,https://www.youtube.com/watch?v=hpKAFB9QUZc,Toliko o srednjoškolcima,,
sr-00941,https://www.youtube.com/watch?v=hpKAFB9QUZc,koja je pojenta filma ?,,
sr-00942,https://www.youtube.com/watch?v=hpKAFB9QUZc,1:02:40 1:15:53 1:21:10 1:23:55,,
sr-00943,https://www.youtube.com/watch?v=hpKAFB9QUZc,Gde je snimljen film?,,
sr-00944,https://www.youtube.com/watch?v=hpKAFB9QUZc,Jedan od boljih novih filmova,,
sr-00945,https://www.youtube.com/watch?v=hpKAFB9QUZc,22:59 Kako ga je Slaven lepo opomenuo da se ne kurči da opet nebi popio batine,,
sr-00946,https://www.youtube.com/watch?v=hpKAFB9QUZc,Glavni lik TADIJA,,
sr-00947,https://www.youtube.com/watch?v=hpKAFB9QUZc,Ako ima neki film koji je gluplji od ovaj evo vi predlozite.,,
sr-00948,https://www.youtube.com/watch?v=hpKAFB9QUZc,Pa de je nastavak,,
sr-00949,https://www.youtube.com/watch?v=hpKAFB9QUZc,Од Тополе од Тополе па до Равнр Горее...,,
sr-00950,https://www.youtube.com/watch?v=hpKAFB9QUZc,"Film te bukvalno vraca u srednjoskolske dane. Tuzan, emotivan, genijalan.",,
sr-00951,https://www.youtube.com/watch?v=hpKAFB9QUZc,"Koliko su ova deca bolesna, jebo te...",,
sr-00952,https://www.youtube.com/watch?v=hpKAFB9QUZc,"bio je baš dobar film u 2015oj, evo i sad koliko godina kasnije je idalje do jaja",,
sr-00953,https://www.youtube.com/watch?v=hpKAFB9QUZc,Ne brojim koliko sam puta odgledao ovaj film...,,
sr-00954,https://www.youtube.com/watch?v=hpKAFB9QUZc,Film je predobae,,
sr-00955,https://www.youtube.com/watch?v=hpKAFB9QUZc,A zasto su je napali i ko `?? ne razumem,,
sr-00956,https://www.youtube.com/watch?v=hpKAFB9QUZc,brate je bas rekao gay rights slay,,
sr-00957,https://www.youtube.com/watch?v=hpKAFB9QUZc,it's a great move,,
sr-00958,https://www.youtube.com/watch?v=hpKAFB9QUZc,"Jelena ja sam Lovac na Jelene jebem i Milicu al u Vilicu. Promenili se, Kurac! Nema Muslimanka ili Musliman u Skolu.",,
sr-00959,https://www.youtube.com/watch?v=hpKAFB9QUZc,"hey, anyone know where i can buy this film ? i really want to support all the people who made it",,
sr-00960,https://www.youtube.com/watch?v=hpKAFB9QUZc,"Sandra"" Daj, Jelena iskuliraj to,su nam Drugari. Devojka objasnila da ne treba da ponizavamo nase, prijatelje Ma kakvi bili Ako oni Nas Voleo I postuju. Drugari Nedostaje te mi !! Cetvrto dva Zauvek u Srcu.",,
sr-00961,https://www.youtube.com/watch?v=hpKAFB9QUZc,"Gledao, sam ovaj fim 2016 godine. Jako mi se sviđao jer sam i ja bio Gimnazjalac i u Srednju muzičku školu išao. Film koji pokazuje stanje u našim Školama.",,
sr-00962,https://www.youtube.com/watch?v=hpKAFB9QUZc,Retko glup film...,,
sr-00963,https://www.youtube.com/watch?v=hpKAFB9QUZc,Gospodin koji je radio prevod je mentol,,
sr-00964,https://www.youtube.com/watch?v=hpKAFB9QUZc,"жаль, что нету в русском переводе но.. фильм отличный))))",,
sr-00965,https://www.youtube.com/watch?v=hpKAFB9QUZc,10/10 film stvarno,,
sr-00966,https://www.youtube.com/watch?v=hpKAFB9QUZc,O ovome Miroljub prica kad kaze da nece da salje dete u skolu... posaljes dete u skolu vrati se debil.,,
sr-00967,https://www.youtube.com/watch?v=hpKAFB9QUZc,"ali sveje to top smeh sala, alo kako je ""Lazar"" slusao muziku kada su im oduzeti telefoni ?",,
sr-00968,https://www.youtube.com/watch?v=hpKAFB9QUZc,Koja pesma Je koriscena Kada ju je Isidora pustila na razglasu?,,
sr-00969,https://www.youtube.com/watch?v=hpKAFB9QUZc,"insane movie, great",,
sr-00970,https://www.youtube.com/watch?v=hpKAFB9QUZc,Usrali sve sa ovim prevodom,,
sr-00971,https://www.youtube.com/watch?v=hpKAFB9QUZc,E ako išta gluplje pogledah,,
sr-00972,https://www.youtube.com/watch?v=hpKAFB9QUZc,Jedino što je dobro u ovom filmu je Haustor.,,
sr-00973,https://www.youtube.com/watch?v=hpKAFB9QUZc,lazu i za PARTIZANE na sajmistu. majku vam komunisticku jebem. tu su sigorno i prle i tihi picke usrane. i dalje nas jebu deca komunizma,,
sr-00974,https://www.youtube.com/watch?v=hpKAFB9QUZc,loshe je nagazise u garazi.... propast skolskog sistema,,
sr-00975,https://www.youtube.com/watch?v=hpKAFB9QUZc,"""pošto smo slobodna država mi imamo rešetke na prozorima""top topova",,
sr-00976,https://www.youtube.com/watch?v=hpKAFB9QUZc,Ali 'Šal od svile' od Haustora na kraju me je dotukel!,,
sr-00977,https://www.youtube.com/watch?v=hpKAFB9QUZc,"e tako,neka ste ga konacno uploadovali,i nemoj da se desi opet da film bude obrisan :D <3",,
sr-00978,https://www.youtube.com/watch?v=hpKAFB9QUZc,Hahahaha brate samo se opusti,,
sr-00979,https://www.youtube.com/watch?v=hpKAFB9QUZc,nema neta matori gde ces da (nisam dobro cuo) Kosova kam nemas fesjboka ahahhahhaha,,
sr-00980,https://www.youtube.com/watch?v=hpKAFB9QUZc,Onaj lik ima Half Life majicu,,
sr-00981,https://www.youtube.com/watch?v=hpKAFB9QUZc,Najgori period odrastanja... koji smo idioti u tom periodu...,,
sr-00982,https://www.youtube.com/watch?v=hpKAFB9QUZc,"Film je smejem se, a place mi se...Kakve degeneracije nam dolaze ovo je zlo...",,
sr-00983,https://www.youtube.com/watch?v=hpKAFB9QUZc,Da l mogli starije ljude da nađu za srednjoškolce,,
sr-00984,https://www.youtube.com/watch?v=hpKAFB9QUZc,Kako je Slaven Došlo mogao da sluša muzuku kada im je razredna oduzela telefone,,
sr-00985,https://www.youtube.com/watch?v=hpKAFB9QUZc,"Vidite ovako , ovaj film na najgori moguci nacin , odslikava vaspitanje nase dece , nezavisno o kom uzrastu se radi. Ne znam kako , neko za ovaj film , moze da kaze , svidja mi se.... Zalosna slika nase realnosti , kako u skolstvu , tako I u mnogim drugim bitnim stvarima za razvoj mladih u dobre i normalne ljude.....",,
sr-00986,https://www.youtube.com/watch?v=hpKAFB9QUZc,Dugo nisam gledala ovako dobar film,,
sr-00987,https://www.youtube.com/watch?v=hpKAFB9QUZc,Imal još ovakvih sličnih videa?,,
sr-00988,https://www.youtube.com/watch?v=hpKAFB9QUZc,"Mnogo glupi klinci, smor i krindž. Ali su geniji u odnosu na osobe koje su išle sa mnom u razred. Njih čak ne mogu ni osobama da nazovem. Fuj. Hvala bogu da se završilo.",,
sr-00989,https://www.youtube.com/watch?v=hpKAFB9QUZc,"Ova profesorka je toliko inteligentna, i dobra. Ali uzalud je sve kada predaje idiotima. Istina ovo je film, ali prikazuje surovu realnost. Sve to stoji mladost, društvo, ali ovo moralno posrnuće je užas.",,
sr-00990,https://www.youtube.com/watch?v=hpKAFB9QUZc,"Jedna rijec samo, odlicno. Velike pohvale i pozdrav iz Hrvatske :)",,
sr-00991,https://www.youtube.com/watch?v=hpKAFB9QUZc,Koliko mi je drago sto je onaj Dinkić uvredio onu razmaženu pičku,,
sr-00992,https://www.youtube.com/watch?v=hpKAFB9QUZc,super eskurzija ....pronasli su sebe...,,
sr-00993,https://www.youtube.com/watch?v=hpKAFB9QUZc,"kakvo smece, obrisite ovo neka ide odmah u kantu",,
sr-00994,https://www.youtube.com/watch?v=hpKAFB9QUZc,ovo je predobro,,
sr-00995,https://www.youtube.com/watch?v=hpKAFB9QUZc,"Sranje od filma,psovke,vulgarnosti,jadna nasa omladina!",,
sr-00996,https://www.youtube.com/watch?v=hpKAFB9QUZc,sa ovakvim filmovima nikad necete izmiriti narod samo serete o turcima siptarima i o ostalima mozeli i jedan film bez nacizma,,
sr-00997,https://www.youtube.com/watch?v=hpKAFB9QUZc,"Isidora mery shaly ih zakljucala i kontrolise celu situaciju u dilu s profesrkom jasno ko dan.Pofesorka cekala da ova izadje ujutro da vidi dal je sve uredu, jer mary je znala sifru sefa gse uzela kljuc, ovaj film e dokaz da preskupo placamo svoje grehe i zbog jednog degenerika svi ispastaju i jos je ludje i jadnije sto on jedan snimak uzima da bih bacio najdivnije putovanje koje se desi jednom u životu i ostaje u secanju gde ga nemoze niko uzet, ukrast to putovanje se zove ekskurzija.",,
sr-00998,https://www.youtube.com/watch?v=hpKAFB9QUZc,Pitam se gdje su sad ovi glumci i nadam se da cete nastaviti praviti filmove,,
sr-00999,https://www.youtube.com/watch?v=hpKAFB9QUZc,koji debilizam of filma jezivo,,
sr-01000,https://www.youtube.com/watch?v=hpKAFB9QUZc,"Gledao sam ovaj film jos kada je izasao svideo mi se posle sam ga trazio i uvek nadjem ceo film ali ne u hd rezoluciji,hvala majstore svaka cast",,
sr-01001,https://www.youtube.com/watch?v=hpKAFB9QUZc,gle ga radovan half life majcu,,
sr-01002,https://www.youtube.com/watch?v=hpKAFB9QUZc,"1:09:00 imao sam ja ortaka u vojsci,,govorio da je iz Zemuna a bio iz Dobanovaca",,
sr-01003,https://www.youtube.com/watch?v=hpKAFB9QUZc,"10:10 koliko se visilo na ovim stepenicama, nekad je bio klubic Dolar tu pored, ovaj gde je naredna scena",,
sr-01004,https://www.youtube.com/watch?v=hpKAFB9QUZc,Sviđa mi se film. Svi su posebni na svoj načinn. Tužan je i emotivan u istinit. I istinit. *,,
sr-01005,https://www.youtube.com/watch?v=hpKAFB9QUZc,Kako li se zove ona pesma od icy hahahaha,,
sr-01006,https://www.youtube.com/watch?v=hpKAFB9QUZc,Ova sala za fizicko je u hemijsko- prehrambenenoj tehnološkoj skoli na Banovom brdu.,,
sr-01007,https://www.youtube.com/watch?v=hpKAFB9QUZc,ovaj matija isti filozof iz lajanje na zvezde,,
sr-01008,https://www.youtube.com/watch?v=hpKAFB9QUZc,2021 jel nas ima,,
sr-01009,https://www.youtube.com/watch?v=hpKAFB9QUZc,Najgluplji film ikada,,
sr-01010,https://www.youtube.com/watch?v=hpKAFB9QUZc,"Film je ok i vredan gledanja, sa par nerealnih detalja. Npr ona Pink fufica koja sve laže o sebi i javno ponižava najbolju drugaricu je baš loša osoba. Takve nikad ne priznaju ko su zapravo, nastavljaju da lažu o sebi i kada ih svi provale.",,
sr-01011,https://www.youtube.com/watch?v=hpKAFB9QUZc,*Vengo de Tiktok*,,
sr-01012,https://www.youtube.com/watch?v=hpKAFB9QUZc,"Ja bi voleo da sam isao sa ovima u skolu,znam da je ovo film al da je realnost",,
sr-01013,https://www.youtube.com/watch?v=hpKAFB9QUZc,Није ми најјасније зашто се све врти око Исидоре ?,,
sr-01014,https://www.youtube.com/watch?v=hpKAFB9QUZc,"Preso 12 puta level sam 89 ,Brat objasnio",,
sr-01015,https://www.youtube.com/watch?v=hpKAFB9QUZc,Da li nas ima ovaj film gledam dugo I izgleda da ga još nemogu izbaciti iz glave 2021,,
sr-01016,https://www.youtube.com/watch?v=hpKAFB9QUZc,57:17 Златан Ибрахимовић гледао филм,,
sr-01017,https://www.youtube.com/watch?v=hpKAFB9QUZc,I ko na kraju prebio razrednu??,,
sr-01018,https://www.youtube.com/watch?v=hpKAFB9QUZc,"Postoje pravila igre, ti znaš da ne možeš sam...",,
sr-01019,https://www.youtube.com/watch?v=hpKAFB9QUZc,"Film je realan, samo što u stvarnosti se ne dogode uglavnom ovi raspleti na kraju",,
sr-01020,https://www.youtube.com/watch?v=hpKAFB9QUZc,"hello from turkey , congrats for the film.",,
sr-01021,https://www.youtube.com/watch?v=hpKAFB9QUZc,1:29:37 - ovo mi je ubedljivo najdraža scena.,,
sr-01022,https://www.youtube.com/watch?v=hpKAFB9QUZc,Ovaj film je polu strasan a polu brutalan,,
sr-01023,https://www.youtube.com/watch?v=hpKAFB9QUZc,this was… special,,
sr-01024,https://www.youtube.com/watch?v=hpKAFB9QUZc,Koja je ovo pesma što ju je Isidora pustila,,
sr-01025,https://www.youtube.com/watch?v=hpKAFB9QUZc,lol what tiktok can do,,
sr-01026,https://www.youtube.com/watch?v=hpKAFB9QUZc,cadê a legenda desse caralho que ódio,,
sr-01027,https://www.youtube.com/watch?v=hpKAFB9QUZc,I came from tiktok. I have been in Serbja few years ago. I have lived in Croatia so I remember few words. :) sending kisses from Peru.,,
sr-01028,https://www.youtube.com/watch?v=hpKAFB9QUZc,nisam fan domaćih filmova ali film je jebeno dobar prikazuje realnu stvarnost današnjice. zanima me da li itko zna dali ima drugi dio?,,
sr-01029,https://www.youtube.com/watch?v=hpKAFB9QUZc,pov you’re hear from tiktok,,
sr-01030,https://www.youtube.com/watch?v=hpKAFB9QUZc,Someone from TikTok ??,,
sr-01031,https://www.youtube.com/watch?v=hpKAFB9QUZc,What the parties they are talking about?,,
sr-01032,https://www.youtube.com/watch?v=hpKAFB9QUZc,Excellent movie. The last Yugoslav film I saw was 'Powder Keg' from 1998. I say 'Yugoslav' using Goldstein's insistence with the term in his book '1941: The Year that keeps returning'. As a country of 22 million I reckon it worked the best after Nazi defeat (1945) till the internecine wars of 1991-95. Great people. Very 'latin'. I met quite a few in London after '91. Pity that German reunification in 1989 ruined everything with their support of the Croat nationalist HDZ.,,
sr-01033,https://www.youtube.com/watch?v=hpKAFB9QUZc,вратите ми изгубљених сат ипо,,
sr-01034,https://www.youtube.com/watch?v=hpKAFB9QUZc,Mogli ste neke mladje nać...Ovi izgledaju ko da su i fax zavrsili...,,
sr-01035,https://www.youtube.com/watch?v=hpKAFB9QUZc,"1:17:56 Straight-aši balave,gejevi se klanjaju!‍",,
sr-01036,https://www.youtube.com/watch?v=hpKAFB9QUZc,"Matea -Sofija iz ""Igra sudbine""u klupi))Preslatka je i SUSTA SUPROTNOST OD ULOGE SOFIJE..OVA DVA TIPA SU TOP,STETA STO SU P....((SVAKA CAST I ZA FILM I MUZIKU))POZZ SVIMA.",,
sr-01037,https://www.youtube.com/watch?v=hpKAFB9QUZc,"44:55 ""Glasaćeš za Hašima Tačija"" a u prevodu piše ""Obama"" hahah",,
sr-01038,https://www.youtube.com/watch?v=hpKAFB9QUZc,Scena u skoli je najbolja gde se cuje pesma od benda Diorama-Advance :D,,
sr-01039,https://www.youtube.com/watch?v=hpKAFB9QUZc,57:08 kako se zove muzika,,
sr-01040,https://www.youtube.com/watch?v=hpKAFB9QUZc,Како су слатки Матија и Софија заједно,,
sr-01041,https://www.youtube.com/watch?v=hpKAFB9QUZc,Dobar film kao da je radjen u hollywoodu,,
sr-01042,https://www.youtube.com/watch?v=hpKAFB9QUZc,Moze li se film reaplodati na druge kanale,,
sr-01043,https://www.youtube.com/watch?v=hpKAFB9QUZc,53:10 girl can't take a hint,,
sr-01044,https://www.youtube.com/watch?v=hpKAFB9QUZc,Jedan od najboljih filmova za koje znam svaka čast!!!,,
sr-01045,https://www.youtube.com/watch?v=hpKAFB9QUZc,Ова Сандра ( Матеа ) је предобра риба,,
sr-01046,https://www.youtube.com/watch?v=hpKAFB9QUZc,"Najranija mladost, prikazana u ovom filmu, tako je lijepa i bolna u isto vrijeme. Za razliku od mnogih koji pričaju loše o novim generacijama, uvijek ću biti na strani mladih generacija, smatrajući ih i vjerujući da su najpametnije do sad. I sam sam mlad, ali mislim na generaciju u ovom filmu (generacija 90 s, pa i 2000 s). Nije ovo nikakvo romantizovanje mladosti ili dodvoravanje mladima, već stvar evolucije i napretka kao jedinih ideala u koje vjerujem. Fantastičan film. Jedan od najboljih, ikad. p.s. Mlade generacije, sjajne ste. Ne dozvolite da prihvatite da ste ono, što pričaju oni, koji vas osuđuju. Budite ono što jeste u svakom trenutku i samo nikad ne budite nasilni prema drugačijima, jer svi ste/smo drugačiji i posebni. I sve će biti sve bolje i bolje..",,
sr-01047,https://www.youtube.com/watch?v=hpKAFB9QUZc,Ko ce sad da mi vrati izgubljenih sat ipo zivota ?,,
sr-01048,https://www.youtube.com/watch?v=hpKAFB9QUZc,Ova serija je najacaaaaaaaaaaaaaaaaaaaaaaaaaaaaaaaaaaaaaaaaaaaaaaaaaaaaaaaaaaaaaaa,,
sr-01049,https://www.youtube.com/watch?v=hpKAFB9QUZc,Овај филм ми никад није привукао пажњу али ево гледам и свиђа ми се,,
sr-01050,https://www.youtube.com/watch?v=hpKAFB9QUZc,U kojoj skoli je ovo snimano?,,
sr-01051,https://www.youtube.com/watch?v=hpKAFB9QUZc,Film je remek delo za južni vetar....vrh,,
sr-01052,https://www.youtube.com/watch?v=hpKAFB9QUZc,The only English comment you ever find ion always get likes,,
sr-01053,https://www.youtube.com/watch?v=hpKAFB9QUZc,svi mi ih hemijske,,
sr-01054,https://www.youtube.com/watch?v=hpKAFB9QUZc,NI KURVE NAS NE VOLE TB87 NALEPNICA NASA VAM NA ZIDU IZA,,
sr-01055,https://www.youtube.com/watch?v=hpKAFB9QUZc,Kraj je sranje.,,
sr-01056,https://www.youtube.com/watch?v=hpKAFB9QUZc,Full je film i sve al jebes mi mater ne kontam kraj ae pomoc,,
sr-01057,https://www.youtube.com/watch?v=hpKAFB9QUZc,Uzela im telefone a ovaj slusa muziku na slusalicama,,
sr-01058,https://www.youtube.com/watch?v=hpKAFB9QUZc,"Hi everybody, does anybody know the name of the song at 57:12?",,
sr-01059,https://www.youtube.com/watch?v=hpKAFB9QUZc,1:20:03 Za palog brata,,
sr-01060,https://www.youtube.com/watch?v=hpKAFB9QUZc,"Dobro uradjen film, svaka cast mladim glumcima i reziji.",,
sr-01061,https://www.youtube.com/watch?v=hpKAFB9QUZc,Interesting characters but way too many of them. Perhaps the film can narrow down to focus on a few key ones and develop more of their character arcs. Too much not known about their background or where their future lies. Too many characters to look at so there's a loss of focus and makes the film incomplete. Probably fit better in a series than a movie.,,
sr-01062,https://www.youtube.com/watch?v=hpKAFB9QUZc,1:17:57 ni za zilijardu evra nebih snimio ovu scenu,,
sr-01063,https://www.youtube.com/watch?v=hpKAFB9QUZc,MOMAK SA DUGOM KOSOM I KAPICOM ?!?!?!? PLIZZZ,,
sr-01064,https://www.youtube.com/watch?v=hpKAFB9QUZc,Film je brutalan ali nazalost ovo je istina kod nas (balkan) jbg,,
sr-01065,https://www.youtube.com/watch?v=hpKAFB9QUZc,to care trazio sam film i nisam ga nasa osim kod tebe bog sii,,
sr-01066,https://www.youtube.com/watch?v=hpKAFB9QUZc,1sat 22min 23sekunde napolje su a fora zakljucani,,
sr-01067,https://www.youtube.com/watch?v=hpKAFB9QUZc,"Nazalost , moj razred ,sadasnje ll1 ZTS , je nesto slicno ovome. Nadam se da cemo se malo bolje upoznati do kraja skolovanja i da cemoo ostati u secanju jedni drugima. Ovim putem ih pozdravljam. Strahinja Bojic . Uloga u kojoj sam se pronasao je bio frajer sa GNR majcom .",,
sr-01068,https://www.youtube.com/watch?v=hpKAFB9QUZc,Bjezi mile preko drine eto ide Alija,,
sr-01069,https://www.youtube.com/watch?v=hpKAFB9QUZc,46:36 alo ova zika u pozadini jel zna neko,,
sr-01070,https://www.youtube.com/watch?v=hpKAFB9QUZc,51:45 moze link pesme sa ovim delom,,
sr-01071,https://www.youtube.com/watch?v=hpKAFB9QUZc,Kad izlazi Pored nas?,,
sr-01072,https://www.youtube.com/watch?v=hpKAFB9QUZc,moja skola al buk,,
sr-01073,https://www.youtube.com/watch?v=hpKAFB9QUZc,Koja je poenta filma,,
sr-01074,https://www.youtube.com/watch?v=hpKAFB9QUZc,"Pls snimi nastavak ovog filma ""pored nas 2017"" pls nigdje nmg nac",,
sr-01075,https://www.youtube.com/watch?v=hpKAFB9QUZc,Strahinja idi dok si mlad koji kralj,,
sr-01076,https://www.youtube.com/watch?v=hpKAFB9QUZc,Jedva cekam da ja odem u srednju na ovakvu bleju,,
sr-01077,https://www.youtube.com/watch?v=hpKAFB9QUZc,Neseri za thompsona,,
sr-01078,https://www.youtube.com/watch?v=hpKAFB9QUZc,Hvala ti! Napokon dobar film... drugi deo trebo da izade u 2019.,,
sr-01079,https://www.youtube.com/watch?v=hpKAFB9QUZc,Bilo bi bolje da je bilo vise uspelog muvanja sa zavrsetkom zna se kako... i manje pederisanja,,
sr-01080,https://www.youtube.com/watch?v=HMIfPTqxmWw,Svuda gdeje KOJO toje vrh,,
sr-01081,https://www.youtube.com/watch?v=HMIfPTqxmWw,Wish it had subtitles,,
sr-01082,https://www.youtube.com/watch?v=HMIfPTqxmWw,jbm mater i tebi i reklamama silnim,,
sr-01083,https://www.youtube.com/watch?v=HMIfPTqxmWw,"Jedna od najbolnijih scena ikad snimljenih je kad Djordje (Mladen Andrejevic) prica o svojoj deci i pokojnoj supruzi. Jako je pozitivno to sto danas ovaj film ima mnogo pozitivnih komentara, izrazenih kroz podrsku i postovanje, sto ranije nikako nije bio slucaj. Postoji sansa da se polako odviknemo od mrznje i sovinizma.",,
sr-01084,https://www.youtube.com/watch?v=HMIfPTqxmWw,Reklama svaki tri minute,,
sr-01085,https://www.youtube.com/watch?v=HMIfPTqxmWw,"Odličan film, pun humora!!!",,
sr-01086,https://www.youtube.com/watch?v=HMIfPTqxmWw,1:18:55 ja kada vidim nekoga da stavlja kečap na picu,,
sr-01087,https://www.youtube.com/watch?v=HMIfPTqxmWw,"pozdrav, zna li neko ime glumca koji igra karte sa naocarima na potiljku.. u crnom..bez kose? na 55:16? Na imdb nema jasno napisano..bar ne meni...",,
sr-01088,https://www.youtube.com/watch?v=HMIfPTqxmWw,"pozdrav, zna li neko ime glumca koji igra karte sa naocarima na potiljku.. u crnom..bez kose? Na imdb nema",,
sr-01089,https://www.youtube.com/watch?v=HMIfPTqxmWw,"Kojo najaci glumac, ali pederska posla ne podnosim",,
sr-01090,https://www.youtube.com/watch?v=HMIfPTqxmWw,Vratices kad imas Sta si cuo? Sutra da vratis paree,,
sr-01091,https://www.youtube.com/watch?v=HMIfPTqxmWw,Najjaci glumac ovaj makedonac,,
sr-01092,https://www.youtube.com/watch?v=HMIfPTqxmWw,1:02:37 ubijao sam i ljude i srbe,,
sr-01093,https://www.youtube.com/watch?v=HMIfPTqxmWw,Živ je! I ti si,,
sr-01094,https://www.youtube.com/watch?v=HMIfPTqxmWw,Ceo film je parodija na 7 velicanstvenih...,,
sr-01095,https://www.youtube.com/watch?v=HMIfPTqxmWw,komedija je super ali presme[no,,
sr-01096,https://www.youtube.com/watch?v=HMIfPTqxmWw,Trebalo ih je vise stradati i malo manje plakati,,
sr-01097,https://www.youtube.com/watch?v=HMIfPTqxmWw,PA STA JE TU BLAM BRE COVEČE SVAKOM PO SOMA ZA 3 ČUKE POSLA,,
sr-01098,https://www.youtube.com/watch?v=HMIfPTqxmWw,"Fim ne vredi gledti, svaka dva min idu reklame.",,
sr-01099,https://www.youtube.com/watch?v=HMIfPTqxmWw,"Film je extra sve super legende a LGBT FUUJJ, MENI NA ZAPADU UZEŠE DJETE PEDERI IZ SOCIJALNOG I TO BUKVALNO PEDERI I RADE VRLO ODVRATNE STVARI, TO JE KUGA BOLEST I TREBA SVE TO DA SE LEČI, INAČE PROTIV SAM NASILJA",,
sr-01100,https://www.youtube.com/watch?v=HMIfPTqxmWw,Lijepo za gledati. Hvala na videu.,,
sr-01101,https://www.youtube.com/watch?v=HMIfPTqxmWw,Breko gymec bret neka sin dreva. Decy mesev o piejea obdesate Mene dysko redeac pezeste,,
sr-01102,https://www.youtube.com/watch?v=HMIfPTqxmWw,Ovo je najbolji film na svetu i gledam je svako veče,,
sr-01103,https://www.youtube.com/watch?v=HMIfPTqxmWw,Ma sto nema nikad text na filmove,,
sr-01104,https://www.youtube.com/watch?v=HMIfPTqxmWw,"JA, CURA, BOCA KRUŠKOVCA, I GEJ PRAVA!!!!!!",,
sr-01105,https://www.youtube.com/watch?v=HMIfPTqxmWw,"u ovom filmu inspektor prebio limuna, a u filmu cetvrti covek limun je ubio inspektora",,
sr-01106,https://www.youtube.com/watch?v=HMIfPTqxmWw,Ima 26.12.2025 pozdrav iz Schweizarske,,
sr-01107,https://www.youtube.com/watch?v=HMIfPTqxmWw,Trasan film odusevili me koja i ekipa iz rata to se zovu pravi prijatelji a ovo sto se tice same parade protiv sam al to je moje misljenje,,
sr-01108,https://www.youtube.com/watch?v=HMIfPTqxmWw,Al ga glumi pedera,,
sr-01109,https://www.youtube.com/watch?v=HMIfPTqxmWw,"Koliko god da sam ga puta pogledala,svaki put oplačem..",,
sr-01110,https://www.youtube.com/watch?v=HMIfPTqxmWw,"1:38:08 ""Ovo što si mi ti omogućio, ni'ko mi ne bi omogućio.. -Šta? - Da jeben Srbima mater usrid Beograda.."". Ali Limunov odgovor je mrak; ""Pamti pa vrati.."" Odlična zeka, odličan film..",,
sr-01111,https://www.youtube.com/watch?v=HMIfPTqxmWw,"Dobar film, malo pederski, al dobar",,
sr-01112,https://www.youtube.com/watch?v=HMIfPTqxmWw,"Pozdrav iz Lajkovca dobri moji drugari . Svi smo mi ljudi, i mi na ovom belom dunjaluku nismo tu da sudimo o drugima, ima ko vodi brigu o tome. Ako je našim drugima lepo meni još lepše, još jednom sve su to nasi prijatelji, komšije, braća, kumovi i tako... Pozdrav",,
sr-01113,https://www.youtube.com/watch?v=HMIfPTqxmWw,"Koliko puta sam gledala ovaj film i svaki put se odusevim. A glumci,svi su mnogo dobro odigrali uloge,cak i Relja koji nije glumac.",,
sr-01114,https://www.youtube.com/watch?v=HMIfPTqxmWw,38:45 Relevantno i dan danas hahahaha,,
sr-01115,https://www.youtube.com/watch?v=HMIfPTqxmWw,o jebemti je mi ovaj film falio hahaha predobro,,
sr-01116,https://www.youtube.com/watch?v=HMIfPTqxmWw,OVO. JE. VELIKA. SRAMOTA. ZA. KINEMATOGRAFIJU. ŠTO. SU. UOPŠTE. SNIMILI. OVAKAV. FILM. PORED. OVAKO. LIJEPI. ŽENA.,,
sr-01117,https://www.youtube.com/watch?v=HMIfPTqxmWw,Spakovan si Papaj ga sad majmune,,
sr-01118,https://www.youtube.com/watch?v=HMIfPTqxmWw,Dali nekog ima 2025,,
sr-01119,https://www.youtube.com/watch?v=HMIfPTqxmWw,"Pederluk i paradu ne podržavam, ali ljudi su ljudi",,
sr-01120,https://www.youtube.com/watch?v=HMIfPTqxmWw,"Штета Никола што си на тако ниске гране спао па да због новца (вероватно) снимиш овакав филм где на крају пише да смо сви ми који поштујемо и негујемо патријархалне вредности неонацисти.. Ја у животу нисам доживео овакво понижење. Сви знамо да су америка и еу платили овај филм али је право дно чак и поред твојих глумачких бравура Никола. Некада си био оличење хетеросексуалности,прави Српски мушкарац заводник а сада си само бледа прашина тога. Мењамо се сви,да али у души остајемо увек исти.",,
sr-01121,https://www.youtube.com/watch?v=HMIfPTqxmWw,3:02 za Ferrari u Formuli 1,,
sr-01122,https://www.youtube.com/watch?v=HMIfPTqxmWw,"kad si spreman zbog nekoga ili nečega da izađeš na crtu, samo se to računa \m/",,
sr-01123,https://www.youtube.com/watch?v=HMIfPTqxmWw,Muy buena! Saludos desde México,,
sr-01124,https://www.youtube.com/watch?v=HMIfPTqxmWw,Dobar film ali izbacite ovo “hrvatski.” Ovo je srpski film 1/1,,
sr-01125,https://www.youtube.com/watch?v=HMIfPTqxmWw,Ко је филм финансирао? И из ког разлога?! СФРЈ дивни људи!,,
sr-01126,https://www.youtube.com/watch?v=HMIfPTqxmWw,"Godinama po snimanju ovog filma, pederi, lezbejke i prajd javno i po ulicama i dalje nisu prihvaćeni. U Srbiji se i dalje smatra bolesnim biti gej, i nema izgleda da će se to promeniti.",,
sr-01127,https://www.youtube.com/watch?v=HMIfPTqxmWw,"Predivan tragikomičan film, pokušao sam da pričam o ovom filmu ljudima koji nisu sa Balkana. Da li negde postoji verzija sa engleskim titlovima?",,
sr-01128,https://www.youtube.com/watch?v=HMIfPTqxmWw,Rokamooo seee muskiiii,,
sr-01129,https://www.youtube.com/watch?v=HMIfPTqxmWw,"E da je stvarno ovako bilo bi top. Samo ovde su prikazani normalni ljudi, a normalni su u stvarnosti 80% stoka bolesna nepismena i oni cine zlocine. Nerealno",,
sr-01130,https://www.youtube.com/watch?v=HMIfPTqxmWw,Pu jebo te babo bradati,,
sr-01131,https://www.youtube.com/watch?v=HMIfPTqxmWw,Svaka čast za film!!!!!,,
sr-01132,https://www.youtube.com/watch?v=HMIfPTqxmWw,"Зборев со Тони пред години. Ми кажа дека сценариото било скроз различно. Ама вечерта пред снимањето, слушнале двајца камермани како зборат што направиле ""нивните"" во околина на Дебар. Срѓан ги слушнал и во следното сабајле го снимиле ова ремек дело.",,
sr-01133,https://www.youtube.com/watch?v=HMIfPTqxmWw,"""Evo četnika, evo ustaše, samo vam još peder hvali..."" nema bolji film!!!",,
sr-01134,https://www.youtube.com/watch?v=HMIfPTqxmWw,"Film je Srpski a ne Srpsko Hrvatski, to sto ima jedan glumac iz Hrvatske ne znaci da je film Hrvatski.... Iako nije bitno, činjenice su činjenice...",,
sr-01135,https://www.youtube.com/watch?v=HMIfPTqxmWw,"""CIGAN"" --> (cigan)....nepogrdni naziv za Srbe. Koristi ga cijeli svijet.",,
sr-01136,https://www.youtube.com/watch?v=HMIfPTqxmWw,"U kojem dijelu filma je Sidji do reke , kakve sam srice uvik ga preskocim, ako ga neko oznaci hvala najlipsa <3",,
sr-01137,https://www.youtube.com/watch?v=HMIfPTqxmWw,Zakaj niso dali vsaj podnapisov v latinici.... bi bilo bolj gledljivo če slučajno ne ujameš katere besede tu in tam....,,
sr-01138,https://www.youtube.com/watch?v=HMIfPTqxmWw,Smeće od filma.,,
sr-01139,https://www.youtube.com/watch?v=HMIfPTqxmWw,Jel iko zna kako se zove glazba koja svira dok citaju papir na sprovodu,,
sr-01140,https://www.youtube.com/watch?v=HMIfPTqxmWw,sramota da je i HR sudjelovala u toj izopačenosti jedini film koji Nikola Kojo NIJE trebao da snimi,,
sr-01141,https://www.youtube.com/watch?v=HMIfPTqxmWw,kakva ekippa nevjerovatno....svaka cast film je top topova,,
sr-01142,https://www.youtube.com/watch?v=HMIfPTqxmWw,Glup film ko kurac,,
sr-01143,https://www.youtube.com/watch?v=HMIfPTqxmWw,Šećer je najslađi,,
sr-01144,https://www.youtube.com/watch?v=HMIfPTqxmWw,FILM JE REMEK DJELO,,
sr-01145,https://www.youtube.com/watch?v=HMIfPTqxmWw,"Супер филм, Поздрав из Француске, иначе 2 пут га гледах",,
sr-01146,https://www.youtube.com/watch?v=HMIfPTqxmWw,"Kupovali smo velike televizore 16:9, ali filmovi se obično režu u omjeru 21:9. Treba li prodati bubrege za stvarno veliki TV da bi imao veliku sliku?",,
sr-01147,https://www.youtube.com/watch?v=HMIfPTqxmWw,"Koliko sam skužio četnik mrzi ustašu , ustaša mrzi četnika , musliman mrzi obadvojicu a svi zajedno mrze peškire",,
sr-01148,https://www.youtube.com/watch?v=HMIfPTqxmWw,Isti ovakav dart imam kad dolaze kod hrvata,,
sr-01149,https://www.youtube.com/watch?v=HMIfPTqxmWw,Shiptar is not a derogatory term for Shqiptars. They call themselves like that.,,
sr-01150,https://www.youtube.com/watch?v=HMIfPTqxmWw,"jao molim lepo uradite engleske titlove,, ako treba ja cu nekako pomoci samo molim lepo",,
sr-01151,https://www.youtube.com/watch?v=HMIfPTqxmWw,Sjajna propaganda za sirenje gej aktivnosti,,
sr-01152,https://www.youtube.com/watch?v=HMIfPTqxmWw,Film je za Oskar,,
sr-01153,https://www.youtube.com/watch?v=HMIfPTqxmWw,Одвратно промовисање одвратности. Сам увод издавачке куће је ђаволски.,,
sr-01154,https://www.youtube.com/watch?v=HMIfPTqxmWw,Onog pedofila trebalo je roknuti na rodjenju.,,
sr-01155,https://www.youtube.com/watch?v=HMIfPTqxmWw,"Bravo za produkciju, scenario i glavne uloge. Sa velikim postovanjem prema svim glumcima koji su fenomenalni, ali, bez Nikole Koljevica, ovaj film ne bi imao toliku tezinu.. Koliko je bitan scenario jednog filma, jos su bitniji glumci. Jer dobar scenario sa dobrim glumcima stvara trajnost filma",,
sr-01156,https://www.youtube.com/watch?v=HMIfPTqxmWw,KLASIK TV 1.-2.-3. DEL,,
sr-01157,https://www.youtube.com/watch?v=HMIfPTqxmWw,"Срђане Драгојевићу, кад се већ бавиш српским друштвеним изазовима и проблемима, што не направиш играни филм о томе како српски народ живи у гету на Космету и како српска дјеца не знају шта значи шетати рођеним градом у вечерњим часовима?",,
sr-01158,https://www.youtube.com/watch?v=HMIfPTqxmWw,fore brutalne poruka filma uzasna...smrt zapadnim vrednostima,,
sr-01159,https://www.youtube.com/watch?v=HMIfPTqxmWw,Odlican film pozdarav iz Bosne,,
sr-01160,https://www.youtube.com/watch?v=HMIfPTqxmWw,"Od svih naziva jedini pogrdni nazivi su peder i balija. Siptar ili Sqiptare je izvorni naziv za Albance, a ustase i cetnici se ponose kada ih zoves tako!",,
sr-01161,https://www.youtube.com/watch?v=HMIfPTqxmWw,Nikakvi neonacisti nisu bili na ulicama Beograda od 20.10.1944.,,
sr-01162,https://www.youtube.com/watch?v=HMIfPTqxmWw,Valjda je svima jasno zasto su buljasi odvratni. Ne zbog seksualnog opredeljenja vec zbog ogavnog ponasanja.,,
sr-01163,https://www.youtube.com/watch?v=HMIfPTqxmWw,Opste ne razumem tu mrznju a pogotovo ne da se to zove bolest bog nas svakaki stvario,,
sr-01164,https://www.youtube.com/watch?v=HMIfPTqxmWw,1:05:18 Eto vidite seronji kako mi možemo da živimo zajedno,,
sr-01165,https://www.youtube.com/watch?v=HMIfPTqxmWw,"""Jel, rekao nesto ovaj...? ...ma nije, malo je umoran od puta""",,
sr-01166,https://www.youtube.com/watch?v=HMIfPTqxmWw,"Činjenica da se na kraju Limun sprijateljio sa ovim pederima pokazuje samo da ma koliko si ""zajeban"" uvek ima ono dobrog u tebi",,
sr-01167,https://www.youtube.com/watch?v=HMIfPTqxmWw,"pozdrav zna li neko koju pesmu pevuse gosti kafe Oluja na 54.19.? nesto ""kapusta na sve strane..""",,
sr-01168,https://www.youtube.com/watch?v=HMIfPTqxmWw,Eh da su Gondzi stvarno polupali glavu ne bi silovao onog momka u wc-u i upropastio mu zivot. Mozete u filmu predstaviti bolesnike za heroje a istina je samo to da su zapravo izopaceni bolesnici.,,
sr-01169,https://www.youtube.com/watch?v=HMIfPTqxmWw,Film bolji od Tome,,
sr-01170,https://www.youtube.com/watch?v=HMIfPTqxmWw,Викај го Ноета. Или Робокоп. На воља ти.,,
sr-01171,https://www.youtube.com/watch?v=HMIfPTqxmWw,Absolute cinema,,
sr-01172,https://www.youtube.com/watch?v=HMIfPTqxmWw,"Филмчиште, хаос... ролеркостер од емоции...",,
sr-01173,https://www.youtube.com/watch?v=HMIfPTqxmWw,"Dobar film. Od domaćih filmova sam odustao pre par decenija, tu negde dok su se svi oduševljavali kengurom, munjama i andjelima 2,3... koji su meni realno sranje. Nisam očekivao da ću videti još neki domaći film koji će da me oduševi. Sad moram da prekopam ove nove filmove i serije da vidim gde sam se sve zajebo'.",,
sr-01174,https://www.youtube.com/watch?v=HMIfPTqxmWw,Bravo momci svaka Vama čast ali tužan kraj. Pozdrav iz Slovenije!!!!!,,
sr-01175,https://www.youtube.com/watch?v=HMIfPTqxmWw,Jel tebe to boli?Boli.Pa što trpiš bre?,,
sr-01176,https://www.youtube.com/watch?v=HMIfPTqxmWw,Mi ubosni predkućom držimo patuljke....,,
sr-01177,https://www.youtube.com/watch?v=HMIfPTqxmWw,"Najjače mi je kad limun veli onom kraj bazena ""KAD SI ZBOG NEKOG ILI NECEG SPREMAN STAT NA CRTU, SAMO SE TO RACUNA""",,
sr-01178,https://www.youtube.com/watch?v=HMIfPTqxmWw,Potrošeno vreme na pogrešan film. Na kraju poruka da su heroji pederi. Suptilno nam ispiru mozak i nameću pogrešne vrednosti,,
sr-01179,https://www.youtube.com/watch?v=HMIfPTqxmWw,"Poenta filma je kako vidim da ljudi treba da budu ljudi,uvek slozni uprkos razlikama.Da se sve moze resiti na miran nacin.Kompromis uvek postoji samo ako ga ljudi zele,dok ga neljudi ne zele.Paradu ponosa NE PODRZAVAM!!!!",,
sr-01180,https://www.youtube.com/watch?v=HMIfPTqxmWw,Како се зове музика на 1:06:29?,,
sr-01181,https://www.youtube.com/watch?v=HMIfPTqxmWw,"Како""croatien""?филм живота ти?",,
sr-01182,https://www.youtube.com/watch?v=HMIfPTqxmWw,Da li neko gleda u 2024 godini,,
sr-01183,https://www.youtube.com/watch?v=HMIfPTqxmWw,Mali magarac još nije doživio da je hajduk osvojio titulu.,,
sr-01184,https://www.youtube.com/watch?v=HMIfPTqxmWw,Fenomenalan film,,
sr-01185,https://www.youtube.com/watch?v=HMIfPTqxmWw,Zašto žele parade? Privatan život ostaje u četiri zida. Nećemo mi kršćani prihvatiti tu izopačenost.,,
sr-01186,https://www.youtube.com/watch?v=HMIfPTqxmWw,1:09:53 59:37 1:04:15,,
sr-01187,https://www.youtube.com/watch?v=HMIfPTqxmWw,"Odlican film, steta sto je pravljen samo da bi sirio propagandu.",,
sr-01188,https://www.youtube.com/watch?v=HMIfPTqxmWw,A nas Bosnian ko hebe aa...Cuj Srbo-Croatian movie..Ma nabijem i vas,,
sr-01189,https://www.youtube.com/watch?v=HMIfPTqxmWw,Лоша геј пропаганда,,
sr-01190,https://www.youtube.com/watch?v=HMIfPTqxmWw,На улицама Београда и Србије и даље хуље пребијају људе само зато што не желе да буду људи.,,
sr-01191,https://www.youtube.com/watch?v=HMIfPTqxmWw,Ne razumem da u kreditima ima prevod na engleski a u filmu ni traga od istog.,,
sr-01192,https://www.youtube.com/watch?v=HMIfPTqxmWw,"Šta trpiš to, čoveče...",,
sr-01193,https://www.youtube.com/watch?v=HMIfPTqxmWw,Po prvi put gledala i oduševljena glumačkim legendama svaka čast‍,,
sr-01194,https://www.youtube.com/watch?v=HMIfPTqxmWw,"Pogledao sam ovaj film davno i dobar je film.... ja sam Hrvat i zaista nemam ništa protiv srpskog naroda što više volim ih više nego i jedan drugi narod na svijetu... i čitatelju ove poruke se duboko zahvaljujem na razumijevanju ALI..... vaše srpske crkve i ""veliko srpska politika"" ne priznaju Hrvate i što više prozivaju našu isjeckanu i izdijeljenu ""zemlju Hrvata"" svojom (što u isto vrijeme hrvati ne rade i pomirljivi su) ..... ja razumijem ponos Srba ali ako uistinu želite znati istinu morate poslušati obadvije strane.... Hrvatska politika nije hrvatski narod... Pravi ponosni Hrvati su prisiljeni napustiti Hrvatsku zemlju zbog nedomoljubnih ljudi na vlasi ,veleizdajnika i izroda Hrvatskoga.... do te mjere da smo počeli gubiti suverenitet.... Hrvati i Srbi ne surađuju dobro na politici i nikada neće .... ali imamo jedan život i trebamo ga provesti u zajedništvu a ne u otuđivanju.... preostali hrvati u hrvatskoj... (3M hrvata od toga 2M glasača) se trudi vratiti hrvatsku u ruke hrvatskog naroda... tako i vas srbe molim da preuzmete vlast u ruke srpskog naroda.... jer mislim da narod u srbiji nema jedne stavove kao što ih vodi vaša crkva i politika... Također evo smeta mi kada nazivate Srpsko-Hrvatski jezik jer doista se jako razlikuju.... i ja kad sam bio u srbiji 50% riječi nisam razumio u razgovoru između 2 srbina... i ne vidim razlog zašto se nikad ne naziva Hrvatsko-Srpski jezik.... jer doista mi se čini Hrvatski ""čistiji"" slavenski jezik od Srpskog koji se kroz godine napunio stranim riječima što turskog, što engleskog , pa i bugarog...čuvajte svoj jezik jer bez narodnog jezika gubite svoj suverenitet. Svijet je ogroman i sastoji se od 250 zemalja... između kojih smo naj sličniji mi i vi.... budimo jedni uz druge kao što su Hrvati i Slovenci jedni uz druge i uvijek osjetim toplinu Slovenaca kad sam ondje.",,
sr-01195,https://www.youtube.com/watch?v=HMIfPTqxmWw,Frka vam je da ne me pojebe....,,
sr-01196,https://www.youtube.com/watch?v=HMIfPTqxmWw,Sranje totalno i ponizavanje srbske tradicija!,,
sr-01197,https://www.youtube.com/watch?v=HMIfPTqxmWw,"papapapaa,,,,ma papaj ga majmune",,
sr-01198,https://www.youtube.com/watch?v=HMIfPTqxmWw,"heroin picko,,,,sidu leči koliko je dobar",,
sr-01199,https://www.youtube.com/watch?v=HMIfPTqxmWw,Nisu ljudi drugačiji nego ljudi sa problemom.,,
sr-01200,https://www.youtube.com/watch?v=HMIfPTqxmWw,"Zasto propagirati nesto sto od 7mil. Ljudi ne zeli u svom gradu,ako si peder ili populacija ta njihova radi u svoja cetiri zida sta zelis,normalne ljude pustite na miru ne potenciranje ovog je porazavajuce za normalan rast i razvoj svih nas,koliko god ljudi mislili da mogu da s tim da se ponose,ti ljudi su dno. Ponosi se ti u svoja cetiri zida ne treba normalan svijet gledati kako ti volis isti pol,zato i jeste napravljena druga strana od strane huligana jer svi mi normalni imamo isto misljenje. Zalosno jeste sto smo mi to omogucili kao narod da se vi ponosite time,to uopste nije za ponos",,
sr-01201,https://www.youtube.com/watch?v=HMIfPTqxmWw,Филм за 85 IQ југоретарде.,,
sr-01202,https://www.youtube.com/watch?v=HMIfPTqxmWw,Komentare ispod nasih filmova pod hitno zabraniti!,,
sr-01203,https://www.youtube.com/watch?v=HMIfPTqxmWw,peder Radmilo razvalio glumom,,
sr-01204,https://www.youtube.com/watch?v=HMIfPTqxmWw,Zavidi I amerika na jedinstvu,,
sr-01205,https://www.youtube.com/watch?v=HMIfPTqxmWw,Koja budalastina od filma.nko da je placen od znate koga di bi uvalio ovu ideju le ge be na narode,,
sr-01206,https://www.youtube.com/watch?v=HMIfPTqxmWw,Toni e cirkus ha ha.....,,
sr-01207,https://www.youtube.com/watch?v=HMIfPTqxmWw,Ovakve filmove Holivud nikada nece imati,,
sr-01208,https://www.youtube.com/watch?v=HMIfPTqxmWw,"Të them të drejtën them dhe më mungon një film i mirë, të fala nga Kosova",,
sr-01209,https://www.youtube.com/watch?v=HMIfPTqxmWw,Pišaju u bazen hi hihi,,
sr-01210,https://www.youtube.com/watch?v=HMIfPTqxmWw,"Tipicno srpska tematika, pistolji, agresija, vika i galama- Vulgarne reci i neizostavni pederi. Eto to vam je Srbija.",,
sr-01211,https://www.youtube.com/watch?v=HMIfPTqxmWw,"""Znas sta? Ti si mnogo bolestan decko"" :D Ljimun do jaja :D",,
sr-01212,https://www.youtube.com/watch?v=HMIfPTqxmWw,"Sve u svemu svaki film je danguba , veca korist je ocistiti nesto po kuci ili prosetati vani.",,
sr-01213,https://www.youtube.com/watch?v=HMIfPTqxmWw,Promovisanje bolesti nek se zatru izrodi božiji,,
sr-01214,https://www.youtube.com/watch?v=HMIfPTqxmWw,Pierre Overpass,,
sr-01215,https://www.youtube.com/watch?v=HMIfPTqxmWw,Jones Frank Jackson Brian Brown Angela,,
sr-01216,https://www.youtube.com/watch?v=HMIfPTqxmWw,Opet gledam i smejem se do suzaaaaaa,,
sr-01217,https://www.youtube.com/watch?v=HMIfPTqxmWw,Ujebali su yut yub sa reklamama,,
sr-01218,https://www.youtube.com/watch?v=HMIfPTqxmWw,Kosovar je najaci lik vristim od smeha,,
sr-01219,https://www.youtube.com/watch?v=HMIfPTqxmWw,Paradu bolesti a ne ponosa,,
sr-01220,https://www.youtube.com/watch?v=HMIfPTqxmWw,види ове бабе што пљуга у флауту,,
sr-01221,https://www.youtube.com/watch?v=HMIfPTqxmWw,"Tko god kaze da je film los neka ukljuci malo mozdane vijuge! Pointa filma je prepoznavanje i postovanje razlicitosti u svakom pogledu (izbor zivljenja, religije... ) ali dok to shvatimo netko uvijek plati glavom!",,
sr-01222,https://www.youtube.com/watch?v=HMIfPTqxmWw,Karina od pederskopromotivnobratskojedinstevnog tkz.filma!,,
sr-01223,https://www.youtube.com/watch?v=HMIfPTqxmWw,"Jedan od najgorih srpskih filmova,jer promovisati bolestiju,odvratnost je uzasno nesto..jeste Nikola Kojo postao neki,petokolonas,mrzitelj svega srpskog..ali nisam se nadao da ce i pederluk podrzavati.. najodvratniji film u srpskoj kinematografiji...",,
sr-01224,https://www.youtube.com/watch?v=HMIfPTqxmWw,film koji nije dovoljno pogledati jednom !,,
sr-01225,https://www.youtube.com/watch?v=HMIfPTqxmWw,Super film.. Samo su se posrali na kraju!!! NVO FILM JBG,,
sr-01226,https://www.youtube.com/watch?v=HMIfPTqxmWw,"DA SE OVAKO UJEDINIMO PROTIV USTASA BALIJA I CETNIKA GDJE BI NAM BIO KRAJ,SMRT FASIZMU.",,
sr-01227,https://www.youtube.com/watch?v=HMIfPTqxmWw,Jeli tu i relja,,
sr-01228,https://www.youtube.com/watch?v=HMIfPTqxmWw,Molim komentatore da se suzdrže od pisanja uvredljivih komentara. Ovdje smo da gledamo solidan film s naših prostora. Ne želim da YouTube ukloni moj kanal ili da netko dobije ban. Hvala na razumijevanju.,,
sr-01229,https://www.youtube.com/watch?v=HMIfPTqxmWw,"Meni je nevjerovatno koliko vi pogresno gledate ovaj film, na stranu lgbt ima toliko toga vise u ovom filmu ali jok...",,
sr-01230,https://www.youtube.com/watch?v=HMIfPTqxmWw,Propagandno Smece od filma,,
sr-01231,https://www.youtube.com/watch?v=HMIfPTqxmWw,Albaniaaa and Kosova is Christian,,
sr-01232,https://www.youtube.com/watch?v=HMIfPTqxmWw,"Koja slucajnost jbt, da se pogodi da je lik koji igra glavnog geja u filmu, zapravo raspala pedofilska pedercina koja je silovala dete? Neverovatno, ne bih verovao. I jos da dobije 11 meseci nanogvice za to, a komsija moj dobio 2 godine za tesku kradju jer nije imao detetu da kupi hranu, i u prodavnici ukrao robe za malo preko 5 soma. Ko bi to zamislio? Neverovatno. Pa dal neku paradu za gladnu decu napraviti, pa ako prodje, prodje. Valjda ce neku podrsku dati drzava. Eto dovoljno nek snime jedan film kao ovaj, samo za gladnu decu ciji roditelji nemaju posla, pa moraju da kradu.",,
sr-01233,https://www.youtube.com/watch?v=HMIfPTqxmWw,Promoviraju homoseksualnost fuj,,
sr-01234,https://www.youtube.com/watch?v=HMIfPTqxmWw,Ubistvo mi nije strano,,
sr-01235,https://www.youtube.com/watch?v=HMIfPTqxmWw,Džukela je đorđe ha ha,,
sr-01236,https://www.youtube.com/watch?v=HMIfPTqxmWw,BlM kad smo tukli studente Pa kad ne uče,,
sr-01237,https://www.youtube.com/watch?v=HMIfPTqxmWw,Која је поента овог српског филма?,,
sr-01238,https://www.youtube.com/watch?v=HMIfPTqxmWw,"Хочу обратиться к сербам с рядом вопросов. Существует фильм под названием ""Сербский фильм"". Не могли бы вы ответить, как в Сербии относятся к данному фильму? Освещался ли выход данного фильма в СМИ и как его оценивали (положительно или отрицательно)? Считают ли сербы, что выход данного фильма выставляет сербское кино в негативном свете? I want to ask the Serbs a number of questions. There is a film called ""Serbian Film"". Could you tell me how Serbia treats this film? Has the release of this film been covered in the media and how was it evaluated (positively or negatively)? Do the Serbs think that the release of this film exposes Serbian cinema in a negative light?",,
sr-01239,https://www.youtube.com/watch?v=HMIfPTqxmWw,Roko je kralj živila dalmacija i hos,,
sr-01240,https://www.youtube.com/watch?v=HMIfPTqxmWw,Овај стари педер исти Никола Баровић,,
sr-01241,https://www.youtube.com/watch?v=HMIfPTqxmWw,samo stoka razlikuje ljude prvo na nacionalnoj osnovi a i ovoj drugoj nek svako živi svoj život mi nismo sudije kako da ko živi,,
sr-01242,https://www.youtube.com/watch?v=HMIfPTqxmWw,Gute Schauspieler,,
sr-01243,https://www.youtube.com/watch?v=HMIfPTqxmWw,Meni je siptar najbolji,,
sr-01244,https://www.youtube.com/watch?v=HMIfPTqxmWw,"Limun,Muslic,Ustas, Pedere Radmilo",,
sr-01245,https://www.youtube.com/watch?v=HMIfPTqxmWw,"Odgledala sam film sto puta (plakala 99). ALI, kao lezbejka, smatram da su gej likovi u filmu toliko stereotipicni da film u neku ruku jos dodatno steti LGBTQ+ populaciji. Film je veoma dobar pokusaj izazivanja empatije prema LGBTQ+ zajednici, ali, moglo je bolje. 6.5/10 ‍",,
sr-01246,https://www.youtube.com/watch?v=HMIfPTqxmWw,Najbolji deo je kad umre ovaj sto u stvarnom zivotu napada decake,,
sr-01247,https://www.youtube.com/watch?v=HMIfPTqxmWw,Film top.Ali nista ovo ne opravdavam.Tacka.,,
sr-01248,https://www.youtube.com/watch?v=HMIfPTqxmWw,Prvi pederski srpski film.,,
sr-01249,https://www.youtube.com/watch?v=HMIfPTqxmWw,"Какой классный фильм! Мы на днях делали вечер писем политическим ЛГБТК+ заключённым в России, и там обсуждали этот фильм, решила посмотреть специально на сербском языке, чтоб было более атмосферно, живу в Черногории два года, уехали из-за режима Путина, удивительно, как страна может откатиться назад... Вроде в России победили в начале 21 века этих нацистов, они больше не нападали массово на радужных людей, а после начала Войны с Украиной опять все эти хулиганы вылезли и чувствуют себя безнаказанно (( Мечтаю, чтоб в Мире был мир, чтоб все дружили!.. И все страны, все национальности и люди разной ориентации... Мечты... Самое страшное, что в России сами же правоохранители -- полиция и ФСБ -- устраивают облавы на гей-клубы и травят ЛГБТ-активистов ((( Если скинхедов можно хотя бы попытаться побить и отбиться от них, то тут никаких шансов...",,
sr-01250,https://www.youtube.com/watch?v=HMIfPTqxmWw,"Ja sam isto peder, izgledam nešto tako ko Navojec, što igra ustašu ovde. Znači zame je baš teško reči, da sam gay. Ali hvala bogu živim u Sloveniji, pa nismo imali takvog nasilja ko u ostalim bivšim republikama YU. Hvala bogu smo tolerantnije društvo i ne podnosimo ove desničarske nacionaliste ko svi ostali...... I tako ko je reko prije počeo sukob sa skinheadima, koliko mi trebam odigrati svaki dan nekih uloga, da na poslu ne znaju, pa ovako pa onako.... I nemojte me pitat, da imo sam samo jednom neku devojku, samo da mi potvrdi da sam peder, ostalo sve samo muškarce....I bio oženjen sa muškarcem i tako....",,
sr-01251,https://www.youtube.com/watch?v=HMIfPTqxmWw,"Dobar film, ali jako losa produkcija, sa slikom uopce nije prenio atmosferu svoga vremena.",,
sr-01252,https://www.youtube.com/watch?v=HMIfPTqxmWw,Sto vas ne pobise,,
sr-01253,https://www.youtube.com/watch?v=HMIfPTqxmWw,"A śto čoveku zgadiše gledanje Ben Hura nikom ništa? Koliko filmova, serija i muzike ima a da ni mi ""NoRmAlNi"" ne znamo konotacije ni relacije... Čitava mašinerija preko Freda Merkjurija, Pet Shop Boysa pa do Diznijevih crtaća. Ko koga onda smara?",,
sr-01254,https://www.youtube.com/watch?v=HMIfPTqxmWw,Jbg janenan ništea protiv buljašaali te paeade čemu to svih nagoli otokneka se guze u hr i dicu usvajaju e to nikako neodobravam,,
sr-01255,https://www.youtube.com/watch?v=HMIfPTqxmWw,"Film vrlo perfidno,opravdava nastranosti !",,
sr-01256,https://www.youtube.com/watch?v=HMIfPTqxmWw,Koliko puta sam gledala film nije vazno.. Mislim da je bit u potpunoj tolerenaciji i razumijevavanju za svako ljudsko bice i prema svemu u zivotu. Za mene Parada nije samo film o LGBT populuciji vec mnogo vise.,,
sr-01257,https://www.youtube.com/watch?v=HMIfPTqxmWw,"Tetovaža na pocetku filma Srbinje 93, greska jos uvijek se grad zvao Foča (kao i danas), a Srbinje je bilo kratko posle Dejtona par godina",,
sr-01258,https://www.youtube.com/watch?v=HMIfPTqxmWw,Kolika borba zbog sanitarnih cvorova.,,
sr-01259,https://www.youtube.com/watch?v=HMIfPTqxmWw,Hahahaha kakva je glumcina je ovaj Kojo,,
sr-01260,https://www.youtube.com/watch?v=HMIfPTqxmWw,"Ima srbin, hrvat, bošnjak, šiptar, peder. A gde je makedonac?",,
sr-01261,https://www.youtube.com/watch?v=HMIfPTqxmWw,Gde je makedonac?,,
sr-01262,https://www.youtube.com/watch?v=HMIfPTqxmWw,"Ja mislim, film je snimljen u stilu emira Kusturice",,
sr-01263,https://www.youtube.com/watch?v=HMIfPTqxmWw,"Strongman glumi ovde, Super BAJCHA",,
sr-01264,https://www.youtube.com/watch?v=HMIfPTqxmWw,Apsolutno Beogradzani imaju pravo,,
sr-01265,https://www.youtube.com/watch?v=HMIfPTqxmWw,"Šiptar nije pogrdno ime. Tako se zovu. Otprilike kao kada bi Mađar bilo pogrdno umesto, šta znam, Ugar (Hungar). To što se oni hvataju za naziv koji su im dodelile zapadne sile je njihov a ne naš problem.",,
sr-01266,https://www.youtube.com/watch?v=HMIfPTqxmWw,Nista sladje nije kad se pomjesa Kao Sto Je Srpsko Hrvatsko,,
sr-01267,https://www.youtube.com/watch?v=HMIfPTqxmWw,To sam gledala sa deckom Lukijanom,,
sr-01268,https://www.youtube.com/watch?v=HMIfPTqxmWw,Fantastican filmfantasticni glumci,,
sr-01269,https://www.youtube.com/watch?v=HMIfPTqxmWw,"I na ulicama svih drugih gradova, takodje prebijaju ljude na ulici samo zato sto su drugaciji!!! Reziser na veoma sarlatanski nacin satanizuje Srbiju, Beograd i sve Srbe i zlouptrebljava umetnost da bi sirio mrznju prema Srbima!!! Po njemu svi obozavaju homoseksualce, samo ih Srbi mrze! Koji je to hohstapler! Imamo najgore rezisere na celom svetu!",,
sr-01270,https://www.youtube.com/watch?v=HMIfPTqxmWw,PARADA I PUNO NASI DOMACI FILMOVA KAO I BALKAN KAN I MN.DR MOGU UZIVAM SVAKI PUT DA IH GLEDAM VOLIM DOMACE FILMOVA,,
sr-01271,https://www.youtube.com/watch?v=HMIfPTqxmWw,"Malo je pederski,ali je lepo.....",,
sr-01272,https://www.youtube.com/watch?v=HMIfPTqxmWw,"Odlican film i na veoma ubedljiv i lako razumljiv nacin pokazuje svu suludost ljudske netrpeljivosti po pitanju raznih, cesto fiktivnih podela. Svaka cast.",,
sr-01273,https://www.youtube.com/watch?v=HMIfPTqxmWw,"Serb, Croat, Bosniak, Albanian and Gay (Balkan Movie) Very Funny",,
sr-01274,https://www.youtube.com/watch?v=HMIfPTqxmWw,Đorđe Radmilo NAKAZE,,
sr-01275,https://www.youtube.com/watch?v=HMIfPTqxmWw,"""NE TAJ PRST!"" Legendaran film! Mene nije briga i nije mi bitno da li je neko gay, Hrvat, Musliman ili nešto sasvim drugo, ljudi su ljudi... Jedino preostalo što možeš biti je govno.",,
sr-01276,https://www.youtube.com/watch?v=HMIfPTqxmWw,"Da se razumijemo va nakaradnost nikad nece zazivit u Hriscanskoj Srbiji Slava Bogu, satanisti sodomasi mrs!",,
sr-01277,https://www.youtube.com/watch?v=HMIfPTqxmWw,Ми не требамо да се поносимо овим што су ови урадили ово не треба да се одржава бар не у Србији то више није само парада већ исмјевање и ругање и српству православљу цркви генерално вјери,,
sr-01278,https://www.youtube.com/watch?v=HMIfPTqxmWw,"""BERETKA DEVETKA ONAJ LEPI""",,
sr-01279,https://www.youtube.com/watch?v=HMIfPTqxmWw,aktivirajte titlove,,
sr-01280,https://www.youtube.com/watch?v=HMIfPTqxmWw,"Ма јесте, они су као незаштићени, нико их не слуша, полиција и држава игноришу па морају кримоси да их бране. А у стварности их подржава само најмоћнија држава у људској историји и све њене финансијске институције и службе. Јадни.",,
sr-01281,https://www.youtube.com/watch?v=HMIfPTqxmWw,Nekad treba da se zapitaš šta je veći greh,,
sr-01282,https://www.youtube.com/watch?v=HMIfPTqxmWw,Glupost nevidjena propaganda bolesti,,
sr-01283,https://www.youtube.com/watch?v=HMIfPTqxmWw,pojenta svi mogu da zive u miru,,
sr-01284,https://www.youtube.com/watch?v=HMIfPTqxmWw,"""Prajd""/""pride"" ili ponos je smrtni greh.",,
sr-01285,https://www.youtube.com/watch?v=HMIfPTqxmWw,12:20 Sad se ispoljava Woke Culture fаšizаm. Sa njihovim Drag Queen Shows u školama deci što vrše indoktrinaciju.,,
sr-01286,https://www.youtube.com/watch?v=HMIfPTqxmWw,STRAŠNO KOLIKO SU U SRBIJI JOŠ UVEK LJUDI ZAOSTALI,,
sr-01287,https://www.youtube.com/watch?v=HMIfPTqxmWw,Legendarni Nikola Kojo,,
sr-01288,https://www.youtube.com/watch?v=HMIfPTqxmWw,Biso oces vladiku Pufta poznaje papu al on nije Srbin,,
sr-01289,https://www.youtube.com/watch?v=HMIfPTqxmWw,1:05:26 Taman tako!,,
sr-01290,https://www.youtube.com/watch?v=HMIfPTqxmWw,"Bolest i uvek ce biti bolest. SRAMOTA ZA OVAJ FILM, KOLIKO GOD STE HTELI KROZ HUMOR.",,
sr-01291,https://www.youtube.com/watch?v=HMIfPTqxmWw,Ne znam samo kako je cetnik pogrdan naziv za srbina,,
sr-01292,https://www.youtube.com/watch?v=HMIfPTqxmWw,"film je zivi k....kad sam onog naduvenog majmuna na pocetku cuo kako peva,bio je kraj gledanja filma....rekordnih 17 sekundi...samo je srpski film ispred ,nisam ga ni pogledao",,
sr-01293,https://www.youtube.com/watch?v=HMIfPTqxmWw,"Jedan od lošijih Dragojevićevih filmova. Uzeo temu filma da bi dobio lovu od nevladinih organizacija. BTW film je Srpski , nema veze sa Hrvatskom. Hravati samo glume kao i Makedonci i ostali.",,
sr-01294,https://www.youtube.com/watch?v=HMIfPTqxmWw,brutalan film 2. put ga gledam i zao mi je sto tek sada saznajem za njega,,
sr-01295,https://www.youtube.com/watch?v=HMIfPTqxmWw,Kakva glupost od filma.,,
sr-01296,https://www.youtube.com/watch?v=HMIfPTqxmWw,Ovaj film e sniman vo bitola makedonija,,
sr-01297,https://www.youtube.com/watch?v=HMIfPTqxmWw,"Е стварно сте *а*аре, маму ли вам премазану...са оваквим ""патриотама"" и ""Великосрбима"" ми је невероватно да смо још увек живи. Пре 30 година су клали у ""Лепа села лепо горе"" а сад се кољу испод репа. Аааа...па дођите ви опет да глумите Србе на протестима. Сада када народ кончно види ко сте и шта сте.",,
sr-01298,https://www.youtube.com/watch?v=HMIfPTqxmWw,Balkanski Tony Soprano bukvalno,,
sr-01299,https://www.youtube.com/watch?v=HMIfPTqxmWw,"Gledao sam taj film prije dosta godina I pokazao mi je gledište u kojim uvjetima gay populacija živi. Naučio me film da budem tolerantan prema gay ljudima. Ali kaj to nije smiješno. Film me Naučio biti tolerantan a ne njihove parade. Dalje, jako odličan film, jako odličan. Uživao sam, smijao se, i po koju suzu ispustio. Ovaj film je bolji nego ovi moderni filmovi što Holywood u današnje vrijeme prikazuje u kinu.",,
sr-01300,https://www.youtube.com/watch?v=HMIfPTqxmWw,Na kraju i Marko Nikolic došao snajki da zapali svecu.,,
sr-01301,https://www.youtube.com/watch?v=HMIfPTqxmWw,"Zanimljiv film hvataju na empatiju, ali nisu neo-nacisti ljudi koji se bore protiv pedera vec pravi slobodni i moralni gradjani, film je lep ali treba zabraniti paradu",,
sr-01302,https://www.youtube.com/watch?v=HMIfPTqxmWw,49.35--49.55 Ahahahahaha Legendarno....,,
sr-01303,https://www.youtube.com/watch?v=HMIfPTqxmWw,Spakovan si... Ahahahaha,,
sr-01304,https://www.youtube.com/watch?v=HMIfPTqxmWw,Autošovinisticka farsa.,,
sr-01305,https://www.youtube.com/watch?v=HMIfPTqxmWw,...смеће филм..,,
sr-01306,https://www.youtube.com/watch?v=HMIfPTqxmWw,"necete me uhvatiti na empatiju, isto misljenje imam i imacu",,
sr-01307,https://www.youtube.com/watch?v=HMIfPTqxmWw,Serbo-Croatian ???,,
sr-01308,https://www.youtube.com/watch?v=HMIfPTqxmWw,А како је ово Српско-хрватски филм?,,
sr-01309,https://www.youtube.com/watch?v=HMIfPTqxmWw,"Ovaj film skoro pa da je dokumentarac koliko dobro prikazuje zaostalu degeneriranu genocidnu zločinačku naciju srba, pravi isprdak ljudskog roda.",,
sr-01310,https://www.youtube.com/watch?v=HMIfPTqxmWw,Fellowship of the queer,,
sr-01311,https://www.youtube.com/watch?v=HMIfPTqxmWw,"Za mlade generacije ovaj film je iz 2011e godine, tada LGBTizam nije bilo toliko jako sotonistcko sranje kao damas. Prema tome imaj te umjerenu viziju tematike ovoga filma.",,
sr-01312,https://www.youtube.com/watch?v=HMIfPTqxmWw,Samo Hajduk-Split...zivi vjecno...,,
sr-01313,https://www.youtube.com/watch?v=HMIfPTqxmWw,Jedan od najboljih Filmova Balkana Glumci su vrhunski Rezija takodje Zasluzuje Obilje Nagrada,,
sr-01314,https://www.youtube.com/watch?v=HMIfPTqxmWw,Svaka cast Legende,,
sr-01315,https://www.youtube.com/watch?v=HMIfPTqxmWw,Dirnut sam problemima guzicarskog parlamenta,,
sr-01316,https://www.youtube.com/watch?v=HMIfPTqxmWw,1:39:34 брат што показује средњак,,
sr-01317,https://www.youtube.com/watch?v=HMIfPTqxmWw,"Dobar,ali sjebao ih kraj,poredjenje pedera sa brisom tatonom koji je inace sam u strahu skocio i na zalost poginuo,a srbi su odgovarali politicki za ubistvo,neki i robijali...poserem se na kraj filma jako,politicki prodata pricaaa",,
sr-01318,https://www.youtube.com/watch?v=HMIfPTqxmWw,E Srbine srbine - lako si se prodao - tako u svemu - jadan Balkan,,
sr-01319,https://www.youtube.com/watch?v=HMIfPTqxmWw,Srbi su najjaci pjevaj srbijo,,
sr-01320,https://www.youtube.com/watch?v=HMIfPTqxmWw,Na pocetku filma brat pjeva komunisticku pjesmu i kaze pomozi Boze,,
sr-01321,https://www.youtube.com/watch?v=HMIfPTqxmWw,Vecero alfa peder,,
sr-01322,https://www.youtube.com/watch?v=HMIfPTqxmWw,vece gay propagandno govno od filma nije moglo da se snimi.Naravno uz obilatu finansisku podrsku EU ali i od para poreskih obveznika ove napacene zemlje.,,
sr-01323,https://www.youtube.com/watch?v=A-4Y3nUjUaY,kakav sam ja bolid trebao sam da odgledam ovaj film ranije.cudan je taj BGD,,
sr-01324,https://www.youtube.com/watch?v=A-4Y3nUjUaY,jedinac u četri kuće hahahahaahaah,,
sr-01325,https://www.youtube.com/watch?v=A-4Y3nUjUaY,Ovo je najjaci film svih vremena,,
sr-01326,https://www.youtube.com/watch?v=A-4Y3nUjUaY,meni među najživopisnijim scenama u yu kinematografiji...... kad mučeni prepozna mučitelja...Tanasije genijalan kao uvijek.....,,
sr-01327,https://www.youtube.com/watch?v=A-4Y3nUjUaY,Looking for this movie with english subtitles,,
sr-01328,https://www.youtube.com/watch?v=A-4Y3nUjUaY,Na kraju je stari kresnuo,,
sr-01329,https://www.youtube.com/watch?v=A-4Y3nUjUaY,34:40 50:59 45:55 1:20:40,,
sr-01330,https://www.youtube.com/watch?v=A-4Y3nUjUaY,"0:21 , 2:31 kad je jovetic igrao u totenhem?",,
sr-01331,https://www.youtube.com/watch?v=A-4Y3nUjUaY,Ka pacenik neki tu samo vala umro,,
sr-01332,https://www.youtube.com/watch?v=A-4Y3nUjUaY,framfurkt scena hahaah,,
sr-01333,https://www.youtube.com/watch?v=A-4Y3nUjUaY,45:30 kad lozis crnogorca hranis mu ego na max da je kralj a on samo leti leti sokoli se jos vise hahahaha,,
sr-01334,https://www.youtube.com/watch?v=A-4Y3nUjUaY,"a možete li vi PENALI odgledati ovo kao satiru, šalu, bla bla bla........ ja sam Crnogorac, a svaki put se smijem kad gledam....... baš je sve otišlo do Đavola.... smijmo se ljudi...... oh PUMPAAAAAAAAJ",,
sr-01335,https://www.youtube.com/watch?v=A-4Y3nUjUaY,kako ne bi neko da opali samarcinu tome toboz treneru,,
sr-01336,https://www.youtube.com/watch?v=A-4Y3nUjUaY,Moram za Beograd... 15.03.,,
sr-01337,https://www.youtube.com/watch?v=A-4Y3nUjUaY,Znali iko slican film ovome?,,
sr-01338,https://www.youtube.com/watch?v=A-4Y3nUjUaY,Gledam i placem .Tuga,,
sr-01339,https://www.youtube.com/watch?v=A-4Y3nUjUaY,најбоље изгубљених сат и по' времена.,,
sr-01340,https://www.youtube.com/watch?v=A-4Y3nUjUaY,"bukvalno ne može da se gleda film od reklama, kakva neprofitabilnost crna...inače odličan film",,
sr-01341,https://www.youtube.com/watch?v=A-4Y3nUjUaY,Najveća jednosmerna ulica u Crnu goru je put Podgorica Beograd...,,
sr-01342,https://www.youtube.com/watch?v=A-4Y3nUjUaY,Šta ti je reka jado raspadas se ahhaha,,
sr-01343,https://www.youtube.com/watch?v=A-4Y3nUjUaY,Yuhor pasteta masa dobra….,,
sr-01344,https://www.youtube.com/watch?v=A-4Y3nUjUaY,"Јеботе већ 10 година... Кад прије, мали будо најјачи филм",,
sr-01345,https://www.youtube.com/watch?v=A-4Y3nUjUaY,Проклети народе шта си себи дозволио. Само гледам коментаре како људи размишљају. Нас једино рат може да спаси. Покајање Боже даруј ако је могуће. Слепац води слепца.,,
sr-01346,https://www.youtube.com/watch?v=A-4Y3nUjUaY,Al ga je miso napakovao za sekund dolje u garazu bjese bmw f30 obicni bijeli a kad krenu da bjezi izadje iz garaze ful m paket,,
sr-01347,https://www.youtube.com/watch?v=A-4Y3nUjUaY,Koja pesma ide od 33:30 do 33:48,,
sr-01348,https://www.youtube.com/watch?v=A-4Y3nUjUaY,Sta kaze 1:23:14,,
sr-01349,https://www.youtube.com/watch?v=A-4Y3nUjUaY,"Sergej Trifunovic naravno savrseno odigrao, toliku harizmu ima covek...ali film mi se odmah na pocetku smucio koliko je nefer, i koliko su likovi bez imalo morala, casti i savesti. Onaj klinac umro ni kriv ni duzan, a bio najoprezniji od svih, i jos svi njegovi prijatelji ne osecaju ni najmanju trunku griže savesti. Odvratno.",,
sr-01350,https://www.youtube.com/watch?v=A-4Y3nUjUaY,Crnogorsska narav,,
sr-01351,https://www.youtube.com/watch?v=A-4Y3nUjUaY,Svaka Vam.čast Filmčina 4 put gledam..,,
sr-01352,https://www.youtube.com/watch?v=A-4Y3nUjUaY,Masu dobar film,,
sr-01353,https://www.youtube.com/watch?v=A-4Y3nUjUaY,"KAKOOOO DOBROOO...NAJBOOJI FILM BUKVALNO, MEDJU NAJBOLJIM...SVAKA CAST STO STE OVDE POSTAVILI, UZIVAO SAMM!!! KOJI STE VI MENI KRALJEVI!!!",,
sr-01354,https://www.youtube.com/watch?v=A-4Y3nUjUaY,Šta Mišo govori u 15:49? Ti znaš da ja...?,,
sr-01355,https://www.youtube.com/watch?v=A-4Y3nUjUaY,Zasto nema Vruc vetar sve epizode?,,
sr-01356,https://www.youtube.com/watch?v=FHQwol6UyOk,Ovo je najbolji srpski film za sportiste Pozdrav iz Rusije,,
sr-01357,https://www.youtube.com/watch?v=FHQwol6UyOk,Film je vrhunac! Vladica Van Damme!,,
sr-01358,https://www.youtube.com/watch?v=FHQwol6UyOk,"I to ti je najbolji odnos Snezana , ljudi se vide petkom por hechar un buen polvo , nista ne pitaj, cuti i super relacija!",,
sr-01359,https://www.youtube.com/watch?v=FHQwol6UyOk,"Pa iza leda, koji supak,i kaze :"" Ovo je sport"", mamu Li mu j.....!",,
sr-01360,https://www.youtube.com/watch?v=FHQwol6UyOk,"Eeeeeeeejjjjjj da je meni muza Srbina ( jos iz Bosne), pa promenili bi smo svet!",,
sr-01361,https://www.youtube.com/watch?v=FHQwol6UyOk,"Vla dica es bueno como buenos días, sto se kaze dobar,ko dobar dan! Madre mía Qué tío!",,
sr-01362,https://www.youtube.com/watch?v=FHQwol6UyOk,Nemojte da me je..... za jedan doint! Koji seljaci! Zivio Maradona kralj cocaína!,,
sr-01363,https://www.youtube.com/watch?v=FHQwol6UyOk,"Ju dete, sto si bezobrazan",,
sr-01364,https://www.youtube.com/watch?v=FHQwol6UyOk,Ima seljacku facu ovaj vladica,,
sr-01365,https://www.youtube.com/watch?v=FHQwol6UyOk,Sami sebi da popushize,,
sr-01366,https://www.youtube.com/watch?v=FHQwol6UyOk,Prvi put gledam ovaj film. Prije sam ga samo ignorisao. Ali vidim po komentarima da je TOP !,,
sr-01367,https://www.youtube.com/watch?v=FHQwol6UyOk,veliko srtanje od filma,,
sr-01368,https://www.youtube.com/watch?v=FHQwol6UyOk,jel moze neko da mi kaze kako se zove pesma na 14:31 inace film je super i gledao sam je 100 puta,,
sr-01369,https://www.youtube.com/watch?v=FHQwol6UyOk,Врхунски филм. Поздрав из Македоније.,,
sr-01370,https://www.youtube.com/watch?v=FHQwol6UyOk,Najbolja serija ikad koju sam gledao gledao sam je sto puta i nikad nedosadi,,
sr-01371,https://www.youtube.com/watch?v=FHQwol6UyOk,Jao vi iz nashe POLICIJE ste divni ... ne dao Bog NASHHA POLICE FORCE...DUNJA ILIĆ,,
sr-01372,https://www.youtube.com/watch?v=FHQwol6UyOk,"Sremskomitrovachka POLICE FORCE TOP ORGANIZED, regards to my Honey bun, ovaj Mrs. Marcheta...",,
sr-01373,https://www.youtube.com/watch?v=FHQwol6UyOk,"MILICA TODOROVIC, mislila da ce se geda upariti s njom, al' Milicu smorio s njegovim konjicima ...",,
sr-01374,https://www.youtube.com/watch?v=FHQwol6UyOk,"Nisam Vam ja tagovala Alexandru , Chigota team je",,
sr-01375,https://www.youtube.com/watch?v=FHQwol6UyOk,"Odličan film! Priča je zanimljiva, a gluma je stvarno uvjerljiva.",,
sr-01376,https://www.youtube.com/watch?v=FHQwol6UyOk,не зна се ко је од кога луђи,,
sr-01377,https://www.youtube.com/watch?v=FHQwol6UyOk,Legendarni Petar Strugar.,,
sr-01378,https://www.youtube.com/watch?v=FHQwol6UyOk,Težak antisrbski film,,
sr-01379,https://www.youtube.com/watch?v=FHQwol6UyOk,"SRBIJA NA PROSTORU BIVSE JUGE IMA NAJJACI FILM..STO SE MUZIKE TICE TU JE BIH KONKURENT VELIKI ALI FILMSKA KATEGORIJA DALEKO PRVA..KOD NAS U BIH NISAM JOS DOBRU KOMEDIJU A KAMOLI AKCIJU VIDIO...SVE NEKE RATNE DRAME, A GLUMA IZ 60TIH..SVAKA VAM CAST",,
sr-01380,https://www.youtube.com/watch?v=FHQwol6UyOk,Ajme ova plava glumica treba je klonirat najbolja glumica na prostoru ex yu da je u Americi najbolja glumica …scena Odi da te vukasin preboli ..a ja j ti dolazit du samo da me Karas ..sta stvarno ..ma mars bre u pm hahahahhahaha kraljica kako joj ime,,
sr-01381,https://www.youtube.com/watch?v=FHQwol6UyOk,Film snimljen po Stevi Veverici,,
sr-01382,https://www.youtube.com/watch?v=FHQwol6UyOk,Od 1:45: 00 postaje prava filmska limunada.,,
sr-01383,https://www.youtube.com/watch?v=FHQwol6UyOk,Najbolji film ikad napravljen u poslednjih 25 godina,,
sr-01384,https://www.youtube.com/watch?v=FHQwol6UyOk,Karate je beskontaktni sport,,
sr-01385,https://www.youtube.com/watch?v=FHQwol6UyOk,Kakvo sranje od filma... Jbt.,,
sr-01386,https://www.youtube.com/watch?v=FHQwol6UyOk,klasicna kenjara vojinova,,
sr-01387,https://www.youtube.com/watch?v=FHQwol6UyOk,“To sam te ja naučio zato što sam mislio da nisi retsrdiran”,,
sr-01388,https://www.youtube.com/watch?v=FHQwol6UyOk,Greska u filmu. Vladica ima zavoje i daje Vukasinu xbox sa treningom gde i sam trenira a nigde zavoja. Nakon toga ponovo ima zavoj na celoj ruci( kada ide bos)...,,
sr-01389,https://www.youtube.com/watch?v=FHQwol6UyOk,Dobra mjuza u podlozi filma! Dobar sadržaj i dobri glumci! Thanks,,
sr-01390,https://www.youtube.com/watch?v=FHQwol6UyOk,Nikad ništa gluplje nisam video,,
sr-01391,https://www.youtube.com/watch?v=FHQwol6UyOk,52:46 što si sjebao zvuk tu.,,
sr-01392,https://www.youtube.com/watch?v=FHQwol6UyOk,"Prvi put odgledao, dobra i poucna prica o borbi kroz zivot i borbi za ljubav, medjutim, onolika upotreba recenice o pusenju uopste nije bila potrebna, i samo je unistila generalnu sliku filma.",,
sr-01393,https://www.youtube.com/watch?v=FHQwol6UyOk,Kako se zove pjesma koja je na 1:16:00 u filmu?,,
sr-01394,https://www.youtube.com/watch?v=FHQwol6UyOk,"Nikola Kojo kralj,zavrsna scena i muzika me izdrobili,hvala.",,
sr-01395,https://www.youtube.com/watch?v=FHQwol6UyOk,Jesen samuraja 2 vec zamisljam da izadje,,
sr-01396,https://www.youtube.com/watch?v=FHQwol6UyOk,Odlican film jako mi krivo sto za njega saznajem tek sad,,
sr-01397,https://www.youtube.com/watch?v=FHQwol6UyOk,Jel neko zna bas sve pesme i muzike koje su bile u filmu,,
sr-01398,https://www.youtube.com/watch?v=FHQwol6UyOk,"Jebački film, ali brate ovi likovi što dave sa čirilicom...definicija mentalne zadrtosti.",,
sr-01399,https://www.youtube.com/watch?v=FHQwol6UyOk,Фантазија од филма...,,
sr-01400,https://www.youtube.com/watch?v=FHQwol6UyOk,ton se gubi???????,,
sr-01401,https://www.youtube.com/watch?v=FHQwol6UyOk,"U soku, neocekivani primitivizam",,
sr-01402,https://www.youtube.com/watch?v=FHQwol6UyOk,"Prekrasan film trebalo ga je nominirati zanagradu neku u domaćoj kategoriji postava glumaca nema se što govorit više nego perfektna ,jedna ozbiljna konkretna srednja sa širokom paletom zdravih poruka koje su zaslužile da budu prmovirane. Preporučujte ovaj fil svima stvarno je fenomenalan!",,
sr-01403,https://www.youtube.com/watch?v=FHQwol6UyOk,"Drugi put gledam ovaj film, predobar je.",,
sr-01404,https://www.youtube.com/watch?v=FHQwol6UyOk,Super film Šteta što nisam gledala film u bioskopu! Super priča,,
sr-01405,https://www.youtube.com/watch?v=FHQwol6UyOk,autobuska stanica vrbas,,
sr-01406,https://www.youtube.com/watch?v=FHQwol6UyOk,Pa i nije nesto ovaj film,,
sr-01407,https://www.youtube.com/watch?v=FHQwol6UyOk,veliki pozdrav za ortaka vojkana sa palilule !,,
sr-01408,https://www.youtube.com/watch?v=FHQwol6UyOk,"Imas i kalendar, možeš da koristiš",,
sr-01409,https://www.youtube.com/watch?v=FHQwol6UyOk,"Prica je super , film je super , ali brate psovki skoro svaka druga rec",,
sr-01410,https://www.youtube.com/watch?v=FHQwol6UyOk,"Ova Katarina Bojković je dno od glumice, nikada nije znala da glumi. Film nula, režija nula, scenario nula...dobra gluma, ali uzalud, ne utiče na ideju i kvalitet filma",,
sr-01411,https://www.youtube.com/watch?v=FHQwol6UyOk,Stvarno šampion,,
sr-01412,https://www.youtube.com/watch?v=FHQwol6UyOk,1:49:53 tutorial za besplatnu clanarinu,,
sr-01413,https://www.youtube.com/watch?v=FHQwol6UyOk,"Iskreno da kazem, YT mi je pustio film, a privukla me muzika našeg anđela, Neše leptira. Predobra muzika i jako dobar film. Cela ekipa glumaca je odlična.",,
sr-01414,https://www.youtube.com/watch?v=FHQwol6UyOk,Williams Michael Thomas Donna Miller Joseph,,
sr-01415,https://www.youtube.com/watch?v=FHQwol6UyOk,Legenda Nikola Kojo,,
sr-01416,https://www.youtube.com/watch?v=FHQwol6UyOk,1:03:15 marko bojkovic,,
sr-01417,https://www.youtube.com/watch?v=FHQwol6UyOk,Can someone tell me if the couple ends up together at the end of the movie?,,
sr-01418,https://www.youtube.com/watch?v=FHQwol6UyOk,"Dobar film, ali upropašćen domaćom autentičnošću.",,
sr-01419,https://www.youtube.com/watch?v=FHQwol6UyOk,A ja i ti? Pa dolaziću kod tebe da me karaš. Stvarno? More marš u PM,,
sr-01420,https://www.youtube.com/watch?v=FHQwol6UyOk,Jesi jebo? pravi ratnik ne govori o tim stvarima! znaci jebo si,,
sr-01421,https://www.youtube.com/watch?v=FHQwol6UyOk,Девојка од Вкадице је у Паради глумила главну улогу,,
sr-01422,https://www.youtube.com/watch?v=FHQwol6UyOk,"Ова девојка је глумила у Паради, главну улогу",,
sr-01423,https://www.youtube.com/watch?v=FHQwol6UyOk,Nikola Kojo glumcina njegov glas bi mogla uvek slusati,,
sr-01424,https://www.youtube.com/watch?v=FHQwol6UyOk,"MALO ROKI, MALO MI NISMO ANDJELI, ALI SUPER U STVARI. SJAJNA EKIPA.",,
sr-01425,https://www.youtube.com/watch?v=FHQwol6UyOk,Kad te ja propustim kroz sake moci ce te sami sebi da p...... e haha kad ode da masira Andriju Milosevica,,
sr-01426,https://www.youtube.com/watch?v=FHQwol6UyOk,Бесмислен и одвратно вулгаран филм.,,
sr-01427,https://www.youtube.com/watch?v=FHQwol6UyOk,"Sranje,userem se na samuraja. Da,da,sve on bije,jebe,I ostalo mrs",,
sr-01428,https://www.youtube.com/watch?v=FHQwol6UyOk,"Vidim po komentarima da se ovaj film mnogo svidja sirokim narodnim masama, a cuo sam od mog komsije (inace obozavaoca lika i dela Cece, a i Seke Aleksic) da je ovo fantastican film. OVERACTING uvek ponistava i dobre glumce i dobro zamisljene filmove.",,
sr-01429,https://www.youtube.com/watch?v=FHQwol6UyOk,' Ladno Aca Lukas,,
sr-01430,https://www.youtube.com/watch?v=FHQwol6UyOk,A DAJ STO NISU SNIMILI BORBU TIH MALIH DA VIDIM KO DOBIJA,,
sr-01431,https://www.youtube.com/watch?v=FHQwol6UyOk,Dobro je to sto ima balkanski glumci,,
sr-01432,https://www.youtube.com/watch?v=FHQwol6UyOk,"Sjajan scenario D. Vojnova, i odlična tema. Kako trenirati sport koji nije toliko isplativ, a ostati dostojanstven, ne prodati se. Inace, scena sa Andrijom je legendarna. Za udžbenike. Odličan film. Promoviše smislenu ljubav, zdravlje, sport, čast. Sve ono što nam danas nedostaje.",,
sr-01433,https://www.youtube.com/watch?v=FHQwol6UyOk,"Jel si jebo"" ma mobilni mi ne hvata u kući nego je si jebolegendarno",,
sr-01434,https://www.youtube.com/watch?v=FHQwol6UyOk,Ne seri da je Milan Strongman u filmu,,
sr-01435,https://www.youtube.com/watch?v=FHQwol6UyOk,Kojo Car a Petar,,
sr-01436,https://www.youtube.com/watch?v=FHQwol6UyOk,Zna li neko kako se zove pesma koja ide sa radija dok su Miloje i Snežana u automobilu?,,
sr-01437,https://www.youtube.com/watch?v=FHQwol6UyOk,Vidi ga Milan strongman u filmu,,
sr-01438,https://www.youtube.com/watch?v=FHQwol6UyOk,Stvarno su glumcine jbt ovo nema holivud a rade za plate posrNe,,
sr-01439,https://www.youtube.com/watch?v=FHQwol6UyOk,"""Msm, pusiti kurac u jednoj maloj sredini kao sto je Becaj to moze samo ocajan covjek"" HAHAHAHAHAHAHA",,
sr-01440,https://www.youtube.com/watch?v=FHQwol6UyOk,Јаој Скендере!!!! Јој Скендере!!!!,,
sr-01441,https://www.youtube.com/watch?v=FHQwol6UyOk,Najbolji film koji sam ikad gledala !!!,,
sr-01442,https://www.youtube.com/watch?v=FHQwol6UyOk,2023 god neko provaljuje da je ivaj 3 pandur celavi nagruvani onaj strong man sa tr,,
sr-01443,https://www.youtube.com/watch?v=FHQwol6UyOk,"ćek ćek ćek- slomit će mu ruku dok ga drži u giljotini ?!? e jebajga, tu ste zasrali",,
sr-01444,https://www.youtube.com/watch?v=FHQwol6UyOk,U 58 minuti nema zvuka,,
sr-01445,https://www.youtube.com/watch?v=FHQwol6UyOk,"Nemoral,kurvanje,droga prostitucija i siptarski lobi sa pevacem narkomanom je vam dobar film ejj zena razvedena se upusta u vezu sa muskarcem koji ne ispusta cigaru iz ruke i juri druge nemoralne zene psovke svaka 3 rec sta je tu dobro i koja vam je ovo radnja filma siptarska mafija preuzima Srbiju i u koaliciji sa policiom i vlastima pa to nije film to je ekranizacija do koje mere smo propali i koliko nam pravoslavlje daleko a i srbska kultura ovakva produkcija je za zemlje Afrike ne za jedan tradicionalan i pravdoljubiv narod",,
sr-01446,https://www.youtube.com/watch?v=FHQwol6UyOk,Dobar film ali ja mislim da zasluzuje nastavak pozz iz makedonie,,
sr-01447,https://www.youtube.com/watch?v=FHQwol6UyOk,"Ovo se zove pravi film , sa pravim dobrim glumcima /// sve pohvale i hocemo josss",,
sr-01448,https://www.youtube.com/watch?v=FHQwol6UyOk,Ona scena sa Andrijom i Strugarom me uvek natera da se userem od smeha,,
sr-01449,https://www.youtube.com/watch?v=FHQwol6UyOk,Sdgdfhdghxhgdhswwqqrszdgdzdggdhdgsggshddfhsgfdzddgfsggshgdjdhdhbdhfdhdffshdsjozlkxysgkklxxvyvgvghduf,,
sr-01450,https://www.youtube.com/watch?v=FHQwol6UyOk,Koje je ovo SRAAAANJE od filma,,
sr-01451,https://www.youtube.com/watch?v=FHQwol6UyOk,Moze jos filmova,,
sr-01452,https://www.youtube.com/watch?v=FHQwol6UyOk,i legendarni moj prijatelj Radule ...1983 jesen...Nisam ti rekao sve i PIL,,
sr-01453,https://www.youtube.com/watch?v=FHQwol6UyOk,"PREDOBAR FILM evo sad ga odgrdao, predobar film, dugo nisam gledao ovako dobar film",,
sr-01454,https://www.youtube.com/watch?v=FHQwol6UyOk,"Film je dosadan.Kojo je odvratan,uvek isti fazon pun vulgarnosti.Petar je toliko prosecan,iritantan.Neko moje misljenje,nemojte odmah u vatru...Klasicna kopija niskobudzetnog Holivudskog djubreta.",,
sr-01455,https://www.youtube.com/watch?v=FHQwol6UyOk,Odličan film. Jedino što mi je žao što ga nisam ranije pogledao.,,
sr-01456,https://www.youtube.com/watch?v=FHQwol6UyOk,nema sta kida film u svakom smislu brate svaka cast gledam po ko zna koji put i pre zanimljivo je,,
sr-01457,https://www.youtube.com/watch?v=FHQwol6UyOk,jedini film od Strugara koji mi se svideo ODMAH :),,
sr-01458,https://www.youtube.com/watch?v=FHQwol6UyOk,32:02 deo koji svi traze,,
sr-01459,https://www.youtube.com/watch?v=FHQwol6UyOk,i na kraju ko pobedi od njih dvoje,,
sr-01460,https://www.youtube.com/watch?v=FHQwol6UyOk,99m/99/9m9m9m99,,
sr-01461,https://www.youtube.com/watch?v=FHQwol6UyOk,Zdravo! Zna li ko peva na pocetku filma?,,
sr-01462,https://www.youtube.com/watch?v=FHQwol6UyOk,"Vi što pričate o propustima filma prvo sami snimite film,pa komentarišite‍",,
sr-01463,https://www.youtube.com/watch?v=FHQwol6UyOk,Hahaha najjaci film,,
sr-01464,https://www.youtube.com/watch?v=FHQwol6UyOk,Ovaj Skender Glavni Čovek i Gospodin u Smilsu svog Sporta i Posla,,
sr-01465,https://www.youtube.com/watch?v=FHQwol6UyOk,like like like like,,
sr-01466,https://www.youtube.com/watch?v=FHQwol6UyOk,"""...ali ako insistirate ja cu ga blobocati"" HAHAHAHHAHAHHAHAHA Koji lik",,
sr-01467,https://www.youtube.com/watch?v=FHQwol6UyOk,"12:47... Ovaj mali napravio je facu, kao da kenja...",,
sr-01468,https://www.youtube.com/watch?v=FHQwol6UyOk,"film je jako dobar,svidja mi se jer ima karate<3",,
sr-01469,https://www.youtube.com/watch?v=FHQwol6UyOk,Predivan .....poucan film,,
sr-01470,https://www.youtube.com/watch?v=FHQwol6UyOk,Film je bruka dobar,,
sr-01471,https://www.youtube.com/watch?v=FHQwol6UyOk,"Glup film, tipican americki scenario. Hristina iz prvog reda DS-a pravo u filmove, smor bez harizme.",,
sr-01472,https://www.youtube.com/watch?v=FHQwol6UyOk,Svidja mi se sti mu je uvek upaljač kod cigara,,
sr-01473,https://www.youtube.com/watch?v=FHQwol6UyOk,"Super film, ali dio gdje se Lukas pojavljuje je bepotreban i degutantan",,
sr-01474,https://www.youtube.com/watch?v=FHQwol6UyOk,"Odlican film,bravo!",,
sr-01475,https://www.youtube.com/watch?v=FHQwol6UyOk,Je li bre? A Leptira i Xeniu pojela maca? Gde je credits?,,
sr-01476,https://www.youtube.com/watch?v=FHQwol6UyOk,Super film i odlična gluma i scenario !!!,,
sr-01477,https://www.youtube.com/watch?v=FHQwol6UyOk,Use Code GLUSHE in the item shop,,
sr-01478,https://www.youtube.com/watch?v=FHQwol6UyOk,38:58 onaj što jebo babu ? hahaha.. film sam gledao 100 puta i nikako da dosadi,,
sr-01479,https://www.youtube.com/watch?v=FHQwol6UyOk,Extra film....jedan je Kojo... Nikola... i ekipa...,,
sr-01480,https://www.youtube.com/watch?v=FHQwol6UyOk,Jedan od boljih filmova mada ima dosta sranja,,
sr-01481,https://www.youtube.com/watch?v=FHQwol6UyOk,ja jednu stvar nisam shvateo ko je pobedi na kraju?,,
sr-01482,https://www.youtube.com/watch?v=FHQwol6UyOk,Cale daj neke pare da izadjem,,
sr-01483,https://www.youtube.com/watch?v=FHQwol6UyOk,Žutićki ne leži gluma đžaba sve,,
sr-01484,https://www.youtube.com/watch?v=FHQwol6UyOk,Je l samo meni totalno random iskocilo ovo u recommended?,,
sr-01485,https://www.youtube.com/watch?v=FHQwol6UyOk,El moze neko da mi kaze kako se pesma zove u vreme 1:17 ? Hvala u napred,,
sr-01486,https://www.youtube.com/watch?v=FHQwol6UyOk,Dugo gori film nisam odgledao. Film od 100eura,,
sr-01487,https://www.youtube.com/watch?v=FHQwol6UyOk,Odličan je deo borba pod farovima kad umlati borca ali i vlasnika auta...,,
sr-01488,https://www.youtube.com/watch?v=FHQwol6UyOk,Al Srce od Meda. Prejaka pjesma.,,
sr-01489,https://www.youtube.com/watch?v=FHQwol6UyOk,Kakav bre Japan ti si za Obrenovac,,
sr-01490,https://www.youtube.com/watch?v=FHQwol6UyOk,Film Lavlje Srce i film Roki dobili sina i zove se Jesen Samuraja !!!!!,,
sr-01491,https://www.youtube.com/watch?v=FHQwol6UyOk,Fil nije los moglo je mnogo bolje,,
sr-01492,https://www.youtube.com/watch?v=FHQwol6UyOk,Sjajan film. I hvala za upload. Pozdrav iz Kine. :),,
sr-01493,https://www.youtube.com/watch?v=FHQwol6UyOk,film je prva liga,,
sr-01494,https://www.youtube.com/watch?v=FHQwol6UyOk,"U realnosti nikad ne bi mogao karatista da radi i nastupa kao MMA borac, to su 2 različita sveta..",,
sr-01495,https://www.youtube.com/watch?v=FHQwol6UyOk,32:06... Evo ti kendi shop Janko... Haha,,
sr-01496,https://www.youtube.com/watch?v=FHQwol6UyOk,"Није у реду што ѕвладица пуно пуши. Чак и у сали на тренингу. Филм снимљен у мрачном амбијенту иначе у целини, Лепа прича. Пријатна за гледање",,
sr-01497,https://www.youtube.com/watch?v=FHQwol6UyOk,"Jesen samuraja - Domaći film (2016) 885,702 viewsSep 29, 2017 6.8K 383 SHARE SAVE Exorty SUBUJTE NA KANAL ZA NAJNOVIJE FILMOVE!!!",,
sr-01498,https://www.youtube.com/watch?v=FHQwol6UyOk,"Ne bi da ispade da pljujem, svačije delo poštujem.... Ali... Da li neko može da mi kaže koja je poenta filma!? Šampion seoskih turnira u karateu koji se alkoholiše, drogira, juri kurve.. Postane trenere, nastavi sve to, i uz to spopada majke dece koju trenira... Blaćenje sporta, trenerskog posla i svega što je ostalo da iole vredi u ovome društvu... Koja je poenta svega toga!?",,
sr-01499,https://www.youtube.com/watch?v=FHQwol6UyOk,Stvarno su neki lovatori bolesni do neba,,
sr-01500,https://www.youtube.com/watch?v=FHQwol6UyOk,Vladica je najaci,,
sr-01501,https://www.youtube.com/watch?v=FHQwol6UyOk,"Film je dobar, korektan do scene 1:45:10 Ovo nije trebalo, bacilo je senku na sve pre toga.",,
sr-01502,https://www.youtube.com/watch?v=FHQwol6UyOk,"Cim sam procitao da glumi ona Katarina, kao Zutic, a zapravo joj je tata Tihi.....sve je jasno !!!!",,
sr-01503,https://www.youtube.com/watch?v=FHQwol6UyOk,"Deo filma gde Kojo i Strugar imaju fajt,je ubedljivo najsmešniji deo filma jer se tu vidi da njima uopšte ne leži to. Oni su ok,trude se i glume fajt ali su smešni kao crtani film. Njih dvojica su ekstra glumci ali za uloge gde će da glume šmekere,mangupe pa i krimose ali obavezno bez scena gde demonstriraju fajterske sposobnosti",,
sr-01504,https://www.youtube.com/watch?v=FHQwol6UyOk,"Dobar je Strugar,kako u ovom filmu glumi i pogotovo kada jede sladoled sa kašičicom-e tu me baš podseća na Breda Pita u filmu Oceans Eleven,jer u tom filmu Bred Pit non stop nešto klopa",,
sr-01505,https://www.youtube.com/watch?v=FHQwol6UyOk,Haahahah ukucao sam Južni vetar i ovo mi izašlo ahhaahahah,,
sr-01506,https://www.youtube.com/watch?v=FHQwol6UyOk,Ovo je film koji nema pojma u kom pravcu ide. Kraj je apsolutno unakažen....,,
sr-01507,https://www.youtube.com/watch?v=FHQwol6UyOk,"Odlican film,svaka čast",,
sr-01508,https://www.youtube.com/watch?v=FHQwol6UyOk,mnogo greske ima u film.,,
sr-01509,https://www.youtube.com/watch?v=FHQwol6UyOk,Fora pogledao sam film 50000 puta zato sto zivim u Obrenovcu,,
sr-01510,https://www.youtube.com/watch?v=FHQwol6UyOk,Kako se zove pesma na 12:20,,
sr-01511,https://www.youtube.com/watch?v=FHQwol6UyOk,"Sa koliko se para snimaju domaci filmovi ovo je predobro. Rezija i scenario odlicni muzika i montaza mi je malo tanki glumci savrseni,kraj za mene idealan, uopste nije bitno ko je pobedio. Film zasluzuje nastavak ako ni zbog cega drugog ono zbog inspektora i komisije za doping. Neverovatno je na koliko nacina moze da se upotrebi rec qurac...",,
sr-01512,https://www.youtube.com/watch?v=FHQwol6UyOk,gluo do bola!!!!,,
sr-01513,https://www.youtube.com/watch?v=FHQwol6UyOk,Bravo. Hvala vam.,,
sr-01514,https://www.youtube.com/watch?v=FHQwol6UyOk,opet strongman nislija ...jebote niski el ima de te nema,,
sr-01515,https://www.youtube.com/watch?v=FHQwol6UyOk,1:08:22 eno ga strongman skroz levo,,
sr-01516,https://www.youtube.com/watch?v=FHQwol6UyOk,Vidi ga strongman,,
sr-01517,https://www.youtube.com/watch?v=FHQwol6UyOk,Daj to da se popusi pa da se radi4:15,,
sr-01518,https://www.youtube.com/watch?v=FHQwol6UyOk,Pa tvoj Janko radi jebote u građevinskoj inspekciji..!,,
sr-01519,https://www.youtube.com/watch?v=FHQwol6UyOk,Zove se hus a ne hos,,
sr-01520,https://www.youtube.com/watch?v=FHQwol6UyOk,Kako se zove ovaj film?,,
sr-01521,https://www.youtube.com/watch?v=FHQwol6UyOk,Od 52:46 što se necuje ljudi???????????????????????????,,
sr-01522,https://www.youtube.com/watch?v=FHQwol6UyOk,Jel ga istuko vukasin,,
sr-01523,https://www.youtube.com/watch?v=FHQwol6UyOk,Legendarni Nikola Kojo.,,
sr-01524,https://www.youtube.com/watch?v=FHQwol6UyOk,Ahahaha Srpski street fighter/roki :D :D :D,,
sr-01525,https://www.youtube.com/watch?v=FHQwol6UyOk,Ec ec de baba dusa moja krilata,,
sr-01526,https://www.youtube.com/watch?v=FHQwol6UyOk,"Odvratno koliko psovki nije mi jasno zasto to u nasim filmovima forsiraju i to bas napadno ,sto je najgore najvecim delom u komunikaciji izmedju oca i sina i pred decom u sali...fuj , pokvarili su film time . Ideja je odlicna , dobra glumacka ekipa",,
sr-01527,https://www.youtube.com/watch?v=FHQwol6UyOk,Najci film buraz,,
sr-01528,https://www.youtube.com/watch?v=FHQwol6UyOk,jebacki film hahahaha,,
sr-01529,https://www.youtube.com/watch?v=FHQwol6UyOk,"hahahahahahaha ovo je takvo govno od filma, zali boze vremena",,
sr-01530,https://www.youtube.com/watch?v=FHQwol6UyOk,Sta radis to??uzeo malo da treniram Lazes bre ti samo treniras kad te cekaju neke pare ili picka,,
sr-01531,https://www.youtube.com/watch?v=FHQwol6UyOk,"Film sa smislom i dušom...svaka čast, drugi put ga gledam i opet uživam.",,
sr-01532,https://www.youtube.com/watch?v=FHQwol6UyOk,Kako se zove pesma sa pocetka,,
sr-01533,https://www.youtube.com/watch?v=FHQwol6UyOk,1:16:30 eto i mene,,
sr-01534,https://www.youtube.com/watch?v=FHQwol6UyOk,Ovaj film bi imao toliko gledanosti Ali mu jd naziv sranje Jesen Samuraja. Wtf.,,
sr-01535,https://www.youtube.com/watch?v=FHQwol6UyOk,"Jegnom glup film, ocajna gluma, debilna radnja i realizacija. Potroseno vreme za badava!",,
sr-01536,https://www.youtube.com/watch?v=FHQwol6UyOk,"Film koji drži pažnju skoro svo vreme, svaka čast Vojnovu na scenariju i relativno dobro dočarana atmosfera karate sporta (iako to nije lajt motiv filma). Sve u svemu veoma dobar film.",,
sr-01537,https://www.youtube.com/watch?v=FHQwol6UyOk,Još nisam vidio ovako seksipilnu ženu i da voli ovoliko da se tuca,,
sr-01538,https://www.youtube.com/watch?v=FHQwol6UyOk,"“Gospodine, ja ne pušim kurac, ja volim da ga meni popuše, ali ako insistirate mogu ja da ga bloboćam” koji je Andrija car!",,
sr-01539,https://www.youtube.com/watch?v=FHQwol6UyOk,može li film Parada 2001 u HD ?,,
sr-01540,https://www.youtube.com/watch?v=FHQwol6UyOk,MMA je jaci od karatea,,
sr-01541,https://www.youtube.com/watch?v=FHQwol6UyOk,Sportista a pusi non stop.,,
sr-01542,https://www.youtube.com/watch?v=FHQwol6UyOk,"imam 76 godina razjaren sam za devojke, imam para.. trazim gospodaricu da me popisa po faci, moze da mi sere usta dobro placam",,
sr-01543,https://www.youtube.com/watch?v=FHQwol6UyOk,where to find this movie with english subtitles?,,
sr-01544,https://www.youtube.com/watch?v=FHQwol6UyOk,Preporučujem da odgledate.. ja gledam 4 put i stvarno je dobar film,,
sr-01545,https://www.youtube.com/watch?v=FHQwol6UyOk,"Sportista, a pusi.",,
sr-01546,https://www.youtube.com/watch?v=FHQwol6UyOk,što je isklučen zvuk,,
sr-01547,https://www.youtube.com/watch?v=FHQwol6UyOk,sve top osim vulgarnog recnika,,
sr-01548,https://www.youtube.com/watch?v=FHQwol6UyOk,Kako se zove (ili gde moze da se nadje) muzika tokom treninga? (1:03:54 - 1:06:55)?,,
sr-01549,https://www.youtube.com/watch?v=FHQwol6UyOk,A gde ces sad? U dom zdravlja da se testiram na sidu,,
sr-01550,https://www.youtube.com/watch?v=FHQwol6UyOk,"Odlican film ,Strugar je genijalan glumac ! Koju I Sergeja ne moram da hvalim ,zna se da su vrh glumci !",,
sr-01551,https://www.youtube.com/watch?v=FHQwol6UyOk,Ja imam plavi pojas,,
sr-01552,https://www.youtube.com/watch?v=FHQwol6UyOk,Katana iznad Koje leži naopako...,,
sr-01553,https://www.youtube.com/watch?v=FHQwol6UyOk,Nikola Kojo CARINA,,
sr-01554,https://www.youtube.com/watch?v=FHQwol6UyOk,Film do jaaaajaaaa,,
sr-01555,https://www.youtube.com/watch?v=FHQwol6UyOk,7:35 vratio ga na fabricka!,,
sr-01556,https://www.youtube.com/watch?v=FHQwol6UyOk,kako se zove pjesma od 14min,,
sr-01557,https://www.youtube.com/watch?v=FHQwol6UyOk,Najjaci film mogu ga gledati 10000 puta,,
sr-01558,https://www.youtube.com/watch?v=FHQwol6UyOk,44:00 - 44:11 - Jako mudar razgovor.,,
sr-01559,https://www.youtube.com/watch?v=FHQwol6UyOk,Kapa do poda za filim,,
sr-01560,https://www.youtube.com/watch?v=FHQwol6UyOk,"super, film bravo strugar.",,
sr-01561,https://www.youtube.com/watch?v=FHQwol6UyOk,"Film je odlican. Koreografije borbi su odlicno uradjene. Volio bi da je film otisao u ozbiljnijem pravcu i da je bio revans. Ovako je ostalo materijala za nastavak. Dio na kraju u sali sa djecom je mogao biti suptilniji, ovako je mnogo receno a ispalo je amerikanizirano i vulgarno. Uz par izmjena film je mogao biti i klasik.",,
sr-01562,https://www.youtube.com/watch?v=FHQwol6UyOk,"Jel ovo kao nastavak od ""Mali Budo""?",,
sr-01563,https://www.youtube.com/watch?v=FHQwol6UyOk,Kako ono dete zna broj od policije i kako bi mu plicija poverovala,,
sr-01564,https://www.youtube.com/watch?v=FHQwol6UyOk,46:10 hahhahahahahahahaah,,
sr-01565,https://www.youtube.com/watch?v=FHQwol6UyOk,Ja ovakav film.....wowwww,,
sr-01566,https://www.youtube.com/watch?v=FHQwol6UyOk,Dobar film. Sve pohvale.,,
sr-01567,https://www.youtube.com/watch?v=FHQwol6UyOk,Kako bi ja poducavao ovu Vukasinovu mamu,,
sr-01568,https://www.youtube.com/watch?v=FHQwol6UyOk,Ljudi jel ima nastavak.I kad ce izac moram da gledam ovo je extra,,
sr-01569,https://www.youtube.com/watch?v=FHQwol6UyOk,"Dobar film, i mnogu smešno...",,
sr-01570,https://www.youtube.com/watch?v=FHQwol6UyOk,7:36 MON DOLIO xD,,
sr-01571,https://www.youtube.com/watch?v=FHQwol6UyOk,"sranje, gluma ocajna",,
sr-01572,https://www.youtube.com/watch?v=FHQwol6UyOk,Konacno nas film sa normlanim scenama borbe a ne sve losa gluma kao do sad,,
sr-01573,https://www.youtube.com/watch?v=FHQwol6UyOk,Pederska propaganda,,
sr-01574,https://www.youtube.com/watch?v=FHQwol6UyOk,koje govno od filma,,
sr-01575,https://www.youtube.com/watch?v=FHQwol6UyOk,"Ekstra film, samo što mnogo forsiraju cigare i na kraju su preterali. Bukvalno svaka 2. rec im je puši kurac.",,
sr-01576,https://www.youtube.com/watch?v=FHQwol6UyOk,Da li mu je asics platio za reklamu tikepa,,
sr-01577,https://www.youtube.com/watch?v=FHQwol6UyOk,44:55 - 45:02 - VUCIC,,
sr-01578,https://www.youtube.com/watch?v=FHQwol6UyOk,Bilo bi ludo da na 1:00:52 Yuri Boyka na nosilima ... :),,
sr-01579,https://www.youtube.com/watch?v=7Z4pzU1SSO4,Što sam stariji sve više razumijem Gigu. Svaka riječ mu je na mjestu,,
sr-01580,https://www.youtube.com/watch?v=7Z4pzU1SSO4,"Top, vrhunska gluma.",,
sr-01581,https://www.youtube.com/watch?v=7Z4pzU1SSO4,"Lidiju sam uvek zvao Violeta zbog ove uloge, ona je za mene Violeta Vukicevic",,
sr-01582,https://www.youtube.com/watch?v=7Z4pzU1SSO4,On ti je samo jak kao prosjak/ Giga je tako jednostavan/ Ona se brzo zacopala!? Brže ne ide!?,,
sr-01583,https://www.youtube.com/watch?v=7Z4pzU1SSO4,Gledamo i u 2026,,
sr-01584,https://www.youtube.com/watch?v=7Z4pzU1SSO4,Giga campiol debela ladovina super serija sto puta sam gledala,,
sr-01585,https://www.youtube.com/watch?v=7Z4pzU1SSO4,Pare su prolazne bitan je covek,,
sr-01586,https://www.youtube.com/watch?v=7Z4pzU1SSO4,Pa nek dodje čovek onda,,
sr-01587,https://www.youtube.com/watch?v=7Z4pzU1SSO4,"Nigde psovki, a iako je tekst pomalo uštogljen, ovi glumci igraju svoje uloge vrlo dobro. Počivaj u miru Jugo. .erem u sve ovo danas.",,
sr-01588,https://www.youtube.com/watch?v=7Z4pzU1SSO4,"Da bravo lizanje rana ,ogovaranje sem istine nasa je pa cuvajte je",,
sr-01589,https://www.youtube.com/watch?v=7Z4pzU1SSO4,Gluma je vrh ali realnost suvise ista reci dokle.ce.ovaj narod zmureti na istini.,,
sr-01590,https://www.youtube.com/watch?v=7Z4pzU1SSO4,Giga Moravac gigant serija uz koju sam odrastao,,
sr-01591,https://www.youtube.com/watch?v=7Z4pzU1SSO4,koja serija uvijek sam gledao ovu seriju dobri stari glumci slobodan dobar Glumac,,
sr-01592,https://www.youtube.com/watch?v=7Z4pzU1SSO4,3:15 3:16 3:17 3:22 3:24,,
sr-01593,https://www.youtube.com/watch?v=7Z4pzU1SSO4,"Trebalo bi da postave sve epizode, jer je serija posle toliko vremena postala narodno dobro",,
sr-01594,https://www.youtube.com/watch?v=7Z4pzU1SSO4,40 JG. 10. 1. I 20. 10. 2027. NEDELJA DOMINGO I SRIJEDA MJERKOLES BOLJI ZIVOT SERIJI I MENI BICE SIMONA,,
sr-01595,https://www.youtube.com/watch?v=7Z4pzU1SSO4,Serija Naseg Dijetinjstva.,,
sr-01596,https://www.youtube.com/watch?v=7Z4pzU1SSO4,"Ko ce da se brine o meni , TI",,
sr-01597,https://www.youtube.com/watch?v=7Z4pzU1SSO4,Giga ovde 45g auu kao da je 70g,,
sr-01598,https://www.youtube.com/watch?v=7Z4pzU1SSO4,U 10 minuta vrhunska gluma i scenario...,,
sr-01599,https://www.youtube.com/watch?v=7Z4pzU1SSO4,Koliko je boba ovde ima godina a koliko sada ima,,
sr-01600,https://www.youtube.com/watch?v=7Z4pzU1SSO4,"Kako bi se reklo, Giga je samo PRAGMATIČAN",,
sr-01601,https://www.youtube.com/watch?v=7Z4pzU1SSO4,divna serija hoce li bit cjela serija,,
sr-01602,https://www.youtube.com/watch?v=7Z4pzU1SSO4,Gluplji od glupljeg komentara.,,
sr-01603,https://www.youtube.com/watch?v=7Z4pzU1SSO4,Sto se ceca krsti sa celom sakom,,
sr-01604,https://www.youtube.com/watch?v=7Z4pzU1SSO4,Najbplja serija ikad,,
sr-01605,https://www.youtube.com/watch?v=7Z4pzU1SSO4,Od jutros sljakas kao maticar ahahahaha crkoh,,
sr-01606,https://www.youtube.com/watch?v=7Z4pzU1SSO4,Tata ne govori španski,,
sr-01607,https://www.youtube.com/watch?v=7Z4pzU1SSO4,Eeèe kol'ko e ovoj realno.......ama matorci ne sfacjav.,,
sr-01608,https://www.youtube.com/watch?v=7Z4pzU1SSO4,BOLJI ZIVOT-MOGU SVAKI DAN DA GLEDAM,,
sr-01609,https://www.youtube.com/watch?v=7Z4pzU1SSO4,Nikad nije kasno,,
sr-01610,https://www.youtube.com/watch?v=7Z4pzU1SSO4,Kako onda tako danas materijalisti,,
sr-01611,https://www.youtube.com/watch?v=7Z4pzU1SSO4,"Када ће реприза емисије,",,
sr-01612,https://www.youtube.com/watch?v=7Z4pzU1SSO4,Umirem od smeha,,
sr-01613,https://www.youtube.com/watch?v=7Z4pzU1SSO4,Legendemog detinjstva,,
sr-01614,https://www.youtube.com/watch?v=7Z4pzU1SSO4,Legendarna serija nikad više ni slične!!! 2026,,
sr-01615,https://www.youtube.com/watch?v=7Z4pzU1SSO4,Bravo za sve vrh serija i glumci toop,,
sr-01616,https://www.youtube.com/watch?v=7Z4pzU1SSO4,Koja smo mi sranja gledali .,,
sr-01617,https://www.youtube.com/watch?v=7Z4pzU1SSO4,Dok je bilo ovakvih serija i Bjelogrlic je bio normalan.,,
sr-01618,https://www.youtube.com/watch?v=7Z4pzU1SSO4,Kakav bre intermeco?,,
sr-01619,https://www.youtube.com/watch?v=7Z4pzU1SSO4,DALI IMATE JOŠ SCENA,,
sr-01620,https://www.youtube.com/watch?v=7Z4pzU1SSO4,Serija ljudi vrh nikad vise ovako jbg,,
sr-01621,https://www.youtube.com/watch?v=7Z4pzU1SSO4,"Naravno, Giga pita za stan a on se uvalio prilikom zenidbe.",,
sr-01622,https://www.youtube.com/watch?v=7Z4pzU1SSO4,Giga legenda a Milenijalci tvrde kako je ovo deljacka serija a jedina urbana u odnosu na sve ostale nase porodicne serije..,,
sr-01623,https://www.youtube.com/watch?v=7Z4pzU1SSO4,Najbolja serija.,,
sr-01624,https://www.youtube.com/watch?v=7Z4pzU1SSO4,Draga n je yuper,,
sr-01625,https://www.youtube.com/watch?v=7Z4pzU1SSO4,Tò je naljbolja serija na svetu !!!!!!!,,
sr-01626,https://www.youtube.com/watch?v=7Z4pzU1SSO4,Jesil i ti Tiho kao ja ššššš tiho,,
sr-01627,https://www.youtube.com/watch?v=7Z4pzU1SSO4,"Jest mi drago što sam svekrva,a ne punica u mom zagrljaju",,
sr-01628,https://www.youtube.com/watch?v=7Z4pzU1SSO4,Zar ovo ne podsjeca na Djinovice ?,,
sr-01629,https://www.youtube.com/watch?v=7Z4pzU1SSO4,"Da da, to su ta komunjarska super top vremena....a svi da se trgnu sa kazana, a "" nove majke"" , tj keeve",,
sr-01630,https://www.youtube.com/watch?v=7Z4pzU1SSO4,Mogu ti reci da se meni taj čovek svidja,,
sr-01631,https://www.youtube.com/watch?v=7Z4pzU1SSO4,Soba za lizanje rana i konsolidaciju.,,
sr-01632,https://www.youtube.com/watch?v=7Z4pzU1SSO4,Divna serija svaki dan ja gledam,,
sr-01633,https://www.youtube.com/watch?v=7Z4pzU1SSO4,"Briljantan scenario, briljantni glumci.",,
sr-01634,https://www.youtube.com/watch?v=7Z4pzU1SSO4,Pun je para-Odmah mi se sviđa!!!!,,
sr-01635,https://www.youtube.com/watch?v=7Z4pzU1SSO4,Ti ja mi on ili ono ahahah,,
sr-01636,https://www.youtube.com/watch?v=7Z4pzU1SSO4,"Vidim tebe i mene,ja sam Giga.Kako je u tvom domu,ima li gužve u prometu nekretnina na prodaju polovno parkirano ispred ORDINACIJE.Znači spade knjiga na dva penzionera ili slova.",,
sr-01637,https://www.youtube.com/watch?v=7Z4pzU1SSO4,Kad pomislim da Giga ovde ima 40.god... Odlična serija.,,
sr-01638,https://www.youtube.com/watch?v=7Z4pzU1SSO4,serija nad serijama!!!!,,
sr-01639,https://www.youtube.com/watch?v=7Z4pzU1SSO4,Fantastična serija,,
sr-01640,https://www.youtube.com/watch?v=7Z4pzU1SSO4,"Serija koja prvenstveno imala ispravan govor i dikciju, gde si se mogao uz humor nauciti i pravilnom i cistom govoru...!",,
sr-01641,https://www.youtube.com/watch?v=7Z4pzU1SSO4,"Mirišeš na bajatog mladoženju, ha, ha, ha.",,
sr-01642,https://www.youtube.com/watch?v=7Z4pzU1SSO4,Vakvi vise serija nikad vise nece bit nit snimati zalosno al je tako,,
sr-01643,https://www.youtube.com/watch?v=7Z4pzU1SSO4,FANTASTIČNI SU....,,
sr-01644,https://www.youtube.com/watch?v=7Z4pzU1SSO4,ON 'OĆE DA SE ŽENI! - i on???,,
sr-01645,https://www.youtube.com/watch?v=7Z4pzU1SSO4,Najlepsa serija svih vremena,,
sr-01646,https://www.youtube.com/watch?v=7Z4pzU1SSO4,Nezaboravna serija,,
sr-01647,https://www.youtube.com/watch?v=7Z4pzU1SSO4,"Ovo se može svaki dan gledati,nikad dosadno,danas ovakvih serija nima",,
sr-01648,https://www.youtube.com/watch?v=7Z4pzU1SSO4,"Ceca Bojkovic, velika dama i legenda jugoslovenske kinematografije. Zajedno sa cijelom glumackom postavom sinonim jednog lijepog i bezbriznog vremena.Veliki pozdrav iz Sarajeva.",,
sr-01649,https://www.youtube.com/watch?v=7Z4pzU1SSO4,"Genijalni , genijalni",,
sr-01650,https://www.youtube.com/watch?v=7Z4pzU1SSO4,Ma nenadmasno...,,
sr-01651,https://www.youtube.com/watch?v=7Z4pzU1SSO4,Чаробњак из Оза Какав цар!!!,,
sr-01652,https://www.youtube.com/watch?v=7Z4pzU1SSO4,Ja samo ovaj vidro gkedam vrlo cesto posto je jedini duzi i normlan. Zasto ne stavite serije normalno epizode?,,
sr-01653,https://www.youtube.com/watch?v=7Z4pzU1SSO4,Giga Moravac!!! Naš heroj!!! Volimo te,,
sr-01654,https://www.youtube.com/watch?v=7Z4pzU1SSO4,U birtiju retko svraćam. Radim na novoj seriji.,,
sr-01655,https://www.youtube.com/watch?v=7Z4pzU1SSO4,Prava serja bolji źivot giga pravi gllumac,,
sr-01656,https://www.youtube.com/watch?v=7Z4pzU1SSO4,Ja bi probala sa nekim ko dosad nije probam.,,
sr-01657,https://www.youtube.com/watch?v=7Z4pzU1SSO4,6.12.2025 Još netko?,,
sr-01658,https://www.youtube.com/watch?v=7Z4pzU1SSO4,BOLJI ŽIVOT U SRCUSERIJA MOG DETINJSTVA,,
sr-01659,https://www.youtube.com/watch?v=7Z4pzU1SSO4,Rasprava oko Violetinog sledeceg udvaraca. Violeta iznosi cinjenicno stanje da je finasijski obezbijedjen kad to cuje Giga mijenja naprasno misljenje za njega i sve ubpozitivu pocinje da govori.I za Sasu ista pravila kao i za Viletu kad sebpomene novac sve mijenja stvar,,
sr-01660,https://www.youtube.com/watch?v=7Z4pzU1SSO4,"Обожавам ову серију ... могао бих сваки да је гледам, ненадмашно.",,
sr-01661,https://www.youtube.com/watch?v=7Z4pzU1SSO4,nema dalje.....,,
sr-01662,https://www.youtube.com/watch?v=7Z4pzU1SSO4,Serija za sva vremena!!! Scena kao da se odvija u naše domove vrh najjači,,
sr-01663,https://www.youtube.com/watch?v=7Z4pzU1SSO4,Giga šljaka kao matičar,,
sr-01664,https://www.youtube.com/watch?v=7Z4pzU1SSO4,Gigo ti čoveku dušu razgališ,,
sr-01665,https://www.youtube.com/watch?v=7Z4pzU1SSO4,Koliko su svi genijalni... Pogotovo Giga i Boba.,,
sr-01666,https://www.youtube.com/watch?v=7Z4pzU1SSO4,Odma naručuju muziku,,
sr-01667,https://www.youtube.com/watch?v=7Z4pzU1SSO4,Da je sreće dragiša da se i ti fazoniraš!,,
sr-01668,https://www.youtube.com/watch?v=7Z4pzU1SSO4,"Koluko.sam puta gledala ovu seriju i ovu scenu ,i uvek me nasmeje, pogotovu,Giga i Ema",,
sr-01669,https://www.youtube.com/watch?v=7Z4pzU1SSO4,"Brat moj, čika kure",,
sr-01670,https://www.youtube.com/watch?v=7Z4pzU1SSO4,"Ovo je jedna od top 3 serije bivše Juge ,svih vremena...obožavam",,
sr-01671,https://www.youtube.com/watch?v=7Z4pzU1SSO4,Ćaci glumica medj' GIGANTIMA !,,
sr-01672,https://www.youtube.com/watch?v=7Z4pzU1SSO4,"Alal vera Gile,od jutros sljakas kao maticar,deli on blagoslove kao papa Pavle VI",,
sr-01673,https://www.youtube.com/watch?v=7Z4pzU1SSO4,Super serija najbolja,,
sr-01674,https://www.youtube.com/watch?v=7Z4pzU1SSO4,"Genijalci..danas nažalost imamo govnarije,precijenjeni amaterizam ,te kopije od kopije boljeg života,,tipa naši vaši,kumovi,bibin svijet,ruže vitrova,larin izgon,zauvik susidi,sve će bit dobro....itd,itd..serije za maloumne i pranje love.",,
sr-01675,https://www.youtube.com/watch?v=7Z4pzU1SSO4,Ko da mi je taj dinar pa neka valita,,
sr-01676,https://www.youtube.com/watch?v=7Z4pzU1SSO4,Svetlana Bojković je imala 40 godina kad se serija pocela snimati. :),,
sr-01677,https://www.youtube.com/watch?v=7Z4pzU1SSO4,Ima Tata pravooo!,,
sr-01678,https://www.youtube.com/watch?v=7Z4pzU1SSO4,Jok kqd se sjwtim svqke subote Bolji zivot. Svi smo cekali kad ce poceti,,
sr-01679,https://www.youtube.com/watch?v=7Z4pzU1SSO4,Pusti te bolji zivot serije,,
sr-01680,https://www.youtube.com/watch?v=7Z4pzU1SSO4,Njoj najprije nije bitno da li čovjek ima stan itd a onda kad je čula da je bobina cura siromašna onda... 09:05,,
sr-01681,https://www.youtube.com/watch?v=7Z4pzU1SSO4,"Srpkinje Najljepse, Najzgodnije i Najseksipilnije Zene Na Svijetu!!! Amin!!!",,
sr-01682,https://www.youtube.com/watch?v=7Z4pzU1SSO4,Giga Je u Pravu Bio!!!,,
sr-01683,https://www.youtube.com/watch?v=7Z4pzU1SSO4,Gigante rodi se ponovo,,
sr-01684,https://www.youtube.com/watch?v=7Z4pzU1SSO4,najjaca epizoda cele serije,,
sr-01685,https://www.youtube.com/watch?v=7Z4pzU1SSO4,"Veliki Siniša Pavić. Čovjek koji je tvorac ovog remek-djela. Počivao u miru, Legendo.",,
sr-01686,https://www.youtube.com/watch?v=7Z4pzU1SSO4,Kako je bila lijepa Violeta ovde cccc,,
sr-01687,https://www.youtube.com/watch?v=7Z4pzU1SSO4,Sve što je Boba rekao sve je apsolutna istina. Surovo jeste ali je istina.,,
sr-01688,https://www.youtube.com/watch?v=7Z4pzU1SSO4,Dragiša speaks facts,,
sr-01689,https://www.youtube.com/watch?v=7Z4pzU1SSO4,Dobre stare serije koje mogu gledati x puta.,,
sr-01690,https://www.youtube.com/watch?v=7Z4pzU1SSO4,Gde je bolji život? Tražim ga odavno pa nikako da me nadje.,,
sr-01691,https://www.youtube.com/watch?v=7Z4pzU1SSO4,odlični! super serija,,
sr-01692,https://www.youtube.com/watch?v=7Z4pzU1SSO4,Gospoxin Oliver je bio vrh glumac.Hvala!,,
sr-01693,https://www.youtube.com/watch?v=7Z4pzU1SSO4,U Hrvatskoj smo obožavali ovu seriju... Pogotovo Lidiju,,
sr-01694,https://www.youtube.com/watch?v=7Z4pzU1SSO4,Najbolja serija i glumci,,
sr-01695,https://www.youtube.com/watch?v=7Z4pzU1SSO4,"Koja je ovo epizoda, ako mozete napisati ? :)",,
sr-01696,https://www.youtube.com/watch?v=7Z4pzU1SSO4,Koje smo mi slijepe ovce sta normalno nam da su svi ovako crnokosi jel izgledamo mi tako ili su ovi malo sa juga jugoistoka,,
sr-01697,https://www.youtube.com/watch?v=7Z4pzU1SSO4,Otac je legenda i mangup sin.,,
sr-01698,https://www.youtube.com/watch?v=7Z4pzU1SSO4,I TO DRVENI KOLAC,,
sr-01699,https://www.youtube.com/watch?v=7Z4pzU1SSO4,"Ova scena je životna, kroz vreme",,
sr-01700,https://www.youtube.com/watch?v=7Z4pzU1SSO4,"brawo savtscena, emisia, Dank!",,
sr-01701,https://www.youtube.com/watch?v=7Z4pzU1SSO4,Vrh...Čarobnjak iz Oza,,
sr-01702,https://www.youtube.com/watch?v=7Z4pzU1SSO4,Sviđa ti se čovek koga nikad nisi video,,
sr-01703,https://www.youtube.com/watch?v=7Z4pzU1SSO4,"Kako te nije sramota""ko grom iz vedra neba, Emilija ""čega da me bude sramota"" - Giga upita. ""ja nisam ni istrošena, ni stara"" Giga""ja sam to više misliš na sebe"".",,
sr-01704,https://www.youtube.com/watch?v=7Z4pzU1SSO4,Jaka hrabra scena svaka čast.Odlična serija i ponovo je gledam puno puta!,,
sr-01705,https://www.youtube.com/watch?v=7Z4pzU1SSO4,Milijardu puta BiH mogla da gledam,,
sr-01706,https://www.youtube.com/watch?v=7Z4pzU1SSO4,"8:42 Samo da nije ona prilika iz voza -Jeli, a sta bih falilo i da je ona iz voza? Onda bih ja morao da budem carobnjak iz oza!",,
sr-01707,https://www.youtube.com/watch?v=7Z4pzU1SSO4,Jako mi se svidza kako giga glumi ista jaaaa,,
sr-01708,https://www.youtube.com/watch?v=7Z4pzU1SSO4,Kako loše glumi ova radikalka,,
sr-01709,https://www.youtube.com/watch?v=7Z4pzU1SSO4,Jos kad bi RTS nakačio cijele epizode,,
sr-01710,https://www.youtube.com/watch?v=7Z4pzU1SSO4,Baš sam se nasmejala i uživala,,
sr-01711,https://www.youtube.com/watch?v=7Z4pzU1SSO4,I danas znam reći.... O Gospode Bože ! Serija koja se gledala u jednom dahu Vrijedilo je !,,
sr-01712,https://www.youtube.com/watch?v=7Z4pzU1SSO4,uuuuuuuuuuuuuuuuuuuuuuuuuuuuuuuuuuuuuuuuuuuuuuuuuuuuuuuuuuuuuuuuuuuuuuuuuuuuuuuuuuuuuuuuuuuuuuuuuuuuuuuuuuuuuuuuuuuuuuuuuuuuuuuuuuuuuuuuuuuuuuuuuuuuuuuuuuuuuuuuuuuuuuuuuuuuuuuuuuuuuuuuuuuuuuuuuuuuuuuuuuuuuuuuuuuuuuuuuuuuuuuuuuuuuuuuuuuuuuuuuuuuuuuuuuuuuuuuuuuuuuuuuuuuuuuuuuuuuuuuuuuuuuuuuuuuuuuuuuuuuuuuuuuuuuuuuuuuuuuuuuuuuuuuuuuuuuuuuuuuuuuuuuuuuuuuuuuuuuuuuuuuuuuuuuuuuuuuuuuuuuuuuuuuuuuuuuuuuuuuuuuuuuuuuuuuuuuuuuuuuuuuuuuuuuuuuuuuuuuuuuuuuuuuuuuuuuuuuuuuuuuuuuuuuuuuuuuuuuuuuuuuuuuuuuuuuuuuuuuuuuuuuuuuuuuuuuuuuuuuuuuuuuuuuuuuuuuuuuuuuuuuuuuuuuuuuuuuuuuuuuuuuuuuuuuuuuuuuuuuuuuuuuuuuuuuuuuuuuuuuuuuuuuuuuuuuuuuuuuuuuuuuuuuuuuuuuuuuuuuuuuuuuuuuuuuuuuuuuuuuuuuuuuuuuuuuuuuuuuuuuuuuuuuuuuuuuuuuuuuuuuuuuuuuuuuuuuuuuuuuug,,
sr-01713,https://www.youtube.com/watch?v=7Z4pzU1SSO4,Jebes hoolivud ovo je za oskara a ne americke gluposti,,
sr-01714,https://www.youtube.com/watch?v=7Z4pzU1SSO4,Molim pustite i pesmu drugi put,,
sr-01715,https://www.youtube.com/watch?v=7Z4pzU1SSO4,"Ja hocu zivot,bolji zivot,da ga...vise se ne sjecam,bila sam mala ali roditelji su verno gledali i pesma me sjeca tih dobrih starih vremena...A,da i prelepe Violete.",,
sr-01716,https://www.youtube.com/watch?v=7Z4pzU1SSO4,"Legenda od glumaca , zlatna vremena",,
sr-01717,https://www.youtube.com/watch?v=7Z4pzU1SSO4,Lidija je u ovoj seriji glumila fantastično,,
sr-01718,https://www.youtube.com/watch?v=7Z4pzU1SSO4,Bože dragi.vratilo me u život.,,
sr-01719,https://www.youtube.com/watch?v=7Z4pzU1SSO4,"A taj covek je advokat koji ""blati"" Gigu na sudu ,a da nije rekla ima i Volvo ;) Vrhunska scena,i serija!",,
sr-01720,https://www.youtube.com/watch?v=7Z4pzU1SSO4,"Carevi,uvek ih rado pogledam",,
sr-01721,https://www.youtube.com/watch?v=7Z4pzU1SSO4,Ceco bruko obozavao sam ovu seriju ali zbog tebe ldjelogrlica mi se gadi,,
sr-01722,https://www.youtube.com/watch?v=7Z4pzU1SSO4,Ovo su bile serije.,,
sr-01723,https://www.youtube.com/watch?v=7Z4pzU1SSO4,Ovaj treci je najbolji.,,
sr-01724,https://www.youtube.com/watch?v=7Z4pzU1SSO4,Najbolja serija,,
sr-01725,https://www.youtube.com/watch?v=7Z4pzU1SSO4,Bolji život gdjesu sada glumci,,
sr-01726,https://www.youtube.com/watch?v=7Z4pzU1SSO4,Delimo blagoslove,,
sr-01727,https://www.youtube.com/watch?v=7Z4pzU1SSO4,Hahah fazoniru kosu,,
sr-01728,https://www.youtube.com/watch?v=7Z4pzU1SSO4,Samo ova scena je jača od svih ovih novih serija zajedno !,,
sr-01729,https://www.youtube.com/watch?v=7Z4pzU1SSO4,Mogu li se negdje pogledati cijele epizode? Hvala.,,
sr-01730,https://www.youtube.com/watch?v=7Z4pzU1SSO4,"Obozavam ovu seriju ,",,
sr-01731,https://www.youtube.com/watch?v=7Z4pzU1SSO4,Giga ovde ima 43 godine,,
sr-01732,https://www.youtube.com/watch?v=7Z4pzU1SSO4,Stavio ovu vunu oko vrata na 40stepeni ..legenda hahahahahaha,,
sr-01733,https://www.youtube.com/watch?v=7Z4pzU1SSO4,Najjači ikad Giga,,
sr-01734,https://www.youtube.com/watch?v=7Z4pzU1SSO4,"""Eto ti sad. Ima li neke tuge i zala? Tata misli da ti treba jedan intermeco""! E to je drugi padez. Mogu ti reci da se meni taj covek svidja""! ""To je sto vidis i sto cujes. Delis blagoslove jutros ko papa Pavle VI""!",,
sr-01735,https://www.youtube.com/watch?v=7Z4pzU1SSO4,Kako su Nas lepo ucili da budemo glupi,,
sr-01736,https://www.youtube.com/watch?v=7Z4pzU1SSO4,Vrh serija kao i glumci.,,
sr-01737,https://www.youtube.com/watch?v=7Z4pzU1SSO4,"Upsss ovo snimljeno juče?? Ma da, samo ja starija 30~desatak godinica! ista priča-isto odstojanje! Samo uloge zamenjene",,
sr-01738,https://www.youtube.com/watch?v=7Z4pzU1SSO4,Serija koja me uvek nasmeje.,,
sr-01739,https://www.youtube.com/watch?v=7Z4pzU1SSO4,Mogu ti reci meni se taj covek svidja....,,
sr-01740,https://www.youtube.com/watch?v=7Z4pzU1SSO4,"Šta znači ""okikeljaviti se""?",,
sr-01741,https://www.youtube.com/watch?v=7Z4pzU1SSO4,Da se čudim ......,,
sr-01742,https://www.youtube.com/watch?v=7Z4pzU1SSO4,JOS DRVENI KOLAC NI BRIGE NI PAMETNI DANASNjI OCEVI,,
sr-01743,https://www.youtube.com/watch?v=7Z4pzU1SSO4,U JOJ JA OCA POKVARENOG.,,
sr-01744,https://www.youtube.com/watch?v=7Z4pzU1SSO4,MA KAKVA TATA MA NEMOJ TE JEDAN SE OTEGAO DRUGI SE PROTEGAO.,,
sr-01745,https://www.youtube.com/watch?v=1FIuVwTmYus,Dobra serija.Isto mi se dopada ova pjesma od Ekstra Nene i Bobe Stefanovica.,,
sr-01746,https://www.youtube.com/watch?v=1FIuVwTmYus,Ovo je mnogo stara serija.,,
sr-01747,https://www.youtube.com/watch?v=1FIuVwTmYus,Ovo mi je najomiljenija serija,,
sr-01748,https://www.youtube.com/watch?v=1FIuVwTmYus,"Dosadne reklame ,nije ih bilo u socijalizmu",,
sr-01749,https://www.youtube.com/watch?v=1FIuVwTmYus,dobar je film jasam 7 poetq vidila to joj ovako dobre,,
sr-01750,https://www.youtube.com/watch?v=1FIuVwTmYus,Ko je ovdje poslije Jadne rasprave,,
sr-01751,https://www.youtube.com/watch?v=1FIuVwTmYus,"Lola je realno ubola premiju jer svud je bolje nego na šalterima, kasama, poultovima i slično",,
sr-01752,https://www.youtube.com/watch?v=1FIuVwTmYus,"Е Лола,да се и ја тако мучим на послу.",,
sr-01753,https://www.youtube.com/watch?v=1FIuVwTmYus,Najljepsa serina ikada snimljena sadrzan glumci prelijepi dibro odradili posao nazalost dosta su njih otisli hvala svima koji su radili na ovoj seriji pozz svima gledam trenutno bolji zivot ali su srecni ljudi broj1 hvala,,
sr-01754,https://www.youtube.com/watch?v=1FIuVwTmYus,"SINIŠA PAVIĆ, legendo hvala, počivaj u miru... Bolji život... Srećni ljudi... Porodično blago... Stižu dolari... i dijamant za kraj... Bela lađa... Nikad više ovakvog genijalnog scenaristu domaćih porodičnih serija Srbija imati neće...",,
sr-01755,https://www.youtube.com/watch?v=1FIuVwTmYus,A Aleksandar Dunić od manekena do tovljenika,,
sr-01756,https://www.youtube.com/watch?v=1FIuVwTmYus,Gagi Ivanović od čoveka/glumčine do propaliteta alkoholočarskog,,
sr-01757,https://www.youtube.com/watch?v=1FIuVwTmYus,"Da da. Vreme hiperinflacije, šverca, snadji se itd",,
sr-01758,https://www.youtube.com/watch?v=1FIuVwTmYus,"Доста је било величања комунистичког доба! То је најгоре доба за србски род било,ђе је масон Тито убио више стотина хиљада невиних Срба,и срушили око 2000 православних цркви. Ето вам ваш Тито,дајте ми једног браварчића (шегрта) који зна свирати клавир,мајке вам га нлесавњ залуђене!",,
sr-01759,https://www.youtube.com/watch?v=1FIuVwTmYus,Evo ja strtujem sa 1. Sad,,
sr-01760,https://www.youtube.com/watch?v=1FIuVwTmYus,lola super najlonke takve volim nositi i ja,,
sr-01761,https://www.youtube.com/watch?v=1FIuVwTmYus,Ова прва епизода изгледа као да је снимана аматерском камером...,,
sr-01762,https://www.youtube.com/watch?v=1FIuVwTmYus,"koliko je ovo i danas aktualno, wow ...",,
sr-01763,https://www.youtube.com/watch?v=1FIuVwTmYus,"РТС, кад ће серија “Вук Караџић”?!",,
sr-01764,https://www.youtube.com/watch?v=1FIuVwTmYus,A bre ono kad je dosadno čisto da pogledaš,,
sr-01765,https://www.youtube.com/watch?v=1FIuVwTmYus,Neverovatna serija opisuje sve. Spasli ste nas. Najbolji povratak emocija načina života i sećanja!,,
sr-01766,https://www.youtube.com/watch?v=1FIuVwTmYus,steta los kvalitet ja imam na disku u hd jako dobar kvalitet,,
sr-01767,https://www.youtube.com/watch?v=1FIuVwTmYus,Nedelja kupanje i u 20h pocinje uh kad se sjetilm,,
sr-01768,https://www.youtube.com/watch?v=1FIuVwTmYus,Jao Nemoj neko ovo da brise to me cini srecnom srecni ljudi porodicno blago bolji zivot to je nesto njjj za gledanje,,
sr-01769,https://www.youtube.com/watch?v=1FIuVwTmYus,"Hvala na ovim mega hit serijama,cekamo i ,,bolji život,,",,
sr-01770,https://www.youtube.com/watch?v=1FIuVwTmYus,"Ovo je isti stan od Gavrilovića u Porodičnom blagu, samo drugacije tapete i detalji",,
sr-01771,https://www.youtube.com/watch?v=1FIuVwTmYus,Ovakvi se glumci više ne rađaju,,
sr-01772,https://www.youtube.com/watch?v=1FIuVwTmYus,"Fenomenalna serija, koliko god puta da je gledam ne bi mi dosadila",,
sr-01773,https://www.youtube.com/watch?v=1FIuVwTmYus,hvala. Gledam na brod dok sam i uzivam. Hvala RTS sto me vracas u djetinjstvo. Nadam se i Porodicnom Blagu i svim ostalim nasim serijama. Pozdrav sa dalekog okeana !,,
sr-01774,https://www.youtube.com/watch?v=1FIuVwTmYus,"Када ће реприза,,,, којег датума",,
sr-01775,https://www.youtube.com/watch?v=1FIuVwTmYus,Zašto niste remasterizovali seriju?,,
sr-01776,https://www.youtube.com/watch?v=1FIuVwTmYus,Poredjajte lepo epizode u plej listi zašto i po sezonama sve epizode u 1 listu,,
sr-01777,https://www.youtube.com/watch?v=1FIuVwTmYus,OVO SE ČEKALO BRE!!!,,
sr-01778,https://www.youtube.com/watch?v=1FIuVwTmYus,"Kako smo psovali Boga, to je strasno... Drago mi je da to vise ne radimo. Komunizam je zlo.",,
sr-01779,https://www.youtube.com/watch?v=1FIuVwTmYus,Jezicko odeljenje najbolje!,,
sr-01780,https://www.youtube.com/watch?v=1FIuVwTmYus,"Meni je bila OK dok je igrala Tanja Boskovic, posle ne toliko.",,
sr-01781,https://www.youtube.com/watch?v=1FIuVwTmYus,"Meni je ipak bolja serija ""Bolji zivot"". Ovo je nekako slicno, ali mi je ""Bolji zivot"" ipak bolji.",,
sr-01782,https://www.youtube.com/watch?v=1FIuVwTmYus,"E hvala za seriju, dojadilo mi vise da je trazim po raznim sajtovima, ovako je imam na youtubu stalno!",,
sr-01783,https://www.youtube.com/watch?v=1FIuVwTmYus,Tepali su mi Frenki hahahahaha,,
sr-01784,https://www.youtube.com/watch?v=1FIuVwTmYus,najbolja domaća serija,,
sr-01785,https://www.youtube.com/watch?v=1FIuVwTmYus,"Kakva emocija ..muzika sve me vrati 20,30 godina unazad...e zivote..",,
sr-01786,https://www.youtube.com/watch?v=1FIuVwTmYus,Geledo sam kad bio treći,,
sr-01787,https://www.youtube.com/watch?v=1FIuVwTmYus,"Da li cete sve epizode da postavite, jedva cekam krenula sam da gledam",,
sr-01788,https://www.youtube.com/watch?v=1FIuVwTmYus,"Mogli bi da uradite ""remaster"",ove legendarne serije.Ovakav prikaz,na danassnjim,monitorima,modernim televizorima,izgleda lose.",,
sr-01789,https://www.youtube.com/watch?v=1FIuVwTmYus,Nema potrebe prikrivati logo RTS!!!! I ne brisite vise seriju!!,,
sr-01790,https://www.youtube.com/watch?v=1FIuVwTmYus,"I kao deca svako je imao svojeg glavnog - omiljenog lika.. A onda ponedeljkom u skoli, prepricavanje ko je sta gledao i smesnih scena.. I dan danas gledam, jer se setim kada smo kao porodica gledali zajedno... A danas od porodice nista...",,
sr-01791,https://www.youtube.com/watch?v=1FIuVwTmYus,A sto ne uradite HD Remaster cele serije?,,
sr-01792,https://www.youtube.com/watch?v=1FIuVwTmYus,"Kad vec rts ovo objavljuje moglu su da urade ""remaster"" kvalitet je katastrofa! tu na youtube postoje bolje objave iz privatnih racuna ... ‍",,
sr-01793,https://www.youtube.com/watch?v=1FIuVwTmYus,Ona njega udarila i onda se bacila dole,,
sr-01794,https://www.youtube.com/watch?v=1FIuVwTmYus,"Bila su teska vremena ali porodica je uvek bila na okupu,Nove godine bozic itd,a danas…",,
sr-01795,https://www.youtube.com/watch?v=1FIuVwTmYus,93 godina 10 god sam imao svi u nedelju sednemo porodično i gledamo Srecne ljude,,
sr-01796,https://www.youtube.com/watch?v=1FIuVwTmYus,zasto je los snimak,,
sr-01797,https://www.youtube.com/watch?v=1FIuVwTmYus,"Од раније знам за ову бабу-убицу и њене саучеснике. Да ли је убила 2 или 150, убица је увек убица.",,
sr-01798,https://www.youtube.com/watch?v=1FIuVwTmYus,Konačno najbolja serija svih vremenaaaaaa,,
sr-01799,https://www.youtube.com/watch?v=1FIuVwTmYus,Hoće opet biti srećni ljudi na rts u da gledam?,,
sr-01800,https://www.youtube.com/watch?v=1FIuVwTmYus,A sto vise nema na televiziji srecni ljudi~`~~~\\,,
sr-01801,https://www.youtube.com/watch?v=1FIuVwTmYus,Nisam 4 godine gledao,,
sr-01802,https://www.youtube.com/watch?v=1FIuVwTmYus,NAPOKON STE SE SETILI DA STAVITE CELE EPIZODE OVIH STARIH DOBRIH SERIJA! SVAKA CAST KO JE DONEO ODLUKU!,,
sr-01803,https://www.youtube.com/watch?v=1FIuVwTmYus,"Koliko je serija stara,dobro se vidi po televizorima.",,
sr-01804,https://www.youtube.com/watch?v=1FIuVwTmYus,Trebali ste prvo Bolji život pa onda Srećne ljude i Porodično blago,,
sr-01805,https://www.youtube.com/watch?v=1FIuVwTmYus,"Klinci,90e,beda teška,Beograd,cekamo Nedelju 20h...Svi se okupamo pa zajedno gledamo ovu seriju,kad god je vidim setim se svih nas,a neki nisu više tu,ovako ih vratim bar na tren da budemo zajedno ""Srećni Ljudi""...",,
sr-01806,https://www.youtube.com/watch?v=1FIuVwTmYus,"Youtube ili Rts nebitno je, prvi ili stoti put repriziranja, apsolutno je nebitno! Gledamo i sad :)",,
sr-01807,https://www.youtube.com/watch?v=1FIuVwTmYus,Ova serija je stvarno odlična baš mi se sviđa stvarno je predobra.,,
sr-01808,https://www.youtube.com/watch?v=1FIuVwTmYus,"Izuzetna serija, nacionalno blago. Od izuzetnog je značaja što je prva epizoda sačuvana bar na VHS kaseti, pošto je profesionalna BetacamSP kaseta kako se govori nažalost izgorela u NATO bombardovanju 1999. godine.",,
sr-01809,https://www.youtube.com/watch?v=1FIuVwTmYus,Ko je onaj hadzi nikolajevic na pocetku?? Nesto mi poznat,,
sr-01810,https://www.youtube.com/watch?v=1FIuVwTmYus,"Serija mog djetinjstva,bravo za RTS najbolji ste to se zna pozdrav iz Podgorice i Nikšića iz Crne Gore svako dobro vama svima želim od srca živjeli.",,
sr-01811,https://www.youtube.com/watch?v=1FIuVwTmYus,Bolesna serija. Ne u pozitivnom smislu.,,
sr-01812,https://www.youtube.com/watch?v=1FIuVwTmYus,"Детињство... Кол'ко кошта хтео бих да платим, да се само мало тамо вратим...",,
