id,source,text,tip,sentiment,sarcasm
sr-00001,youtube,"Zasto je na ovoj utakmici Solskjaer igrao levog beka, to je pravo pitanje...",filmovi,0,1
sr-00002,youtube,8:57 spominju kikindu,filmovi,0,0
sr-00003,youtube,"Ja sam bolan zemlju izgubio, boli me uvo za pritisak !",filmovi,-1,0
sr-00004,youtube,"23:18, svako ima nekog tako",filmovi,0,0
sr-00005,youtube,Mozeli mrtav ladan sivi kamioni crvene boje,filmovi,0,0
sr-00006,youtube,Najbolji film možda šta opisuje sve slojeve društva od dna do vrha sportiste shanere umjetnike izbjeglice crkvu navijače kladionica re neradnike radnike svemir će kriminalce roditelje i ko zna šta u sat i po nevjerojatno remek djelo,filmovi,1,0
sr-00007,youtube,"Da, uvek se divimo zapadu a nase mrzimo! Strasno obijasniti to",filmovi,-1,1
sr-00008,youtube,Ali kengur dobija zuti za pljuvanje i zuti za penal i opet brani sta englezi 3 zuta pa crveni,filmovi,0,0
sr-00009,youtube,"Sapic nekada bio voljen ,a sada ,tuzna prica,sta su ljudi u stanju da urade zbog para,huljin potrcko.",filmovi,-1,0
sr-00010,youtube,Stigli ćevapi za našu dragu gošću kengrrr madrrr,filmovi,0,0
sr-00011,youtube,Dva puta ulazim u kadrove u ovom filmu :),filmovi,0,0
sr-00012,youtube,Jedan od filmova koje znam napamet u reč..antologijsko remek delo i pokazatelj mentaliteta ovog naseg napacenog naroda,filmovi,1,0
sr-00013,youtube,probaj...žabarijana...nemoj da si klosar,filmovi,-1,0
sr-00014,youtube,Cijela Zenica je znala ove fraze,filmovi,0,0
sr-00015,youtube,Ja ne mogu ovu Karan folirantkinju,filmovi,-1,0
sr-00016,youtube,Klinci gou tu skul.,filmovi,0,0
sr-00017,youtube,"Ali majca je najjača ""METALLICA""",filmovi,1,0
sr-00018,youtube,"Genijalna glumačka ekipa, preinteligentan humor, replike da se ukenjaš od smijeha, sve što današnjim filmovima fali. ""Vodi je u mrak da ti sija!""",filmovi,1,0
sr-00019,youtube,Odličan film 35:33 39:01-39:08 navijač liverpoola 59:19-59:30 1:00:26-1:00:33 živac u mraku 1:02:22 ode kemijska 1:08:44-1:08:48 1:11:34-1:11:48,filmovi,1,0
sr-00020,youtube,Do 2026 godine million pregleda u najavi,filmovi,1,0
sr-00021,youtube,Najzabavniji film,filmovi,1,0
sr-00022,youtube,Gospodjo je li vam neko rekao da ste rodili idiota,filmovi,1,1
sr-00023,youtube,Kengur je stekao status kultnog SrBskog filma,filmovi,1,0
sr-00024,youtube,"stanujem u tom kraju,tu i idem u kladionicu,doduse ti lavovi vise ne postoje,sad je tu market,mozart je deset metara tu dalje,95% filma he snuiman u vojvode stepe,deo sa kengurovim stanom je sniman u kumodraskoj,mislim",filmovi,0,0
sr-00025,youtube,Cile najjaci lik,filmovi,1,0
sr-00026,youtube,"Kultni film, oslikava jedno srecno vreme, i Beograd, kad je bio Beograd, ulice, ljudi, spika, nostalgija. Danas, Evropa, pakistanci, kinezi. A film, sta reći, svaka rečenica je kultna i oslikava neko drugacije vreme i mesto.",filmovi,1,0
sr-00027,youtube,COM CREVERO ERO MACROPUS...na latimskom ime filma,filmovi,0,1
sr-00028,youtube,Koja pesma se čuje u pozadini 58:15,filmovi,0,0
sr-00029,youtube,"Ono prosečno klošarsko društvo iz kraja, najbolje fore i zajebancije, ono društvo od 16,17 do 30 godine",filmovi,1,0
sr-00030,youtube,"Ceo film je sjajan, ali scena paljenja vojnog generatora je legendarna... Nula teksta, cista gluma, bravo!",filmovi,1,0
sr-00031,youtube,"Uvek rado pogledam ovaj film, podseća me na zadnju epohu iole normalnog i srećnog vremena. Svakako jedan od poslednjih dobrih domaćih filmova.",filmovi,1,0
sr-00032,youtube,Šapić nije ni izašao iz uloge,filmovi,0,0
sr-00033,youtube,"Kad porastem biće kladionica 100m od škole , i to ne jedna nego 10. Kockanje na sve strane .",filmovi,-1,1
sr-00034,youtube,Kakav danak neiskustvu joj joj joj,filmovi,0,0
sr-00035,youtube,"Kultni film...Remek srpske kinematografije,gledao 50 puta i opet jedinstven...",filmovi,1,0
sr-00036,youtube,Film je o mladima koji žive u logoru !!!!,filmovi,0,0
sr-00037,youtube,ovde prazni stadioni ko da vlada kuga....,filmovi,0,1
sr-00038,youtube,"Znam sve od.pocetka do kraja napamet, ali i dalje rado pogledam",filmovi,1,0
sr-00039,youtube,A račun za sveće na početku? Zato treba istrebiti sve parazite,filmovi,0,0
sr-00040,youtube,Brate Bože snimi jos jedan ovakav film!,filmovi,1,0
sr-00041,youtube,Mi smo sedeli ovde i duvali smo....duvanili,filmovi,0,1
sr-00042,youtube,Kakav film pogledao 100 puta..bravo susjedi,filmovi,1,0
sr-00043,youtube,Ovaj film ja tako los da je dobar.,filmovi,-1,1
sr-00044,youtube,Ovo je jedan od najboljih filmova ikad.. 1.1.2026. Almaaaa,filmovi,1,0
sr-00045,youtube,Semenke svih zemalja ujedinite se…,filmovi,0,1
sr-00046,youtube,37:57 GREŠKA U FILMU. Ako je Braca kupio 7 karata onda klošar treba da sedne 5 mesta dalje.,filmovi,-1,0
sr-00047,youtube,"Prvi UFO domaći film. Izašli tek iz 90ih i nije nas globalizacija toliko zahvatila, pa je zato film prijatan.",filmovi,0,0
sr-00048,youtube,Vodi je u mrak da ti sija,filmovi,1,1
sr-00049,youtube,Maratonci trče počasni krug i Ko to tamo peva zajedno ovom remek delu ne mogu ni da prismrde.,filmovi,1,0
sr-00050,youtube,I tako je nastao kešaut,filmovi,0,1
sr-00051,youtube,"1:02:10 Kako bre 1:1 kad je odbranio? Kako bre ljudi, šta je bre ovo ljudi?",filmovi,0,0
sr-00052,youtube,Najbolji domaci film svih vremena. Svaka recenica u filmu je fenomenalna.,filmovi,1,0
sr-00053,youtube,"Kakvi su ovi beogradjani,muvaju ribu sto godina,umjesto pet minuta",filmovi,-1,1
sr-00054,youtube,Poslednje generacije rodjene u nekom drugom vremenu u svojim poznim dvadesetim/ranim tridesetim koje su ovom filmu odrazile duh mladih u tranzicionom periodu iz neuznesenih old skul fazona nakon cega sledi era primitivnog i vestackog humora,filmovi,1,0
sr-00055,youtube,"Slika i prilika Beograda,umjesto sedam hiljada,prodao za petsto eura",filmovi,-1,1
sr-00056,youtube,"Odličan scenario i gluma... Ima taj gradski šmek... Nisam fan filma, inače",filmovi,1,0
sr-00057,youtube,Takva glumacka ekipa a toliko dosadan film...lele majko,filmovi,-1,0
sr-00058,youtube,8:47 Gde si Ljubice cobanicee..Daj svima pice! pa onda ENTER!,filmovi,0,0
sr-00059,youtube,"26:37 “ne znam, ja ne volim američke filmove”…reče Marija-10 godina kasnije udaje se za holivudskog producenta (američkih filmova).",filmovi,-1,0
sr-00060,youtube,"Dobro su ovom Ganguli nasli ulogu u filmu, takav je i u stvarnosti, kriminalac i siledzija :-)",filmovi,-1,1
sr-00061,youtube,Beogradsko preseravanje,filmovi,-1,0
sr-00062,youtube,Ako je kupio sedam karata a mesta numerisana kako onda beskucnik pored njih,filmovi,0,0
sr-00063,youtube,Pitaj je da li je bila u šemi sa Bredom Pitom?,filmovi,0,1
sr-00064,youtube,"Brate, Bože.... nemoj, Šomi!",filmovi,0,0
sr-00065,youtube,"Film kida, jedna generacija koja je sve razumela. Samo ne verujem da smo ovog majmuna od Gangule pustili na Vlast uz Zvalavog.",filmovi,0,1
sr-00066,youtube,Nema hleba bez motike,filmovi,0,1
sr-00067,youtube,"Teško je reći šta je tačno najgore u filmu 15% – da li je to “radnja” o golmanu zvanom Kengur, koji ima harizmu mokrog sunđera, ili činjenica da je neko zaista odlučio da ovakvo filmsko ruglo ugleda svetlost dana. Jedno je sigurno: ovo nije film, ovo je kazna.",filmovi,-1,0
sr-00068,youtube,Cile ponudio prvi cashout u istoriji.,filmovi,0,0
sr-00069,youtube,Treba i za Romu,filmovi,0,0
sr-00070,youtube,Najbolji Nebojsa Glogovac laka mu zemlja,filmovi,1,0
sr-00071,youtube,Film koji u svako doba mogu da gledam.,filmovi,1,0
sr-00072,youtube,Pa ti onda gledaj film u novinama!,filmovi,-1,1
sr-00073,youtube,Gluplji film u životu nisam gledao..,filmovi,-1,0
sr-00074,youtube,"Legende su svi, samo što se nisam uposkio od smjeha",filmovi,1,0
sr-00075,youtube,"Ovo je, po meni, najbolji film svih vremena. Bukvalno ne postoji 10 sekundi koje su dosadne. Remek delo.",filmovi,1,0
sr-00076,youtube,Najjaci film svih vremena,filmovi,1,0
sr-00077,youtube,15:32 ja sam se cepao kad sam gledao ovu scenu prvi put. Legendarno!,filmovi,1,0
sr-00078,youtube,Danas sam prvi put pogledao ovaj film u 21. godini. Šta sam čekao do sada?,filmovi,1,1
sr-00079,youtube,Ljudi jel se meni čini ili je Gangula današnji Gradonačelnik Beograda. Šapić Aleksandar,filmovi,0,0
sr-00080,youtube,Kakav danak neiskustvu,filmovi,0,1
sr-00081,youtube,"Proslo je 22 godine od izlaska ovog remek dela. Hvala vam svima na emociji, i na suzama(od smeha). 20.06.2026 , I opet gledam ! )",filmovi,1,0
sr-00082,youtube,"zivele semenke, semenke svih zemalja, ujedinite se!",filmovi,1,1
sr-00083,youtube,"Moj zivot da je osoba, bio bi Braca:",filmovi,0,1
sr-00086,youtube,"Nebojša neprikosnovena glumčina, nitko mu neće nikada prići blizu.",filmovi,1,0
sr-00087,youtube,doktor sa generacionalnim ragebaitom za živca,filmovi,0,0
sr-00088,youtube,"Koliko je ovaj film uticao na mlade u to doba, bukvalno su svi znali fore iz filma i rado ih koristili u svakodnevnom životu. Kultno remek delo....",filmovi,1,0
sr-00090,youtube,Smuva li on Ines na kraju?,filmovi,0,0
sr-00091,youtube,"U ovom filmu, ko i ima lovu, psuje.",filmovi,0,1
sr-00092,youtube,"Pre osam dana stavljen, 80 soma pregleda. Pa da. Molim.",filmovi,1,0
sr-00093,youtube,Nikad ne dosadi!,filmovi,1,0
sr-00094,youtube,-Ne pravi Bog razliku imeđu sveća -Vidiš da pravi,filmovi,0,1
sr-00095,youtube,Jedan od boljih,filmovi,1,0
sr-00096,youtube,"Nema dalje, nema najjači film",filmovi,1,0
sr-00098,youtube,Poslednja prava komedija snimljena kod nas. Odličan film.,filmovi,1,0
sr-00099,youtube,Kad Hrvati naprave ovakav film ja ću potpisati za Istvič.,filmovi,0,0
sr-00101,youtube,1:26:00 jel neko izvaljuje sve reference iz filma munje ;),filmovi,0,0
sr-00102,youtube,Koja je ovo crkva na početku filma?,filmovi,0,0
sr-00103,youtube,Na pocetku filma ja bih pre reko da je onaj mali sin od strica,filmovi,0,1
sr-00104,youtube,"Kako su glumci ružni , krezavi , pomalo debilni , to je tako kad nemaš lepe glumce ,",filmovi,-1,0
sr-00105,youtube,Imam samo 12 godina ali preporučujem ovaj film,filmovi,1,0
sr-00106,youtube,Definitivno film sa EX Yu govornog podrucija ubedljivo nabolji film respektabilan i za Holivud,filmovi,1,0
sr-00107,youtube,"al bukvalno cijeli film mi je bio osmjeh na licu,po ko zna koji put ga gledam",filmovi,1,0
sr-00108,youtube,"Da li mogu da vam pomognem da na film prikačimo i prevod? Predajem srpski, i nikako da nađem pravi način da i nematernji govornici/učenici srpskog mogu da gledaju. @inwires",filmovi,0,0
sr-00109,youtube,Predobar film za preporucit drugima da gledaju,filmovi,1,0
sr-00110,youtube,"2026 -a i trajaće kroz generacije,jedan od naših najboljih filmova",filmovi,1,0
sr-00111,youtube,Svaku repliku znam napamet. Posljednji film o sretnom i bezbrižnim vremenu..,filmovi,1,0
sr-00112,youtube,Film koji dočarava mladalačku bezbrižnost i nesvesnost surovosti života odraslih na čijem pragu se nalaze.,filmovi,1,0
sr-00114,youtube,"Glumci glumice za 10 neki su pokojni,al nikad se vise ovakvi glumci nece radjat...",filmovi,1,0
sr-00115,youtube,"Imam ja svoju displinu, ja trcim u širinu! :)",filmovi,1,1
sr-00116,youtube,Jutarnja molitva,filmovi,0,0
sr-00118,youtube,"Gledao 30 put,najbolji film",filmovi,1,0
sr-00119,youtube,"Ode i Šotra ,pokoj mu duši više se neće roditi koji će napraviti ovakve filmove",filmovi,1,0
sr-00120,youtube,Kraj bi mogo biti i drukciji dobar je film ali bez dobrog kraja je,filmovi,0,0
sr-00121,youtube,Kad padnem u malu depresiju gledam Drzavni posao a u vecu onda gledam ovaj film.,filmovi,1,0
sr-00122,youtube,Jedini film u kojem neces cuti JEDNU ruznu rec! Ni jednu......!,filmovi,1,0
sr-00123,youtube,Šotra! Genijalac!,filmovi,1,0
sr-00124,youtube,Ja gledam ovo i plačem ovo je najbolji film na svetu,filmovi,1,0
sr-00125,youtube,Gospodine Šotra počivajte u miru,filmovi,0,0
sr-00126,youtube,Dobar filim za mene malo i tuzan posjete me na vremena dok sam ja išo u školu,filmovi,1,0
sr-00127,youtube,Gledam jer nije bilo lektira u skoli,filmovi,1,0
sr-00128,youtube,Ja sam se rodio da gledam ovaj najlepši film,filmovi,1,0
sr-00129,youtube,Moja mama I ja smo voljele ovaj film I zajedno ga Gledale mnogo puta iako ga dobro znamo. Ona je preminula prije godinu dana ali meni ostaje lijepa uspomena..,filmovi,1,0
sr-00130,youtube,Predivan film o jednom bezbriznom dobu...uvijek ga mogu ponovo gledati.,filmovi,1,0
sr-00131,youtube,Svaku rečenicu znam napamet. Najlepši naš film. Hvala vam Šotra na ovakvom predivnom filmu. Počivajte u miru.,filmovi,1,0
sr-00132,youtube,"Najbolja serija do sada, izuzetan tekst, kostimi, svaki i najmanji detalj filigransko snimljen, muzika cudovita , pun emocija bez grubosti, psovki i krvi. Istaknute sve pozitivne vrijednosti odgoja i drustvenog odnosa, koji su se izgubili u danasnjici bescutnosti i prostakluka. Zasto, zasto ne snimite jos serija po djelima Mir- Jam, vec gubite vrijeme na cudne filmove, a imate odlicne mlade glumce.",filmovi,1,0
sr-00133,youtube,Ova serija me vraca u detinjstvo,filmovi,1,0
sr-00134,youtube,najbolji film ikad snimljen reziseri glumci neprevazidjeni.100 puta sam gledao a do sad nisam ni jedan film gledao 2 puta,filmovi,1,0
sr-00135,youtube,Serija je vrh umirujuca je,filmovi,1,0
sr-00136,youtube,"Hej, Tek sad vidim, Brankica je odevena kao Meri Poppins, u cuvenoj staroj mjuzikl verziji te price! Cak I podseca na tu glumicu",filmovi,0,0
sr-00138,youtube,Najbolja serija svih vremena,filmovi,1,0
sr-00139,youtube,"17ti put je gledam i nikad mi nece dosaditi,koliko ih obozavam,serija je najbolja",filmovi,1,0
sr-00140,youtube,Kako su neprijatni na početku njihovi razgovori gahahhahaha,filmovi,0,0
sr-00142,youtube,Gledam neću li đe viđeti Karleušu ili Jovanu Jeremić ili bilo koju što gostuju kod Ami G tzv srbijanske celebrity,filmovi,-1,1
sr-00143,youtube,nnajbolja serija na planeti ko se slaze samnom,filmovi,1,0
sr-00145,youtube,Melodija u pozadini 47:50 molim vaaas,filmovi,0,0
sr-00147,youtube,"Tako je to nazalost,Kada ljubav nije obostrana.Nikome takva ljubav nije potrebana,bolje je ostati Sam nego u losem braku....",filmovi,-1,0
sr-00148,youtube,Kako divna serija,filmovi,1,0
sr-00150,youtube,2025 nikad mi ne dosadi,filmovi,1,0
sr-00151,youtube,Moram reći da ta žena liči na Anne Hathaway. Stvarno.,filmovi,0,0
sr-00152,youtube,"Ljiljana je u knjizi bila plava,nisam je zamišljala ovako.",filmovi,-1,0
sr-00153,youtube,"Divno,nestvarno,kao bajka...svi super, majka divna glumica",filmovi,1,0
sr-00154,youtube,A sta glumite sa mokrom kosom je li jeste oprali kosu,filmovi,0,1
sr-00155,youtube,"Ja sam vata iz Acinog srca. Predivna je serija. VOLIM da je gledam. Kad sve odgledam, gledam iznova i iznova.",filmovi,1,0
sr-00157,youtube,"Dobra serija relaksirajuca, dobri glumci i dobra gluma- za svaku pohvalu!!!!",filmovi,1,0
sr-00158,youtube,definitvo nam treba jos neka serija sa brankicom i bikovicem,filmovi,1,0
sr-00159,youtube,Koliko ima samaca u braku,filmovi,0,1
sr-00160,youtube,Kako od ovakvog doba i ovakve gospode dodjosmo dovde gde smo i kakvi smo sada?! Tuga!,filmovi,-1,0
sr-00161,youtube,Sve je u ovom filmu meni savrseno uradjeno.,filmovi,1,0
sr-00162,youtube,"u ovoj prvoj epizodi ova cura mi se gadi , videcemo dalje",filmovi,-1,0
sr-00163,youtube,Evo usla sam da se iskljucim od ovog svakodnevog zivota i na miru da zaspim…Svake pola godine iznova gledam… Fanatasticna nesvakidasnja serija i prica… Glumci Obozavam Juliju,filmovi,1,0
sr-00164,youtube,"Brankica Sebastijanovic - najsuptilnija lepota, cednost, stvorena za velike role svetske literature, one neobicne, nezne, prelepe, pametne devojke , zene....Da takvu ima Holivud, imala bi samo glavne uloge, a kod nas, osim ove glavne role ne znam nesto znacajnije da su joj dali...Vidim je kao Tanju Larinu, Nastasju Filipovnu, madam Bovari, Anu Karenjinu...na zalost, cudne su podele u srpskom glumistu. Volimo sve nase glumce, ali ovo je istina. Steta.",filmovi,1,0
sr-00165,youtube,Brankica bolje da bude kafe kuvarica i neka se mane glume...očajna je,filmovi,-1,0
sr-00166,youtube,Ta vremena kad muškarac nije htio oženiti ženu ako nema dobar miraz a danas je obrnuta situacija. Sve se vraća sve se plaća,filmovi,-1,1
sr-00168,youtube,Serija je bas lipa prije je sve bilo ljepše uvjek je gledam ponovo,filmovi,1,0
sr-00169,youtube,"Sjajni glumci,sjajna serija,bravo....",filmovi,1,1
sr-00172,youtube,"Ko kaze da je jednom pregledao seriju, taj istinu ne govori Osjecaj koji imam svaki put kad je gledam je neopisiv, voljela bih da sam rodjena u ovakvom vremenu",filmovi,1,0
sr-00173,youtube,ovo mi je omiljena serija,filmovi,1,0
sr-00174,youtube,Divna serija. Glumci genijalni.,filmovi,1,0
sr-00175,youtube,Grožđe u proleće,filmovi,0,1
sr-00176,youtube,"Čestitke iz Hrvatske akademskom gnijezdu Košutnjak filma!!! Ni Hollywood nema, ni Zagreb, takve nepatvorene karakterne glumce!!! Obožavam ovu glumicu. Prelijepa je i nevjerojatno sliči mojoj kćerkici Mimi.",filmovi,1,0
sr-00178,youtube,Ja se pitam zasto se u to vreme trazio miraz a sad se zeni ko kako hoce,filmovi,0,0
sr-00179,youtube,Mlada ko da je preparirana u seriji.,filmovi,-1,1
sr-00186,youtube,Predivna serija!,filmovi,1,0
sr-00187,youtube,Šteta pogrešno postavila brak nisu je roditelji naterali već Momcilo a serija je božanstvena,filmovi,1,0
sr-00188,youtube,Uvek se vracam ovoj seriji.Toliko da mi nikad ne dosadi,filmovi,1,0
sr-00190,youtube,Ima mnogo samaca u braku,filmovi,0,1
sr-00191,youtube,Serija za Oskara. Predivna. Milos je pravi srpski glumac. Zelela bih da je nastave jos u par epizoda. Molba za Milosa i Brankicu.,filmovi,1,0
sr-00192,youtube,Neznam gde pobeci. Od vas na broju,filmovi,-1,1
sr-00193,youtube,"Prelepa serija. Cesto je gledam pre spavanja, daje tu neku nostalgiju koju cak ni ja sama nikad nisam dozivela. Stvarno prelepo",filmovi,1,0
sr-00197,youtube,bikovic je lep covek u svakom smislu,filmovi,1,0
sr-00198,youtube,Čudo da i ovdje Sloboda Mićalović nije uzela glavnu ulogu.,filmovi,-1,1
sr-00202,youtube,"Ah ta ljubav, čednost i strast. Ništa ljepše nepostoji. Naravno ko ima tu sreću u životu da mu se da prava ljubav. Kome se neda, šja,postoje ovako prelijepe knjige za utjehu. U svakom slučaju prijatna i draga serija. Uživao sam gledajući. A tek ta prelijepa čedna i nježna glumica Brankica Sebastijanović je pravi Anđeo..",filmovi,1,0
sr-00203,youtube,"Teta bravo, divna glumica a ljiljana i Radmilo, sad im je vreme za ovu svadbu... Divna serija",filmovi,1,0
sr-00204,youtube,"Odlicna Dusanka Stojanovic Glid,kao kucna pomocnica Julija....",filmovi,1,0
sr-00205,youtube,"Svaka čast na glumi, scenografiji, i naravno, Mir Jam na kreativnom umu koji je stvorio ovakvo umetničko filmsko delo! Malo lepša vremena nisu na odmet za doživeti, makar kroz male ekrane",filmovi,1,0
sr-00206,youtube,"Mislim da je gledam već šesti ili sedmi put i svaki put uživam u ljubavi Ljilje i Radmila i svakodnevno uživam u svim iskušenjima koje život stavlja na put ovom mladom paru... Uživam da gledam lijepe manire , kako mladići poštuju djevojke i kako im se udvaraju...jedno divno prošlo vrijeme",filmovi,1,0
sr-00209,youtube,Najbolja domaca serija posle Ranjenog orla Ali je bas prekratka,filmovi,1,0
sr-00210,youtube,Najbolje serije su: samac u braku i jedne ljetne noci,filmovi,0,0
sr-00212,youtube,"Možete li, molim vas, dodati srpske titlove (automatski generisane). Ovo bi bila velika pomoć ljudima koji uče srpski. Hvala puno unapred",filmovi,0,0
sr-00214,youtube,"Seriju gledam po drugi put, a film sam gledala par puta 20.08.2025.",filmovi,1,0
sr-00216,youtube,"Ova Ljiljana,premrsava kao Oliva",filmovi,-1,1
sr-00217,youtube,"Uvijek se vraćam i gledam ovu seriju,najboljaa. Vraća u divna vremena kad sam.čitala svaki roman od Mir-Jam. Toliko sam uživala u njihovom.čitanju,ali ovaj je najbolji! Biković je ovo odglumio fenomenalno,niko drugi ovo ne bi iznio kao onČesto gledam seriju,dok obavljam kućne poslove pustim ovo po cio dan vrti. I nikad mi ne dosadi!Vrhunska",filmovi,1,0
sr-00218,youtube,Volila bi da san iz ovoga vrimena. Svaku godinu iznova gledan seriju i uvik me odusevi.,filmovi,1,0
sr-00219,youtube,Ovo mi je omiljena prica ove spisateljice. Mogu je gledati svaki dan! Cak sam narucila i knjigu jer predpostavljam da je knjiga uvijek potpunija nego serija. Izvaredna gluma!,filmovi,1,0
sr-00220,youtube,"Serija koja se moze gledati uvek, malo mi je dosadna ova kucna pomocnica lose glumi",filmovi,0,0
sr-00221,youtube,odgovor vučica na rts1 u 19 glasova 10 12 2022,filmovi,0,0
sr-00225,youtube,"Predivna serija. Snimljeno sve kako treba. Priča, glumci, kostimografija, produkcija, a muzika .. uh muzika je top .. a Brankica je …. Jao kako patim Pozdrav Iz Istre",filmovi,1,0
sr-00226,youtube,Prekrasna priča! Danas s djecom sam ju odgledala u jednom dahu! Cijelo vrijeme i gledali i oduševljavali se umjetnicima koji su radili na ovom filmskom remek-djelu! Uloga Julije ih je posebno taknula.,filmovi,1,0
sr-00227,youtube,Ja imala 7 god kada se ovo snimalo 24:47,filmovi,0,0
sr-00230,youtube,"Kao tinejdjerka citala Sam Njene knjige, dok je svjet Jo's bio OK",filmovi,-1,1
sr-00231,youtube,"Na danasnje vreme ne treba se udavati dok ne prođes bar 4,5 muskarca tek onda mozes imati neko iskustvo",filmovi,0,1
sr-00232,youtube,Volim ovu seriju!!!!,filmovi,1,0
sr-00233,youtube,100x sam pogledala i nikad mi nije dosadila.,filmovi,1,0
sr-00236,youtube,"Prelepa serija ,koliko puta da je gledam uvjek bi je opet gledala.",filmovi,1,0
sr-00239,youtube,Svaka cas na glumi,filmovi,1,0
sr-00240,youtube,Sve sta bilo na piku kod mene na broj,filmovi,0,0
sr-00241,youtube,Divna serija nisam znaci sama koja gleda vise put ovu seriju,filmovi,1,0
sr-00242,youtube,10.41 ovaj most mi isti kao u ẓ̌ikinoj dinastiji kad žika kaẓ̌e otišao da vatam ribu,filmovi,0,0
sr-00243,youtube,41:14 ne mogu se nagledati i naslušati,filmovi,1,0
sr-00244,youtube,Serija koju gledam više puta,filmovi,1,0
sr-00245,youtube,"Titlovano na engleski,Dno dna dokle je dosao konzumerizam i novac da seriju na svom jeziku gledate na engleskom jeziku,Dno",filmovi,-1,0
sr-00248,youtube,"Ne znam ćirilicu, jel može neko da mi objasni koja je priča sa onom ruskinjom i Alaksejom?",filmovi,0,0
sr-00249,youtube,Baća najbolji. Išli smo u Afriku.....,filmovi,1,1
sr-00252,youtube,Serija kida pratim vas od prvog filma znači samo tako nastavite maras i baca najjači. Nikad nisam vidio ovakav film JUZNI VETARRR,filmovi,1,0
sr-00253,youtube,Ništa gluplje nije snimljeno od kako kamere postoje,filmovi,-1,0
sr-00254,youtube,Rekao bih da će i Crnogorka Vajova da se sveti,filmovi,0,0
sr-00256,youtube,"Zamislite da je npr Nikola Kojo glumio,Juzni Vjetar bi oborio sve rekorde a ne bio prosjecan film,npr Cetvrti Covjek sa Nikola Kojom koji nije imao ni blizu ovakav scenario je duplo bolji,steta sto nisu uzeli nekog ozbiljnijeg glumca ravnog ovom scenariju,a ne ovo dijete koje pojavom nimalo ne podsjeca niti ima taj filmski smek da igra ulogu kriminalca.Pozzz",filmovi,-1,0
sr-00257,youtube,"Amerikanci mogu samo željeti imati ovakvu kvalitetu filma i radnju, definitivno jedni od rijetkih koji su nastavili sa vrhunskom kinematografijom na prostorima bivše države. Nakon pregledanih svih dijelova i filma svaki put sam se pitao može li bolje, a uvijek novi dio ispadne iznad svih očekivanja i bolje od prethodnog!!! Ako se po jutru dan poznaje po traileru vidimo da će ovo biti top! Znači gori",filmovi,1,0
sr-00258,youtube,Na kojem programu mogu gledati ovo u hrvatskoj,filmovi,0,0
sr-00259,youtube,"Naježio sam se,mislim da će bit ovo najjaca dosad !! Jedva čekamo ,i ja i žena",filmovi,1,0
sr-00263,youtube,Na koji je to kanal na televiziji,filmovi,0,0
sr-00265,youtube,"Svaka scena oduzima dah, sreca pa je pandemija prosla",filmovi,1,0
sr-00267,youtube,Najjača serija ikad. Nema lošeg filma/serije gde Biković glumi,filmovi,1,0
sr-00269,youtube,Tako je Baćo neka si rekao,filmovi,1,0
sr-00270,youtube,Javi svima da je i svečano otvorena sezona lova,filmovi,0,0
sr-00272,youtube,"Malo je reći od početka Južnog Vetra pa do sada,do frhunskih glumaca,ubedljivo će biti ova sezona najbolja i najzanimljivija!!!Svaka čast,kidate i idalje ste najbolji kao i uvek cela ekipa!!!",filmovi,1,0
sr-00274,youtube,Kaze moja baba crveni ide u penziju ko i ja nikad,filmovi,0,1
sr-00275,youtube,Jednom davno jedan mudri baca je reko znam ja ovog indijanca,filmovi,1,1
sr-00276,youtube,Jedva čekam novi film. Imate moju podršku da se svaki put vratite još jači.,filmovi,1,0
sr-00277,youtube,Dopada mi se najava za nadolazecu sezonu.Verujem da cu uzivati dok budem gledala seriju.,filmovi,1,0
sr-00280,youtube,"Katastrofa od serije, muzika užas,toliko jaka da ne može da se prati serija. Ovog Bikovića forsiraju jer tu ima neko veliku zaradu. Jednostavno rečeno KATASTROFA. Novokomponovane serije ne gledam više.",filmovi,-1,0
sr-00281,youtube,Samo da ne unistite seriju kao što ste drugi deo filma!!,filmovi,-1,0
sr-00283,youtube,Zašto dama pije sama...,filmovi,0,1
sr-00285,youtube,Hrvati su najstariji narod,filmovi,0,1
sr-00286,youtube,Gdje se mogu gledati serije???,filmovi,0,0
sr-00288,youtube,au najbolji do sad,filmovi,1,0
sr-00289,youtube,Najjaca serija majke mi,filmovi,1,0
sr-00293,youtube,Au najezi se svaka cast,filmovi,1,0
sr-00295,youtube,Gde moze da se gleda serija za sezonu 2 i tri? Samo bilm mogu da nadjem za 2. A trecu ni film ni seriju,filmovi,0,0
sr-00296,youtube,Zna li neko gde ce se emituje?,filmovi,0,0
sr-00297,youtube,Oce biti premijera u bioskopu kao film il na rts svake nedelje,filmovi,0,0
sr-00300,youtube,To je to samo nastavite i da snimite jos 5 sezona serije i filma 10 tka,filmovi,1,0
sr-00301,youtube,Al ce klinci da se loze na kriminal,filmovi,-1,0
sr-00302,youtube,"S obzirom koliko su para potrosili na seriju mogli su ju realnije napravit,ovo djeluje koda je radeno za klince u osnovnoj skoli‍",filmovi,0,0
sr-00306,youtube,Ton u serije nije uravnotežen.Preglasna muzika u pojedinim trenucima.,filmovi,-1,0
sr-00310,youtube,Kad izlazi serija,filmovi,0,0
sr-00311,youtube,Vucicevi stakori...pojmasi od glume,filmovi,-1,1
sr-00313,youtube,Topina jedva cekam da gledam u subotu,filmovi,1,0
sr-00314,youtube,Kako da nadjem tu seriju,filmovi,0,0
sr-00315,youtube,Super što ste ubacili žene u radnju.,filmovi,-1,1
sr-00316,youtube,"Jel moze da mi neko kaze neku stranicu, gde mogu na internetu da gledam seriju..",filmovi,0,0
sr-00318,youtube,Trejler je super nemogu da docekam film,filmovi,1,0
sr-00324,youtube,"Šta mogu reći osim da film predstavlja realnost ili beogradski gas , gde je gudra postala trend. Ako nam čovek na čelu države dozvoljava da ovo ide na tv-u , znači da se i sam pali na kriminal .",filmovi,-1,1
sr-00325,youtube,"Previse nasilja u seriji,kakav primer dajete omladini?Reditelje i glumce novcano kazniti debelo!",filmovi,-1,0
sr-00327,youtube,"Dva Holivudska glumca doveli,svaka im cast. Dejvid Boldvil je onaj bez naocara",filmovi,0,1
sr-00329,youtube,"Gledam turske krimi serije.. . Tek sad vidim koliko je nasa gluma ""losa""...",filmovi,-1,0
sr-00336,youtube,Gdje se moze ovo gledat iz pocetka ???,filmovi,0,0
sr-00340,youtube,Ova dva Amerikanca nemaju posla u svojoj državi pa su došli ovde.,filmovi,-1,1
sr-00343,youtube,Dal ce se prikazivati serija i na RTS SVET?,filmovi,0,0
sr-00344,youtube,"Ja ne znam kako ljudi mogu gledati ovo smeće. Odgledao sam prvu sezonu preko kanala RTL2 jer se ovo slavi kao jedno od ""najboljih i najnapetijih ostvarenja balkanske kinematografije"". Očekivao sam nešto wow, nešto moćno, fantastično odglumljeno, vrhunski izrežirano i nevjerojatno napisano... I razočarao sam se unutar prve epizode. Gluma je amaterska i jeftina. Kao da gledam neke jadnike koji pokušavaju ispasti opaki iako nisu ni blizu tome. Da usporedimo to se Ardenom Barjaktarjem u Besi (uvjerljivo superiornijoj srpskoj seriji) koji je svog lika doveo do nevjerojatne kompleksnosti, a iz njega izlazi surova moć i aura straha. Da se sretnem s čovjekom u liftu ja bi se pošteno upiškio. Svi glumci u Južnom vetru preglumljavaju i izigravaju neke macho likove kojima bi se smijao da ih sretnem u stvarnosti. Scenarij je užaasan i spada na najnižije i najjeftinije clichee koje smo već viđali u sličnim akcijiskim i krimi produkcijama raznih zemalja, od SAD-a pa nadalje. Tryhard, edgy, amaterski, a doima se kao da ga je napisao učenik petog razreda osnovne, a ne odrastao kompetentan scenarist. Čak i da se izbaci element da serija glorificira kriminal te je poslužila inspiracija za stvarnu zločinačku scenu, scenarij ne postaje dobar. Glazba je bljutava i jedva sam kroz svaku epizodu prosjedio koliko su mi uši krvarile od nje. Uglavnom, totalno smeće za koje su izdvojeni preveliki novci.",filmovi,-1,1
sr-00353,youtube,"Biće biće, jako napeto! Osećam!",filmovi,0,0
sr-00356,youtube,"Svaki element projekta je svaki put sve bolji, svaka cast!",filmovi,1,0
sr-00360,youtube,"hahha eee sinovci 92% istinske realnosti trenutne prikazuje se kroz FILM! BUM,BUM samo ‍",filmovi,0,0
sr-00364,youtube,"Prva epizoda je krenula mnogo komplikovano i glupo,odmah rafali,odmah juriš,odmah akcija,pa ne ide tim redom ,akcija je na kraju",filmovi,-1,0
sr-00365,youtube,Jedna od najgorih serija ikada. Za klince je ovo kidanje i najbolje. Ali ovo je totalno smece od serije,filmovi,-1,0
sr-00368,youtube,"Brutalna glumačka ekipa, dopada mi se što je uključeno i puno stranaca",filmovi,1,0
sr-00375,youtube,Nije ovo Kiosk bre. Övo je firmmaaaa,filmovi,0,1
sr-00379,youtube,Nisam srecnik za to Al aj da probam,filmovi,0,1
sr-00380,youtube,"Ova serija je fenomenalna moja preporuka da pogledate sve sezone ove serije svaka cast za glumce I reditelja,najbolji glumci reditelji sve je beskonacno dobro svaka cast momci gluma nije lak posao svaka cast i daj boze da snimate jos I da ste svi zivi I zdravi,VOLI VAS CEO SVET",filmovi,1,0
sr-00382,youtube,Juzni vetar nema granica ni vreme,filmovi,0,0
sr-00385,youtube,Napeta serija zaslužuje veću ocjenu na IMDB!!,filmovi,1,0
sr-00386,youtube,Najveća greška je sto serija ne može da se bindžuje,filmovi,0,0
sr-00388,youtube,"Kakav god trejler,film,seriju izbacili nikad nemože biti nešto loše.NAJJAČA EKIPA IKAD!!!",filmovi,1,0
sr-00392,youtube,Hoce li biti serija ili film?,filmovi,0,0
sr-00401,youtube,NAJSTARIJI NAROD SRBI,filmovi,0,1
sr-00402,youtube,"U Americi sam Kako ovu seriju da gledam na internetu,mislim legalno? Sta da ukucam,Netflix?",filmovi,-1,1
sr-00405,youtube,Ovo parodija John Wicka,filmovi,-1,1
sr-00406,youtube,Najstariji narod pjeva ,filmovi,0,1
sr-00411,youtube,sta gleda ova glupa generacija ??,filmovi,-1,1
sr-00412,youtube,57:48 koja je ovo pesma u pozadini,filmovi,0,0
sr-00414,youtube,"27:24 , Marina je tu u crvenoj jakni izgledala najbolje..",filmovi,1,0
sr-00415,youtube,Maestralno!Žika je jedan od retkih potomaka slavnih glumaca koji je nasledio očev talenat i profesionalno ga dostigao!,filmovi,1,0
sr-00416,youtube,"Kakva filmčina naše mladosti, više manje smo točno tako živjeli i točno tako završili :)",filmovi,1,0
sr-00418,youtube,"Obozavam ove romanticne pesme od Vampira,najromanticnije su i fenomenalne Pretuzno je da imamo bas malo romanticnih filmova,verovatno je najteze glumiti ljubav,lako je glumiti kriminalca,mafijasa,ratnika,ali glumiti ljubav ne. Ovo je jedan od nasih najboljih ljubavnih filmova,najbolja uloga Nikole Koje,vec 2. deo je losiji nazalost. Milena Pavlovic prirodna devojka,Branka Katic najharizmaticnija nasa glumica ikada,ovo su lepotice,a ne danasnje izvestacene zene koje muskarci smatraju lepima. Poruka filma je sjajna,Nikola ipak bira porodicu i pravu ljubav,a ne devojke za prolazna zadovoljstva na jednu noc.Nazalost,nije ovako u realnosti u kojoj muskarci biraju prolazna zadovoljstva i bitan im je samo fizicki izgled... Zaista fantastican scenario. Gledam film par dana pre Nove godine,srecna svima Nova 2026. godina,volela bih da nasa kinematografija ozivi iz mrtvih,da ponovo snimimo ovako nesto i da se ponovo ceni najvrednija stvar na svetu,a to je ljubav",filmovi,1,1
sr-00421,youtube,Ovo je jedan od najboljih filmova ikada u istoriji covecanstva. Ne znam koliko je ljudi svestno toga,filmovi,1,0
sr-00422,youtube,"Kultni film, film nase mladosti, pun replika koje i danas koristimo.",filmovi,1,0
sr-00424,youtube,"1:22:58 da li neko zna kako se zove ova pesma,nigde ne mogu da je nadjem :(",filmovi,0,0
sr-00427,youtube,45:07 Bogdan Diklić ko Dejvid Geta,filmovi,0,1
sr-00428,youtube,Nisam ti ja Majka!,filmovi,0,1
sr-00429,youtube,Film je glup,filmovi,-1,0
sr-00431,youtube,"Filmicina hvala sto si postavio pratim te,gledao sam ga bezbroj puta i nikad ne dosadi sa ovakvom ekipom poz",filmovi,1,0
sr-00435,youtube,Dok je Beograd bio grad i dok su šmekeri još uvek postojali,filmovi,0,1
sr-00436,youtube,Kako su se beogradjanke nekad izdvajale po svemu aoo...jedva smo cekali da dodje ljeto da dodju na more po svemu jedinstvene su bile izgled oblacenje ponasanje stav hod šarm prica sve...i to se izgubilo skroz nazalost,filmovi,-1,0
sr-00437,youtube,"Sećam se da sam te godine gledao dodelu nekakvih filmskih nagrada, i da su sve odneli Anđeli i Crni bombarder. Da, nije bilo nikakvo čudo da se dodeljuju filmske nagrade i da u jednoj godini imamo takva dva ostvarenja. Sad jedva da pravimo bilo šta vredno pažnje...",filmovi,-1,0
sr-00442,youtube,Majko mila kakva ljepotica od zene sto glumi Racinu sestru od tetke sto plese sa Nikolom na podijumu,filmovi,0,0
sr-00443,youtube,Od svih replika iz Andjela ne može čovek da se odluči koja je najbolja.Sve su vrhunske i dan danas rado ih ponavljam.Hvala Srdjanu Dragojeviću na filmu za večnost,filmovi,1,0
sr-00445,youtube,Jedan od posljednjih filmova koje je iznjedrila Jugoslovenska kinematografija. Najbolji vrhunski glumci.,filmovi,1,0
sr-00447,youtube,"Glogi….. kakva je to bila glumčina , takvi se više ne radjaju ..",filmovi,1,0
sr-00449,youtube,Kakav film.gledao sam ga ne znam koliko puta. I uvek emocije su jake. bravo svima.,filmovi,1,0
sr-00450,youtube,Ova Tijana stvarno nervira...,filmovi,-1,0
sr-00451,youtube,"Remek - delo...Dragi naš Glogi, nikad prežaljeni, a kamoli prevaziđeni, koliko nam nedostaješ...",filmovi,0,0
sr-00452,youtube,"Ja mislim da samo mi Srbi smo ti koji bi radije ostali u svom domu dok padaju bombe, nego trcali u sklonište! Ja sam imala 10 godina kad je ovo bilo, i mene je mama vodila u sklonište, ali ovo kad gledam, i ovu hrabrost, ovaj INAT SRPSKI, dodje mi da zaplačem! Nista jace od INATA!",filmovi,1,0
sr-00453,youtube,"Kakva ribica je bila Kaja Žutić...Šteta što se nije razmnožavala, ima odličnu genetiku.",filmovi,1,1
sr-00454,youtube,"Celo bombardovanje sam proveo na basketaskom iza srednje skole. Da, mator sam",filmovi,0,1
sr-00458,youtube,"Koliko je Ana Sofrenović loša glumica, to boli...",filmovi,-1,1
sr-00459,youtube,"Kako god, uvijek nevini nastradaju. Ko rat želio u kući mu bio 24/7",filmovi,-1,1
sr-00460,youtube,"Imao sam 17 godina '99 i bilo mi je super. Sad tek, posle toliko godina shvatam šta su nam sotone sa zapada uradile...sve im najgore želim i pocrkali do poslednjeg!",filmovi,-1,1
sr-00461,youtube,Top film!porodični i porodične stvari.,filmovi,1,0
sr-00462,youtube,Nikad nisam plako kad je film u pitanju osim u ovome mamu vam beogradani al vas volim,filmovi,1,0
sr-00463,youtube,"Jest odglumio bosanca, prejako",filmovi,1,0
sr-00464,youtube,Serija iz doba smisla,filmovi,1,0
sr-00466,youtube,Jedna od boljih,filmovi,1,0
sr-00467,youtube,"Kakva serija kako se nekad ovo sa uzivanjem gledalo dok smo bili klinci, kako me vraca u neko lepse vreme",filmovi,1,0
sr-00468,youtube,"Najbolja serija snimljena u tom periodu, a slobodno može ući u top 15 posle 2000-tih",filmovi,1,0
sr-00469,youtube,"Čoveče,koji flashback",filmovi,1,0
sr-00470,youtube,Nemojte razvlaciti sadrzaj snimljen u 4:3 formatu izgleda uzasno,filmovi,-1,0
sr-00471,youtube,Plagijat na Bitange i Princeze,filmovi,-1,0
sr-00472,youtube,Fenomenalna serija,filmovi,1,0
sr-00473,youtube,Jedna od jacih serija,filmovi,1,0
sr-00474,youtube,"Bravo kao da je juče bilo, prođe 14 godina..",filmovi,1,0
sr-00475,youtube,Nisam znao da glumi Nikola Kojo,filmovi,0,0
sr-00476,youtube,"Super serija sem ove smaračice Nikoline, očajna je",filmovi,1,0
sr-00477,youtube,Obozavala sam ovu seriju Jel moguce da je ovoliko proslo godina????,filmovi,0,0
sr-00478,youtube,Ovo zbog sergeja necu gledati,filmovi,-1,0
sr-00479,youtube,"Odlicna serija super glumci ,posebno Kojo meni omiljeni glumac...",filmovi,1,1
sr-00480,youtube,Kada počinje serija?,filmovi,0,0
sr-00481,youtube,Krivo je more teška je to pjesma JAKOOO,filmovi,0,1
sr-00482,youtube,"Jedva čekanjeee predobrih, prelepih i talentovanih glumaca!",filmovi,1,0
sr-00483,youtube,Pahuljice jedu samo oni koji neznaju da kuvaju,filmovi,-1,1
sr-00484,youtube,"Ala je otpevao na kraju, svaka cast, nije laka pesma..",filmovi,1,0
sr-00485,youtube,"Ovu seriju je ubila dužina uvodne špice i ništa više. To je ogroman problem i čudi me da niko nije to prokomentarisao. 3 minuta traje uvodna špica za sitkom?! Neviđen propust, a čini mi se da se to redovno dešava tom reditelju.",filmovi,-1,0
sr-00486,youtube,Iznenađujete nas sa serijama u posljednje vrijeme,filmovi,0,1
sr-00487,youtube,"Ovo se cekalo, odlicna serija, hvala rtsu na prikazivanju.",filmovi,1,0
sr-00488,youtube,Predivna serija,filmovi,1,0
sr-00489,youtube,Hvalaa najlepse oboozavam ovu seriju,filmovi,1,0
sr-00490,youtube,"Bravo kao da je juče bilo, prođe 15 godina..",filmovi,1,0
sr-00491,youtube,Ovu seriju sam gledao na rts 1 nešto malo kod babe i dede kad sam bio mali.i svidela mi se i odlična je.,filmovi,1,0
sr-00492,youtube,Anđela..zbog tebe sam zavolio ovu seriju.,filmovi,1,0
sr-00493,youtube,Hvala vam što vraćate stare epizode! Već sam se bila uplašila da ih više neće biti. Mnogo volim ovu seriju i ogroman je njen značaj u mom životu.,filmovi,1,0
sr-00494,youtube,Kultna serija datog vremena.Neponovljivo,filmovi,1,0
sr-00495,youtube,"Legendarna serija,serija mog detinjstva",filmovi,1,0
sr-00496,youtube,"Odlično, svaka čast! Samo još jedan predlog, da ubacite prevode za strance, šteta da ovo propuste!",filmovi,1,0
sr-00497,youtube,Remasterizujte sveeee! Pliz!,filmovi,0,0
sr-00499,youtube,Katarinin nacin odevanja u to vreme je bio sok.Ipak su to bile devedesete.,filmovi,0,0
sr-00500,youtube,"Zanimljivo sto posle 8 dana od kad je okacena ova HD verzija ima 139 pregleda, za par meseci kad ljudi pocnu da gledaju to ce biti sigurno mnogo veca brojka. Pozz za produkciju Monte Royal",filmovi,0,0
sr-00501,youtube,"Jedina serija 90-ih u kojoj nema psovki,prostakluka. Žao mi je što ne odgledah tada",filmovi,1,0
sr-00502,youtube,Samo da se vrati nova sezona i miran sam,filmovi,0,0
sr-00503,youtube,Hvala što ste vratili seriju na YouTube,filmovi,1,0
sr-00504,youtube,Koliko je iritantan ovaj nalepljeni logo koji veze nema s estetikom serije.,filmovi,-1,0
sr-00506,youtube,Da li je moguce da se ubace engleski titlovi?,filmovi,0,0
sr-00507,youtube,2024g gledam i sećam se,filmovi,0,0
sr-00508,youtube,"Da li postoje neki prevodi ove serije na engleski ili spanski ? Pokušavam godinu dana da je pustim cimerima i nema šanse. Čudno da neko do sada nije napravio. Help. Inače, super za remaster.",filmovi,1,0
sr-00509,youtube,"Da li je moguće da su vam u playlisti prve sezone epizode poređane od poslednje ka prvoj? Popravite to. Epizode u playlisti treba da budu od najstarije ka novijim, da bi moglo da se gleda i da lista ima smisla",filmovi,-1,0
sr-00510,youtube,24:00 Vi ste geniji!,filmovi,0,0
sr-00511,youtube,Mamine replike - vrh dramske umjetnosti!,filmovi,-1,1
sr-00512,youtube,Najbolja serija iz 90-ih ikada...,filmovi,1,0
sr-00513,youtube,Vesna Trivalic je ovde imala 28 godina,filmovi,0,0
sr-00514,youtube,"Izbacite sve epizode molim vas,svaka čast i hvala",filmovi,1,0
sr-00515,youtube,"""Da ne bismo ulazili sad u to, ko je ovde lud a ko paranormalan""",filmovi,-1,1
sr-00516,youtube,"Hvala ti do neba. A snimak je ne može bolji, konačno da odgledam ponovo.",filmovi,1,0
sr-00517,youtube,Delča je zaista bio genije. Kao i Olivera Marković.,filmovi,1,0
sr-00518,youtube,"Sećam se kada se pojavila serija. Bio sam jako srećan kada sam video da nisam jedini klinac koji gleda prenose Narodne skupštine. Inače, tada se pojavila i serija ""Srećni ljudi"", koja je bila narodna, a ova serija važila je za mix EKV+Partibrejkersi+Bajaga i instruktori. Da se muzički izrazim. :D",filmovi,1,1
sr-00519,youtube,Katarinin monolog je nesto genijalno.,filmovi,1,0
sr-00520,youtube,Serija je fenomenalna! Hvala!,filmovi,1,0
sr-00521,youtube,"Bravo,serija,glumci sve...a toliko godina prodje",filmovi,1,1
sr-00522,youtube,Neprevaziđena Vesna Trivalić ove današnje generacije glumaca da gledaju i da se uče.,filmovi,0,0
sr-00523,youtube,Hvala Vam od srca. Izuzetna serija sa humorom koji nikada neće dosaditi.. Samo što ne znaju svi to da cene jer ne mogu taj humor da prepoznaju..,filmovi,1,0
sr-00524,youtube,Gledam ga vec 6 put i nije mi se smucilo,filmovi,1,0
sr-00525,youtube,Djumruk mu dodje ugljen. Eto znam strani jezik malo.,filmovi,0,1
sr-00526,youtube,12:05 rešenje je -pi/2 a ne samo pi/2.,filmovi,0,1
sr-00527,youtube,"Film mog detinjstva, a takođe sam zato upisala gimnaziju, a bila sam zaista razočarana što moj razred nije takav al' ajde",filmovi,1,0
sr-00528,youtube,Ja sam dete sa 9 godina i ovo mi je omiljen film a moje drugarice ni ne znaju za taj film,filmovi,0,0
sr-00530,youtube,Nikad neće biti sabrato ovoliko znastvenih Srba u nekom kulturnom ostvarenju,filmovi,1,0
sr-00533,youtube,Ja ovo gledam miliona puta!!!,filmovi,1,0
sr-00534,youtube,"Film je zapravo bogato producirana, tendenciozna i patetična laž.",filmovi,-1,0
sr-00535,youtube,"A onda je došao ,karadjordje,pašić,ranković,djilas,tito...Posle nikako da se oslobodimo komunista ,pa eto pokojnog Slobe, NVO ,domačih špijuna i naravno,pink,koji su nas odvojili od, tradicije ,istorije ,vrednosti,morala,kulture i lepote življenja.Film za 10.",filmovi,1,1
sr-00536,youtube,"Predivni steeee ,haha sve mangup do mangupa .........",filmovi,1,0
sr-00538,youtube,Ovo je remek delo ni sam ne znam koliko puta sam ga gledao i svaki put kao da je prvi,filmovi,1,0
sr-00539,youtube,Ja sam odusevljena,filmovi,1,0
sr-00541,youtube,"Odlican film.Lepo receno i tacno. Samo veliko znanja i cestit rad ostavlja traga. Bez moralnosti ti nema ni temeljnog znanja ,a ni cestitog rada.Moralnost i lepota zivota se uce od malih nogu. Najveci covek prijatelj su zdrava porodica i ucitelji,nastavnici, profesori.",filmovi,1,0
sr-00542,youtube,Prekrasan film Podsjeća me na priče mog pokojnog supruga o njegovim gimnazijskim danima Hvala!,filmovi,1,0
sr-00543,youtube,Ali osmica simbolizira beskonacnost,filmovi,1,1
sr-00544,youtube,Moj najdraži filmm!,filmovi,0,0
sr-00545,youtube,Od 1:37:41 do 1:38:19 scena da se naježiš.Film koji nikad neću prestat gledati,filmovi,0,0
sr-00546,youtube,Ovde glumi Ivan Bosiijčić profesora muzičkog‍‍‍,filmovi,0,0
sr-00547,youtube,"Isus je Put, Istina i Život",filmovi,0,0
sr-00548,youtube,A jel izvuko on one ribe ili,filmovi,0,1
sr-00549,youtube,Obe verzije ovog filma su odlicne bas kao i glumacke ekipe.,filmovi,1,0
sr-00550,youtube,Ti nepogresivi su najveci problem,filmovi,-1,1
sr-00553,youtube,"Prekrasna serija , divni glumci ,sa toliko kulture , obozavam ovu seriju ......",filmovi,1,0
sr-00554,youtube,"Nekada se pjevala serenade, a sada sere nada",filmovi,-1,1
sr-00555,youtube,Mangupski film kao sto profesor kaze...ekipa glumaca je vrhunska da bi Holivud pozavidio .film VRHUNSKI a poenta je najbitnija ....POŠTOVANJE I OBRAZOVANJE,filmovi,1,0
sr-00556,youtube,Imam 12 godina a ovo mi je omiljeni film moj čitav razred ga je odgledao nisu sve nove generacije toliko neobrazovane.,filmovi,1,0
sr-00557,youtube,"Kakav glumac, neprevazidjeni talenat i umetnik svog života.",filmovi,1,0
sr-00558,youtube,Mladici ce povjerovati da im stvarno netko radi o glavi,filmovi,-1,1
sr-00559,youtube,"Lepo, ali to je davno prošlo vreme koje se nikada neće vratiti. Treba živeti neke vrednosti danas u današnjim uslovima.",filmovi,0,0
sr-00560,youtube,"Neki su pjesnici, a neki su sretni",filmovi,0,1
sr-00561,youtube,Nije lako zaljubiti se u ministarsku kcer,filmovi,0,1
sr-00562,youtube,Ko gleda u 2024?,filmovi,0,0
sr-00563,youtube,"Ja sam 2012 godište i ovo gledam šesti put u godini dana i preporučujem svima da gledaju ovaj film, niko neće zažaliti",filmovi,1,0
sr-00564,youtube,ovo je najboji film,filmovi,0,0
sr-00565,youtube,"Bravo Za profesora, divnih glumaca koji su odglumili ovu divnu istorijsku generaciju. Smešna, simpatična, lepa sko 10 puta sam to gledala i uvek je zanimljivo. Bravo momci sada već popularni glumci... Naravno još uvek mladi",filmovi,1,1
sr-00566,youtube,"Simpatičan film, ali su Ivkova slava ili Zone Zamfirova viši nivo. Cijenim vašu kinematografiju, daleko ste ispred nas, mi smo stali na Tko pjeva zlo ne misli i očito ćemo tu i ostati.",filmovi,1,0
sr-00567,youtube,"Koja kultura ,prvo znanje Francuskog jezika drugo prekrasni momci glasom i stasom.....",filmovi,1,0
sr-00568,youtube,"Znaj cijeli svijete da diplomirao sam gimnaziju danas, i da su mi oči pune suza od ovog filma",filmovi,0,0
sr-00570,youtube,"jedan od nasih najboljih filmova, svaka cast!",filmovi,1,0
sr-00571,youtube,"Prelepo, Priča vremena prošlog, Nekada priče iskrene ljubavi behu u, Osmehu, pogledu, dodiru i migu očiju, Beše nekad.......",filmovi,1,0
sr-00572,youtube,Ovo film za ljude sa manjim iq ?,filmovi,-1,1
sr-00574,youtube,"Demonstration, kako to politicki zvuci",filmovi,0,0
sr-00575,youtube,ja sam e u jednom trenutku rasplakala predobar film\serija,filmovi,1,0
sr-00577,youtube,"Ovakvih filmova danas ne snimaju..jer je za danasnje vreme popularno gledati svaku izopacenost, nasilje, pornografiju i dr gadosti...a ovakve prelepe osobine casti, vaspitanje porodicno i zajednicka podrska medju drugovima i prijateljima, pa cak i nevini nestasluci vise ne postoje...",filmovi,1,1
sr-00578,youtube,Kad Gledam Ovaj Film Uvek Se Rasplacem Na Kraju Dobar Film Za Sve Generacije,filmovi,1,0
sr-00581,youtube,Ovo mogu da gledam 1000 puta neće mi dosaditi,filmovi,1,0
sr-00582,youtube,Da su nas ovako slali u cosak mozda nam danas nebi bilo coskasto,filmovi,1,1
sr-00583,youtube,ovaj je film za sva vremena,filmovi,0,0
sr-00584,youtube,"Otužan prijevod, film vrhunski",filmovi,0,0
sr-00585,youtube,Meni je nahdraza ona scena u noci kada su milorad i ova devojka ljube na prozoru neznam sto mi je to omiljeno,filmovi,0,0
sr-00586,youtube,Kamo lepe srece ovako da razgovaraju danasnji djaci I profesori danas,filmovi,1,1
sr-00588,youtube,Moj najdraži film. Sve je predivno. Ne znam koliko puta sam ga odgledala i koliko cu jos puta. I uvijek sam jednako opcinjena.,filmovi,1,0
sr-00590,youtube,Ovo je najbolja serija.,filmovi,1,0
sr-00591,youtube,Kako divno odlični glumci,filmovi,1,0
sr-00593,youtube,"Neko za vreme blokada, živeli studenti i bez predaje",filmovi,1,1
sr-00594,youtube,samo što je rešenje trigonometrijske jednačine je - p/2 ne p/2,filmovi,0,1
sr-00595,youtube,Ovome je stalno u glavi neprijatelj,filmovi,-1,1
sr-00596,youtube,"milina za gledanje, predivan film",filmovi,1,0
sr-00597,youtube,Film i serija su remek djelo dragog nam reditelja Zdravka Sotre.Pozdrav od jedne bake,filmovi,1,0
sr-00598,youtube,"5+,,dostojanstvo,postovanje,čast,znanje.....trebao bi biti u skolskim programima općeg obrazovanja u zemljama regije!!!",filmovi,1,0
sr-00599,youtube,Moj najdraži film,filmovi,1,0
sr-00601,youtube,"A sad usporedite Srbiju od 1990.na ovamo, zadnje godine pogotovo - od potomaka ovih dragulja nema nikoga, kao ni potomaka solunskih boraca.",filmovi,1,1
sr-00602,youtube,"I nama su pricali da neke stvari moramo znati, pa sada vise ne moramo znati. Dapace",filmovi,-1,1
sr-00603,youtube,"Koji glumac prica na pocetku filma. ..poznat mi glas ,a ne mogu odgonetnuti",filmovi,0,0
sr-00604,youtube,"Ništa posebno, izvikano. Ovi što pljuju današnje sve, neka krenu od sebe i svoje dece. A ja kao profesor imam dobro iskustvo. Ali nisu biseri za blato. I jadna omladina sa takvim terorom starijih.",filmovi,-1,1
sr-00605,youtube,Tada je država bila Sila. A sada je ništa i predsednik je ništa.,filmovi,-1,0
sr-00608,youtube,ako ona scena kad je ušao sa frakom i cilindrom nije improvizirana...nemre se takav smijeh odglumit....hahahaha,filmovi,1,1
sr-00610,youtube,Moj najdrazi Film,filmovi,0,0
sr-00613,youtube,Ovaj gospodin direktor lici na Rasputina boze sacuvaj bas je creepy,filmovi,-1,1
sr-00614,youtube,Pametni mladici su kaznili pedanteriju,filmovi,-1,1
sr-00615,youtube,ja gledam ovaj film svaki dan i nikad mi nije dosadno,filmovi,-1,0
sr-00616,youtube,"Čuješ li ovo Švabo neće ti ovaj oteti Zemun, ja ću",filmovi,0,1
sr-00618,youtube,Siler I gde su bili mozda dvije rijetke velicine koje su se voljele...,filmovi,0,0
sr-00619,youtube,Fantastičan film - serija,filmovi,1,0
sr-00621,youtube,"Kako je lijepo vidjeti kad se snimi lijep film bez golotinje, gluparija i ostalih sranja , nije bitno tko je tko glavno da si čovjek , sve pohvale za film top je",filmovi,1,0
sr-00622,youtube,Obozavam ovaj film,filmovi,1,0
sr-00623,youtube,Direktore je vise zanimala vlast nego ucenici,filmovi,-1,1
sr-00624,youtube,"Slučajno se pustio na YouTubeu ovaj film, odgledao sam ga od početka do kraja. Fantastičan film, humor je na nivou, podsetio sam se i školskih dana.",filmovi,1,0
sr-00625,youtube,Trebali bi ga cesto prikazivat u Skolama. Da djeca nauce osnovno ponasanje i postovanje.,filmovi,1,0
sr-00626,youtube,Ja kad pogledam ovaj film mi dan bude bolji,filmovi,1,0
sr-00629,youtube,"Jako poucan i predivan film, sto puta ga mogu gledati. Wredan pamćenja i gledanja.",filmovi,1,0
sr-00630,youtube,"Najbolji film, bravo za sve koji su učestvovali u glumi i reziranju ovog filma",filmovi,1,0
sr-00631,youtube,"Nekada su deca imala prave uzore. Danas su to Lukas i Karleusa. Imamo prelep jezik, danas ga mladi ne govore. Sada je tebra, gilje, bleja... Udjes u prodavnicu nazoves boga, ili dobar dan, gledaju te kao da si sa Marsa pao.",filmovi,-1,1
sr-00633,youtube,Na kraju zamalo da sam zaplako,filmovi,1,0
sr-00636,youtube,Od svih cvijica Jovan je bio najveci,filmovi,1,0
sr-00638,youtube,"joj ovog bikovica,ko lutka je",filmovi,1,0
sr-00641,youtube,Kako bi zivot bio lep da je više Prof. Vujica i njegovih mangupa na ovoj planeti,filmovi,1,0
sr-00642,youtube,Ovaj film je snimljen po istinitom događaju iz 19 veka a današnja generacije ništa ne zna jadno je što je 21 vek danas studenti gledaju kako da blokiraju u mesto da uče,filmovi,-1,0
sr-00643,youtube,Onaj kaze vas 4 bicete zapisani a gde u istoriji a najace oni su stvaraoci istorije,filmovi,0,1
sr-00646,youtube,"Ne razumem, zašto je kraj filma tako nerealan",filmovi,0,1
sr-00647,youtube,Sve mi se čini da će ovo biti mjuzikl umesto filma,filmovi,-1,1
sr-00652,youtube,Kraj me razočarao iskreno,filmovi,-1,0
sr-00655,youtube,"A gdje se moze Film gledati? Amazone ,Netlix? Super ste",filmovi,1,1
sr-00659,youtube,*Najgori film u poslednjih 100 godina*,filmovi,-1,0
sr-00660,youtube,"Pa i ne uliva mi previše poverenje trejler. Prva sezona je bila koliko toliko realistična. Mafija, Italija, tenderi, služba. Ovo mi sad deluje kao Holivudsko preterivajje u stilu Ramba i Umri muški filmova i nekih trulih fora koje mogu da kupe klinci iz osnovne škole jedino. Realno klincima samo daj pucnjave i loženje i biće zadovoljni. Znam da je ovo film ali se serija nadovezuje...",filmovi,-1,0
sr-00661,youtube,Znaci odma ste upropastili sve al ajde,filmovi,-1,0
sr-00663,youtube,"Prepun glupih i dosadnih scena, ocjena 6/10....",filmovi,-1,0
sr-00665,youtube,"Sram Vas bilo! Evakuisete ljude posle 30 minuta projekcije sa premijere u Ada Mallu, doslovno ih izbacite napolje, ne obavestite da ce se premijera nastaviti ubrzo i celokupnu pricu oko pozara iskulirate i dovedete glumce da im tapse 15 ljudi u sali! Svaka cast, mnogi nisu to ocekivali!",filmovi,-1,1
sr-00670,youtube,Jedno pitanje da li je to film ili je to kao prvi put 3 epizode prve sezone pa sad opet 3 epizode druge sezone?,filmovi,0,0
sr-00671,youtube,Pogledao film ima 2 mj. predobar je....,filmovi,0,0
sr-00672,youtube,"Ne mogu tu seka persa ekipicu da shvatim i gledam ozbiljno kao neke ""opasne"" likove. Previse mi je smesno ovo. :D",filmovi,-1,1
sr-00673,youtube,Ovo ce da ide viral van Srbije,filmovi,1,0
sr-00679,youtube,Ako je ko gledo u nek kaze koju informaciju,filmovi,0,0
sr-00680,youtube,"Ja ne znam kako ljudi mogu gledati ovaj film i uživati u njemu. Em je scenarij napisan kao da ga je napisao klinac od 12 godina, em je gluma na razini predstava u osnovnim školama, em je režija zaboravljiva i vizualno nezanimljiva, a o groznoj glazbi da i ne pričam. Kombinacija nepotrebne amerikanizacije srpske kinematografije i glorifikiacije kriminala, a dobiva pažnju i popularnost veću od onih koju imaju neki stvarno kvalitetni srpski filmovi i serije.",filmovi,-1,0
sr-00681,youtube,Meni je najjace svadjanje u chetu hhahaha,filmovi,0,1
sr-00689,youtube,"Ovo za ovu đecu film,da se malo igraju kriminalaca.Bravo majstori pii",filmovi,-1,1
sr-00692,youtube,"trejler pola filma spojlovao, druga stvar radnja je nikakva kao 1 epizoda serije, ocekivan kraj i uvod i seriju. film 5 od 10",filmovi,-1,0
sr-00696,youtube,Promocija kriminala brzog i kratkog zivota.,filmovi,-1,0
sr-00697,youtube,kako da gledam nema bioskopa u mom selu,filmovi,-1,0
sr-00698,youtube,"Hahaha meni ovo liči na Janes Bonda, malo su se preigrali sa ovim filmom",filmovi,-1,1
sr-00699,youtube,"Jedna od rijetkih serija/filmova koju su pokvarile glavne uloge, mada i pored katastrofalne glume i ovog drugog opet je dobra. Kad bi se nekako mogli isijeći svi dijelovi u kojima se oni pojavljuju bilo bi top, jer su sve ""sporedne"" uloge vrhunski odradile posao sa antologijskim scenama, a ova dvojica su odglumila opasne kriminalce isto dva Micky mausa ...",filmovi,-1,1
sr-00703,youtube,"90% sirotinje ovo gleda, 9% ovo živi, 1% ovo kontroliše! Jedno je odgledati film/seriju radi razonode, a drugo je željeti živjeti takav život, a jedina je istina kako trenutno sada živite. Mnogi ljudi su podsvjesno/indirektno upropašteni, jer je filmska industrija utjecala na njihove umove. Nemate dinar u džepu, a propadate duhovno u želji kako da steknete za skupog bmw-a. Pogledajte samo koliko turske serije imaju utjecaja na mlade djevojke, hoćete li da vas lažem? - Znate i sami. Ne kažem da je loše biti imućan, već je loše što se ta vrijednost oduvijek vrednuje, a ne ostale vrijednosti. Koliko je društvo upropašteno, dovoljno vam govori to što se nemoralne pjesme slušaju, gledaju nemoralni filmovi, serije, itd. Vi zapravo još niste shvatili ili ne želite da shvatite, da preko virtuelnog svijeta oni sa vama upravljaju! Morate da imate dobre patike, mnogo para, markiranu odjeću, dobra auta, dobar stan itd. A o storijima da i ne govorim, šta ste radili, gdje ste bili, šta ste jeli/pili. Veoma čudan svijet, u kojem će iskrenost, ljubav, ono iskonski što je u nama - brzo da iščezne. Sve se vrti oko moći i novca, a oni koji su sve ovo napravili nije im to ništa u cilju kao što je 'kontrola'. Kada osjetite ili doživite ovo o čemu sam vam govorio, sjetit ćete se mene. Srdačno vas pozdravljam, hvala!",filmovi,-1,1
sr-00705,youtube,Najgori domaći film svih vremena.,filmovi,-1,0
sr-00707,youtube,"Drugi put gledam drugi film i stvarno prvi se film može gledati iz nova više puta te svaka čast svima, ali ovaj drugi je kritičnog scenarija.. ne znam zašto su išli u smjeru toga da se sve svodi na spašavanje lika iz prvog filma koji nije ostavio nikakav osobit trag da bi se nešto očekivalo od njega u nastavku.",filmovi,-1,0
sr-00712,youtube,Jaoooo živim u USA I nemogu nigde da nađem ovaj film da se gleda!,filmovi,0,0
sr-00714,youtube,Sad kad se kidare dignu po gradu,filmovi,-1,1
sr-00718,youtube,Ehh sta ti je zivot.. nekad Brazilu cepao mreze a sad krade automobile.. Jedna prosecna prica fudbalera u drzavi xd,filmovi,-1,1
sr-00719,youtube,Gdje mogu gledati ljudi film ako mi mozete reci molim vas,filmovi,0,0
sr-00722,youtube,"Stoji da je prvi film za klasu bolji, ali ne možete da mi kažete da drugi ne valja.",filmovi,0,0
sr-00727,youtube,totalno razočaranje u odnosu na prethodni dio,filmovi,-1,0
sr-00731,youtube,Ja ne znam zasto se ovo prije nije desilo balkanskoj sceni. Apsoultni vrh i profesionalnost. Film je bio odlican kakavog sam ga i ocekivala. Sa puno napetosti i smjesnih trenutaka i izvala. Kao i serija i prvi film ODLIČNO. Cijeli film sam odgledala u jednom dahu i bila sam toliko sretna jer su se vratili. Nadam se da ova suradnja nikada nece prestati jer ovo je nesto predobro i treba opstati. Odlicna pohvala za sve sve sve nema niti jedne mane i jedva cekamo da izade serija. Pozzz,filmovi,1,0
sr-00735,youtube,Kad izlazi film na RTS,filmovi,0,0
sr-00738,youtube,Film top al fale Crnogorci u filmu bilo bi uzbudljivije jos,filmovi,1,1
sr-00740,youtube,Da li neko zna koji je put na kome voze dva BMW-a na početku?,filmovi,0,0
sr-00741,youtube,Prvi deo super a drugi deo opasno razocaranje,filmovi,-1,0
sr-00743,youtube,Osedeo sam čekajući,filmovi,-1,1
sr-00745,youtube,Moglo je to i bolje,filmovi,-1,0
sr-00755,youtube,kad odete na projekciju ovog filma i odgledate ga smatrajte da ste FILMSKI RETARDIRANI !!,filmovi,-1,1
sr-00759,youtube,A gde je ono kada kupuju jelku,filmovi,0,0
sr-00760,youtube,ivo andonov doktor...mogli su da stave da glumi nekog takvog...,filmovi,-1,1
sr-00764,youtube,"Ja sam u šoku posle samo kraja ovog filma....Da li je moguće da se ovako završava i nastavlja dalje? A sta ce biti dalje, to je pitanje?",filmovi,-1,0
sr-00765,youtube,sta profesor kosta vujic radi u kriminalnom filmu,filmovi,-1,1
sr-00772,youtube,Na zadnju scenu sam se najezio,filmovi,1,0
sr-00775,youtube,Najgori film na pola sam izašo nisam mogo da izdržim do kraja koliko je glupo uradjen...,filmovi,-1,0
sr-00776,youtube,film je odlican cista 10,filmovi,1,0
sr-00778,youtube,Malo mi smesno sto prikazuju kriminalni vrh u Srbiji a ispalo da su Velja Nevolja i realni kriminal 600 puta gori.,filmovi,-1,1
sr-00779,youtube,Naježila sam se kol'ko je dobro,filmovi,0,0
sr-00780,youtube,Ne znam da li sam previse ocekivao od filma ili sta vec. Upravo sam se vratio iz bioskopa i mogu vam reci da nikad u zivotu nisam zazalio za potrosenim parama i vremenom kao danas,filmovi,-1,0
sr-00783,youtube,"svi furaju versace jeans ,nema se za versace malo skuplji XD",filmovi,0,1
sr-00788,youtube,Gledo sam film je fantazija,filmovi,0,0
sr-00791,youtube,film prosjek nista spec,filmovi,0,0
sr-00794,youtube,"Eto, da se klinci izgasiraju još malo",filmovi,-1,1
sr-00801,youtube,Ništa od ovoga se ne bi desilo da nije otišao da kupi napolitanke,filmovi,-1,1
sr-00804,youtube,Tako je braćo srbi ima i holivud da nam zavidi,filmovi,0,1
sr-00805,youtube,Zasto nema da se kupi online ?,filmovi,0,0
sr-00806,youtube,kakva tragedija. pa jos i drugi deo snimaju,filmovi,-1,1
sr-00808,youtube,"Upravo sam pogledao film, blago razocarenje, koliko prica, cekanja i na kraju, uzas..",filmovi,-1,0
sr-00810,youtube,"Loše ...ali baš loše odradjeno...scenario za malu djecu, a gluma preko one stvari odradjena...u odnosu na prvi dio, nebo i zemlja...",filmovi,-1,0
sr-00811,youtube,"Ajmo sad svi lepo u kriminal, vidite kako je super. Koja je sira poenta filma osim pumpanja klinaca da krenu tim putem?",filmovi,-1,1
sr-00813,youtube,Nema veze sa mozgom niti prvim delom. Ovo je uzas,filmovi,-1,0
sr-00816,youtube,Film je jedna katastrofa u odnosu na prvi dio,filmovi,-1,0
sr-00818,youtube,Srbija ostala u 90tima jos brije na zemunce... Hahahaha joj kakav narod... A 90 posto za kikiriki nema,filmovi,-1,1
sr-00820,youtube,Tragedija od filma,filmovi,-1,0
sr-00823,youtube,Ludilo u najavi,filmovi,0,0
,reddit,Ni tablu da okrenu kako treba,politika,-1,1
,reddit,Salju poruku onima koji gledaju a ne cuju,politika,-1,1
,reddit,Hejteri će reći AI,politika,0,1
,reddit,Previsoka očekivanja imaš,politika,0,1
,reddit,"Ma to im je samo radno mesto, nisu oni tu da razmišljaju kako posao treba da se odradi.",politika,-1,1
,reddit,Zlo i naopako.,politika,-1,0
,reddit,Nemaju PISMENOG coveka da posalju.,politika,-1,1
,reddit,Vlasnik ima socijalne vještine taman za jedan fini restoran,hrana,-1,1
,reddit,Ima se smartphone i internet. Ostalo ne bas.,ostalo,-1,1
,reddit,"Haha, nije prva recenzija koju sam vidio gdje se netko buni da nisu dobili zelenu salatu u XY salati. Možda bi je trebali preimenovati.",hrana,-1,1
,reddit,Sirovine. Sjekirom svjetla gase i po asfaltu hodat nezna.,politika,-1,1
,reddit,Citam i umirem od smijeha,ostalo,1,1
,reddit,Lik dobije čistu hobotnicu i žali se šta nema listića salate.,hrana,1,1
,reddit,Da li je mislio na kruh il drzavljana Francuske? Nisam siguran posto osoba nije bas pismena..,hrana,-1,1
,reddit,"Ovo nisam mislio da je moguce, da neki ugostitelj se ovako ponasa",hrana,-1,1
,reddit,"treba mu dat samo cente, bez eura... bilo bi mu lakše",ostalo,0,1
,reddit,Klasika...,reddit,0,1
,reddit,pink je izgubio gledanost kad je sklonio sat,politika,1,1
,reddit,"Aman ljudi, šta je sa ovima što čitaju vesti?!",politika,-1,1
,,Napisi ime objekta da mu i mi damo 1,hrana,-1,0

sr-0830,,"Baš divno, još jedan sajt koji ne radi kada ti je najpotrebniji.",ostalo,-1,1
sr-0831,,"Svaka čast, uspeli ste da zakomplikujete nešto što je bilo jednostavno.",ostalo,-1,1
sr-0832,,"Fenomenalna organizacija, čekao sam samo tri sata da završim jednu stvar.",ostalo,-1,1
sr-0833,,"Prelepo, baš mi je falilo još jedno poskupljenje.",ostalo,-1,1
sr-0834,,"Bravo majstore, bolji način da se napravi haos stvarno nisam video.",ostalo,-1,1
sr-0835,,"Genijalno rešenje, pitam se kako se niko ranije nije setio da pogorša situaciju.",ostalo,-1,1
sr-0836,,"Divan dan, samo što pada kiša već peti put danas.",ostalo,0,1
sr-0837,,Obožavam kada aplikacija odluči da ne radi baš onda kada mi treba.,ostalo,-1,1
sr-0838,,Hvala vam puno što ste mi ulepšali dan sa još jednim problemom.,ostalo,-1,1
sr-0839,,Kakav talenat treba imati da se ovako nešto pokvari.,ostalo,-1,1
sr-0840,,"Svaka čast, stvarno ste pokazali kako se posao ne radi.",ostalo,-1,1
sr-0841,,"Odličan potez, sigurno će svi biti presrećni zbog ovoga.",ostalo,-1,1
sr-0842,,"Baš profesionalno, nema šta da se kaže.",ostalo,-1,1
sr-0843,,"Sjajno, još jedan kvar koji niko neće rešiti naredних mesec dana.",ostalo,-1,1
sr-0844,,"Ma naravno da sve funkcioniše savršeno, samo što ništa ne radi.",ostalo,-1,1
sr-0845,,"Vrhunska usluga, naročito ako voliš da čekaš beskonačno.",ostalo,-1,1
sr-0846,,Kako lepo što su se setili korisnika tek kada je nastao problem.,ostalo,-1,1
sr-0847,,"Fenomenalno, baš smo čekali da neko napravi još veću zbrku.",ostalo,-1,1
sr-0848,,Stvarno neverovatno koliko dobro uspevaju da pogreše svaki put.,ostalo,-1,1
sr-0849,,"Bravo, ovo je baš ono što nam je nedostajalo.",ostalo,-1,1
sr-0850,,"Naravno da je sve odlično, građani samo umišljaju probleme.",ostalo,-1,1
sr-0851,,"Sve cveta, samo što ljudi nekako to ne primećuju.",ostalo,0,1
sr-0852,,Još jedan genijalan potez koji će svi pamtiti po lošem.,ostalo,-1,1
sr-0853,,"Divno vreme za život, pogotovo ako ne plaćaš račune.",ostalo,-1,1
sr-0854,,"Baš lepo što neko konačno misli na običnog čoveka, makar samo u izjavama.",ostalo,-1,1
sr-0855,,"Odlična odluka, ne znam ko bi mogao da smisli nešto gore.",ostalo,-1,1
sr-0856,,"Narod je presrećan, vidi se po komentarima.",ostalo,-1,1
sr-0857,,"Sve ide po planu, samo što niko ne zna koji je plan.",ostalo,0,1
sr-0858,,"Stvarno smo lideri u svemu, posebno u komplikovanju jednostavnih stvari.",ostalo,-1,1
sr-0859,,"Slobodno nastavite ovako, rezultati su zaista impresivni.",ostalo,-1,1
sr-0860,,"Predivno iskustvo, naručio sam proizvod pre mesec dana i još uvek čekam da stigne.",ostalo,-1,1
sr-0861,,"Odlična usluga, posebno ako imate višak vremena za čekanje odgovora podrške.",ostalo,-1,1
sr-0862,,"Sve pohvale za brzinu dostave, samo sedam dana kašnjenja.",ostalo,-1,1
sr-0863,,"Fenomenalan restoran, hrana je stigla hladna ali bar sam imao vremena da razmislim o životu.",ostalo,-1,1
sr-0864,,"Sjajan kvalitet proizvoda, pokvario se posle dva dana korišćenja.",ostalo,-1,1
sr-0865,,"Najbolja aplikacija ikada, svaki put me iznenadi koliko može loše da radi.",ostalo,-1,1
sr-0866,,"Prezadovoljan sam kupovinom, baš sam tražio nešto što će odmah da prestane da funkcioniše.",ostalo,-1,1
sr-0867,,"Profesionalna podrška korisnicima, odgovor sam dobio čim sam odustao od čekanja.",ostalo,-1,1
sr-0868,,"Odličan hotel, soba je bila ista kao na slikama samo ako slike gledate zatvorenih očiju.",ostalo,-1,1
sr-0869,,"Preporučujem svima, naročito onima koji vole neprijatna iznenađenja.",ostalo,-1,1
sr-0870,,"Savršen proizvod, definitivno ne bih poželeo da sam kupio nešto drugo.",ostalo,-1,1
sr-0871,,"Baš kvalitetna izrada, plastika je pukla čim sam ga prvi put koristio.",ostalo,-1,1
sr-0872,,"Divno iskustvo sa ovom firmom, nikad nisam video ovakav nivo neorganizacije.",ostalo,-1,1
sr-0873,,"Sve radi besprekorno, osim dela koji mi je zapravo potreban.",ostalo,-1,1
sr-0874,,"Brza isporuka, stiglo je samo kada više nije bilo potrebno.",ostalo,-1,1
sr-0875,,"Odličan servis, rešili su problem tako što su ga ignorisali.",ostalo,-1,1
sr-0876,,"Sjajna kupovina, novac nikad bolje nisam potrošio na nešto beskorisno.",ostalo,-1,1
sr-0877,,"Kakav vrhunski kvalitet, uređaj se pokvario čim je izašao iz kutije.",ostalo,-1,1
sr-0878,,"Fantastično korisničko iskustvo, osećao sam se kao da pričam sa zidom.",ostalo,-1,1
sr-0879,,Preporuka za sve koji žele da izgube vreme i živce.,ostalo,-1,1
sr-0880,,"Odličan restoran, konobar je uspeo da zaboravi pola porudžbine.",ostalo,-1,1
sr-0881,,"Sjajno mesto za kupovinu, cene su pristupačne samo ako imate neograničen budžet.",ostalo,-1,1
sr-0882,,"Baš sam srećan zbog kupovine, sada imam još jedan uređaj koji ne koristim.",ostalo,-1,1
sr-0883,,"Neverovatna aplikacija, uspeva da se sruši svaki put kada je otvorim.",ostalo,-1,1
sr-0884,,"Fenomenalna organizacija događaja, niko nije znao gde treba da ide.",ostalo,-1,1
sr-0885,,"Hotel za svaku preporuku, pogotovo ako volite buku do jutra.",ostalo,-1,1
sr-0886,,"Odlična usluga, ljubazni su bili sve dok nisam postavio pitanje.",ostalo,-1,1
sr-0887,,"Prezadovoljan sam, čekanje od tri sata je bilo baš ono što sam želeo.",ostalo,-1,1
sr-0888,,"Savršenstvo od proizvoda, baterija traje skoro ceo dan kada ga ne koristim.",ostalo,-1,1
sr-0889,,"Sve preporuke za ovaj servis, posebno ako želite da plaćate za ništa.",ostalo,-1,1
sr-0890,,"Jedno od najboljih iskustava, ako zanemarimo sve probleme koje sam imao.",ostalo,-1,1
sr-0891,,"Odlična kupovina, baš sam želeo proizvod koji će me izneveriti već prvog dana.",ostalo,-1,1
sr-0892,,"Fenomenalna usluga, osećaj kao da se niko ne trudi je stvarno jedinstven.",ostalo,-1,1
sr-0893,,"Sve pohvale za aplikaciju, posebno za neverovatnu sposobnost da izgubi podatke.",ostalo,-1,1
sr-0894,,"Prelepo iskustvo, baš volim kada platim nešto što ne mogu da koristim.",ostalo,-1,1
sr-0895,,Savršen proizvod za one koji vole da popravljaju stvari odmah nakon kupovine.,ostalo,-1,1
sr-0896,,"Restoran za svaku preporuku, dugo nisam čekao toliko dugo na običnu porudžbinu.",ostalo,-1,1
sr-0897,,"Kvalitet na najvišem nivou, ambalaža je bila bolja od samog proizvoda.",ostalo,-1,1
sr-0898,,"Brza i efikasna podrška, odgovorili su mi posle samo nekoliko dana.",ostalo,-1,1
sr-0899,,"Odličan servis, problem je ostao isti ali su ga lepo objasnili.",ostalo,-1,1
sr-0900,,"Neverovatno profesionalan tim, niko nije znao šta se zapravo dešava.",ostalo,-1,1
sr-0901,,"Sjajna kupovina, nisam znao da nešto novo može da izgleda već pokvareno.",ostalo,-1,1
sr-0902,,Preporuka svima koji žele da iskuse kako izgleda loša organizacija.,ostalo,-1,1
sr-0903,,"Hotel je odličan, naročito ako vam odgovara da spavate uz zvuke renoviranja.",ostalo,-1,1
sr-0904,,"Hrana je bila vrhunska, posebno deo kada sam čekao sat vremena da stigne.",ostalo,-1,1
sr-0905,,"Apsolutno najbolja usluga, nikada nisam video da neko može toliko da zakomplikuje jednostavnu stvar.",ostalo,-1,1
sr-0906,,"Oduševljen sam brzinom odgovora, skoro sam zaboravio da sam poslao pitanje.",ostalo,-1,1
sr-0907,,"Fenomenalan kvalitet, proizvod izgleda kao da je već prošao deset godina korišćenja.",ostalo,-1,1
sr-0908,,"Odlična lokacija, samo ako vam ne smeta buka, gužva i nedostatak parkinga.",ostalo,-1,1
sr-0909,,"Savršeno mesto za odmor, ako pod odmorom podrazumevate dodatni stres.",ostalo,-1,1
sr-0910,,"Aplikacija radi savršeno, osim kada pokušate da uradite bilo šta korisno.",ostalo,-1,1
sr-0911,,"Baš sam zadovoljan kupovinom, konačno imam razlog da kupim novi uređaj.",ostalo,-1,1
sr-0912,,"Izuzetna usluga, retko ko uspe da ignoriše korisnika ovako efikasno.",ostalo,-1,1
sr-0913,,"Odličan kurs, naučio sam mnogo o tome koliko vremena može da se izgubi.",ostalo,-1,1
sr-0914,,"Profesionalnost na delu, svaki odgovor je bio potpuno beskoristan.",ostalo,-1,1
sr-0915,,"Sjajno iskustvo, jedva čekam da ponovim isto razočaranje.",ostalo,-1,1
sr-0916,,"Proizvod je vrhunski, pogotovo ako vam ne treba ono za šta je namenjen.",ostalo,-1,1
sr-0917,,"Najbolja kupovina ove godine, sada znam šta više nikada neću kupiti.",ostalo,-1,1
sr-0918,,"Odličan odnos prema mušterijama, osećaš se potpuno nebitno.",ostalo,-1,1
sr-0919,,"Brza dostava kao iz reklame, samo što reklama nije rekla koje godine stiže.",ostalo,-1,1
sr-0920,,"Prezadovoljan sam, dugo nisam imao ovako loše iskustvo.",ostalo,-1,1
sr-0951,,Baš sam srećan što sam morao tri puta da plaćam istu stvar.,ostalo,-1,1
sr-0952,,"Au kakva tehnologija, uspe da me izbaci iz aplikacije svaki put kad kliknem nešto.",ostalo,-1,1
sr-0953,,Ovo je stvarno nivo usluge koji nisam znao da postoji.,ostalo,-1,1
sr-0954,,"Hvala puno, upravo sam potrošio sat vremena ni na šta.",ostalo,-1,1
sr-0955,,Lepo su se setili da poprave problem tek kad je svima dosadio.,ostalo,-1,1
sr-0956,,Baš uživam dok čekam odgovor već treći dan.,ostalo,-1,1
sr-0957,,Konačno nešto što radi gore nego prethodna verzija.,ostalo,-1,1
sr-0958,,Ovo mora da je neki novi standard kvaliteta.,ostalo,-1,1
sr-0959,,"Samo tako nastavite, baš me zanima koliko još može gore.",ostalo,-1,1
sr-0960,,Nisam verovao da jedna obična kupovina može da bude ovolika avantura.,ostalo,-1,1
sr-0961,,"Sve je urađeno savršeno, ako je cilj bio da niko ne zna šta se dešava.",ostalo,-1,1
sr-0962,,Baš sam imao sreće da naletim baš na ovu uslugu.,ostalo,-1,1
sr-0963,,"Ovo je definitivno iskustvo koje neću zaboraviti, nažalost.",ostalo,-1,1
sr-0964,,Drago mi je što postoji opcija da se nerviram i online.,ostalo,-1,1
sr-0965,,"Stvarno inovativno, nikad nisam video ovakav način da se zakomplikuje posao.",ostalo,-1,1
sr-0966,,"Odlično zamišljeno, samo što u praksi nema veze sa životom.",ostalo,-1,1
sr-0967,,"Baš korisna funkcija, naročito ako voliš da klikćeš bez rezultata.",ostalo,-1,1
sr-0944,,"Odličan kvalitet, plastika se raspala čim sam ga izvadio iz kutije.",ostalo,-1,1
sr-0945,,"Super stvar, naročito ako volite da restartujete uređaj svaki dan.",ostalo,-1,1
sr-0946,,"Baš sam oduševljen, tačno ono razočaranje koje sam očekivao.",ostalo,-1,1
sr-0947,,"Au kakva usluga, nisam znao da može ovako sporo.",ostalo,-1,1
sr-0948,,"Sve preporuke, posebno za one koji imaju višak strpljenja.",ostalo,-1,1
sr-0949,,"Fenomenalno iskustvo, jedva čekam da ga zaboravim.",ostalo,-1,1
sr-0950,,"Bravo ljudi, uspeli ste da napravite problem tamo gde ga nije bilo.",ostalo,-1,1
sr-0951,,Baš sam srećan što sam morao tri puta da plaćam istu stvar.,ostalo,-1,1
sr-0952,,"Au kakva tehnologija, uspe da me izbaci iz aplikacije svaki put kad kliknem nešto.",ostalo,-1,1
sr-0953,,Ovo je stvarno nivo usluge koji nisam znao da postoji.,ostalo,-1,1
sr-0954,,"Hvala puno, upravo sam potrošio sat vremena ni na šta.",ostalo,-1,1
sr-0955,,Lepo su se setili da poprave problem tek kad je svima dosadio.,ostalo,-1,1
sr-0956,,Baš uživam dok čekam odgovor već treći dan.,ostalo,-1,1
sr-0957,,Konačno nešto što radi gore nego prethodna verzija.,ostalo,-1,1
sr-0958,,Ovo mora da je neki novi standard kvaliteta.,ostalo,-1,1
sr-0959,,"Samo tako nastavite, baš me zanima koliko još može gore.",ostalo,-1,1
sr-0960,,Nisam verovao da jedna obična kupovina može da bude ovolika avantura.,ostalo,-1,1
sr-0961,,"Sve je urađeno savršeno, ako je cilj bio da niko ne zna šta se dešava.",ostalo,-1,1
sr-0962,,Baš sam imao sreće da naletim baš na ovu uslugu.,ostalo,-1,1
sr-0963,,"Ovo je definitivno iskustvo koje neću zaboraviti, nažalost.",ostalo,-1,1
sr-0964,,Drago mi je što postoji opcija da se nerviram i online.,ostalo,-1,1
sr-0965,,"Stvarno inovativno, nikad nisam video ovakav način da se zakomplikuje posao.",ostalo,-1,1
sr-0966,,"Odlično zamišljeno, samo što u praksi nema veze sa životom.",ostalo,-1,1
sr-0967,,"Baš korisna funkcija, naročito ako voliš da klikćeš bez rezultata.",ostalo,-1,1
sr-0968,,"Ne znam ko je ovo testirao, ali očigledno nije koristio proizvod.",ostalo,-1,1
sr-0969,,"Sjajno iskustvo, osećao sam se kao da rešavam zagonetku.",ostalo,-1,1
sr-0970,,Ovo je baš ono malo razočaranje od nekoliko sati čekanja.,ostalo,-1,1
sr-0971,,"Super ideja, šteta što je realizacija potpuno druga priča.",ostalo,-1,1
sr-0972,,"Baš jednostavno, samo ti treba pola dana da shvatiš kako radi.",ostalo,-1,1
sr-0973,,Prava mala revolucija u pravljenju nepotrebnih komplikacija.,ostalo,-1,1
sr-0974,,Savršeno mesto ako želite da vas niko ne usluži.,ostalo,-1,1
sr-0975,,Oduševljen sam koliko kreativnih načina postoji da nešto ne funkcioniše.,ostalo,-1,1
sr-0976,,"Baš lepo iznenađenje, naravno ne u dobrom smislu.",ostalo,-1,1
sr-0977,,"Kakav napredak, sada problem traje još duže nego ranije.",ostalo,-1,1
sr-0978,,"Stvarno hvala, upravo ste mi pokazali kako izgleda gubljenje vremena.",ostalo,-1,1
sr-0979,,Fenomenalno iskustvo za ljubitelje čekanja i nerviranja.,ostalo,-1,1
sr-0980,,Najjači deo je što niko ne zna čiji je ovo uopšte posao.,ostalo,-1,1
sr-0981,,"Baš sam se nadao da će bar jednom sve proći normalno, ali dobro.",ostalo,-1,1
sr-0982,,"Svaka čast, trebalo je imati posebnu veštinu da se ovo napravi ovako komplikovano.",ostalo,-1,1
sr-0983,,"Prijatno iznenađenje, nisam očekivao da može toliko brzo da me razočara.",ostalo,-1,1
sr-0984,,Lepo je videti da neko i dalje ulaže trud u pravljenje novih problema.,ostalo,-1,1
sr-0985,,Baš zanimljiv način da se korisniku pokaže koliko nije bitan.,ostalo,-1,1
sr-0986,,"Ovo je stvarno za pohvalu, retko ko uspe ovako da omaši.",ostalo,-1,1
sr-0987,,"Konačno nešto drugačije, obično čekam samo sat vremena, sad mogu duže.",ostalo,-1,1
sr-0988,,"Nemam reči koliko je dobro, zato ih neću ni trošiti.",ostalo,-1,1
sr-0989,,"Lepo su ovo osmislili, samo su zaboravili da treba i da radi.",ostalo,-1,1
sr-0990,,"Baš mi je drago što sam ovo isprobao, sada znam šta da izbegavam.",ostalo,-1,1
sr-0991,,"Odličan potez, sigurno će korisnici biti oduševljeni ovim problemom.",ostalo,-1,1
sr-0992,,Ovo je baš ono što svakom čoveku treba posle napornog dana.,ostalo,-1,1
sr-0993,,"Fenomenalno iskustvo, pogotovo ako vam je cilj da izgubite živce.",ostalo,-1,1
sr-0994,,"Samo napred, ovim tempom ćete uskoro pokvariti i ono što još radi.",ostalo,-1,1
sr-0995,,Baš korektno od njih što su uspeli da naprave još jednu prepreku.,ostalo,-1,1
sr-0996,,Ovakva pažnja prema detaljima se stvarno retko viđa.,ostalo,-1,1
sr-0997,,Nisam znao da obična registracija može da bude ovakav test strpljenja.,ostalo,-1,1
sr-0998,,"Svaka im čast, uspeli su da me ubede da odustanem.",ostalo,-1,1
sr-0999,,Pravi primer kako nešto jednostavno može da postane potpuno besmisleno.,ostalo,-1,1
sr-1000,,"Baš kvalitetno urađeno, čak i greške izgledaju organizovano.",ostalo,-1,1
sr-1001,,Odlično iskustvo za sve koji vole neprijatna iznenađenja.,ostalo,-1,1
sr-1002,,Ovo je stvarno nivo profesionalnosti koji se pamti.,ostalo,-1,1
sr-1003,,"Super što su uveli novu funkciju, stara je bar nekad radila.",ostalo,-1,1
sr-1004,,"Baš efikasno rešavanje problema, samo su ga prebacili na sledeću nedelju.",ostalo,-1,1
sr-1005,,Divan primer kako se može izgubiti mušterija u jednom potezu.,ostalo,-1,1
sr-1006,,Moram priznati da me je iznenadilo koliko loše može da bude.,ostalo,-1,1
sr-1007,,Baš sam impresioniran količinom truda uloženog u ovu grešku.,ostalo,-1,1
sr-1008,,"Odlična ideja, skoro kao da je neko namerno hteo da zakomplikuje.",ostalo,-1,1
sr-1009,,Prava stvar za one koji imaju previše slobodnog vremena i živaca.,ostalo,-1,1
sr-1010,,"Sve pohvale, dugo nisam video nešto što ovako uspešno ne funkcioniše.",ostalo,-1,1
sr-1011,,"Odličan proizvod, kvalitet je mnogo bolji nego što sam očekivao.",ostalo,1,0
sr-1012,,"Veoma sam zadovoljan kupovinom, sve funkcioniše bez problema.",ostalo,1,0
sr-1013,,Usluga je bila brza i zaposleni su bili ljubazni.,ostalo,1,0
sr-1014,,Aplikacija radi odlično i veoma je jednostavna za korišćenje.,ostalo,1,0
sr-1015,,"Preporučujem ovaj proizvod, ispunio je sva moja očekivanja.",ostalo,1,0
sr-1016,,"Hrana je bila ukusna, a osoblje prijatno.",ostalo,1,0
sr-1017,,"Veoma kvalitetna izrada, vidi se da su korišćeni dobri materijali.",ostalo,1,0
sr-1018,,Zadovoljan sam uslugom i sigurno ću ponovo koristiti ovu firmu.,ostalo,1,0
sr-1019,,"Kupovina je prošla bez ikakvih problema, sve pohvale.",ostalo,1,0
sr-1020,,"Odlična saradnja, komunikacija je bila jasna i profesionalna.",ostalo,1,0
sr-1021,,Proizvod izgleda lepo i radi upravo ono što je navedeno u opisu.,ostalo,1,0
sr-1022,,"Veoma prijatno iskustvo, osoblje je bilo od velike pomoći.",ostalo,1,0
sr-1023,,"Film mi se dopao, priča je zanimljiva i gluma odlična.",ostalo,1,0
sr-1024,,"Hotel je čist, udoban i lokacija je odlična.",ostalo,1,0
sr-1025,,Brza dostava i proizvod je stigao neoštećen.,ostalo,1,0
sr-1026,,"Proizvod nije ispunio moja očekivanja, kvalitet je slabiji nego što sam očekivao.",ostalo,-1,0
sr-1027,,"Veoma loše iskustvo, dugo sam čekao odgovor podrške.",ostalo,-1,0
sr-1028,,Aplikacija često baguje i teško se koristi.,ostalo,-1,0
sr-1029,,"Nisam zadovoljan kupovinom, proizvod se brzo pokvario.",ostalo,-1,0
sr-1030,,Usluga je bila spora i zaposleni nisu bili od pomoći.,ostalo,-1,0
sr-1031,,Hrana nije bila ukusna i vreme čekanja je bilo predugo.,ostalo,-1,0
sr-1032,,"Razočaran sam kvalitetom, očekivao sam mnogo više.",ostalo,-1,0
sr-1033,,Proizvod izgleda jeftino i ne vredi uloženog novca.,ostalo,-1,0
sr-1034,,Imao sam problem sa porudžbinom i niko nije pokušao da ga reši.,ostalo,-1,0
sr-1035,,Film je bio dosadan i radnja je bila predvidiva.,ostalo,-1,0
sr-1036,,Soba nije bila čista i usluga nije odgovarala ceni.,ostalo,-1,0
sr-1037,,Dostava je kasnila nekoliko dana i paket je stigao oštećen.,ostalo,-1,0
sr-1038,,Nisam dobio ono što je bilo navedeno u opisu proizvoda.,ostalo,-1,0
sr-1039,,Komunikacija sa podrškom je bila veoma loša.,ostalo,-1,0
sr-1040,,"Prosečan proizvod, ništa posebno ali nije ni loš.",ostalo,0,0
sr-1041,,Aplikacija ima osnovne funkcije i radi ono što treba.,ostalo,0,0
sr-1042,,"Proizvod je stigao na vreme, ali još nisam imao priliku da ga koristim.",ostalo,0,0
sr-1043,,"Iskustvo je bilo u redu, bez nekih većih problema.",ostalo,0,0
sr-1044,,Cena je prihvatljiva u odnosu na ono što se nudi.,ostalo,0,0
sr-1045,,"Informacije na sajtu su jasne, ali nema mnogo dodatnih detalja.",ostalo,0,0
sr-1046,,Koristim ovu aplikaciju nekoliko meseci i funkcioniše normalno.,ostalo,0,0
sr-1047,,"Proizvod odgovara opisu, ali postoje i bolje opcije.",ostalo,0,0
sr-1048,,"Usluga je bila korektna, ništa posebno.",ostalo,0,0
sr-1049,,"Nisam imao problema, ali ne mogu da kažem da me je posebno oduševilo.",ostalo,0,0
sr-1050,,"Prosečno iskustvo, ispunilo je osnovna očekivanja.",ostalo,0,0
sr-1101,,"Baš odlično, još jedan servis gde moraš sam da rešavaš njihov posao.",ostalo,-1,1
sr-1102,,"Proizvod je sasvim solidan, koristi se bez problema.",ostalo,0,0
sr-1103,,Oduševljen sam koliko brzo su uspeli da zakomplikuju jednostavan proces.,ostalo,-1,1
sr-1104,,"Veoma dobra kupovina, kvalitet je iznad očekivanja.",ostalo,1,0
sr-1105,,"Divno iskustvo, posebno kada volite da čekate bez ikakvog objašnjenja.",ostalo,-1,1
sr-1106,,"Restoran je prijatan, hrana ukusna i usluga korektna.",ostalo,1,0
sr-1107,,"Ma genijalno, baš sam tražio aplikaciju koja će me svaki put izbaciti.",ostalo,-1,1
sr-1108,,"Nije savršeno, ali za ovu cenu sasvim zadovoljava.",ostalo,0,0
sr-1109,,"Sjajan sistem, uspeo je da napravi problem tamo gde ga nije bilo.",ostalo,-1,1
sr-1110,,Osoblje je bilo ljubazno i profesionalno.,ostalo,1,0
sr-1111,,"Kakva inovacija, nikad nisam video da nešto ovako jednostavno može biti ovako teško.",ostalo,-1,1
sr-1112,,Proizvod izgleda lepo i funkcioniše kako treba.,ostalo,1,0
sr-1113,,"Baš hvala, trebalo mi je još jedno nerviranje danas.",ostalo,-1,1
sr-1114,,"Iskustvo je bilo prosečno, ništa posebno.",ostalo,0,0
sr-1115,,"Odličan način da se potroši vreme, novac i strpljenje.",ostalo,-1,1
sr-1116,,Veoma sam zadovoljan uslugom i sigurno ću ponovo doći.,ostalo,1,0
sr-1117,,"Stvarno impresivno, čak su i greške urađene sa velikom pažnjom.",ostalo,-1,1
sr-1118,,"Kvalitet odgovara ceni, nema većih problema.",ostalo,0,0
sr-1119,,"Prelepo, baš sam čekao još jednu lošu odluku u aplikaciji.",ostalo,-1,1
sr-1120,,Dostava je bila brza i paket je stigao neoštećen.,ostalo,1,0
sr-1121,,"Baš profesionalno, tri osobe su mi dale tri različita odgovora.",ostalo,-1,1
sr-1122,,"Proizvod je dobar, ali bi cena mogla biti malo niža.",ostalo,0,0
sr-1123,,"Fenomenalno rešeno, sada problem više niko ne može da pronađe.",ostalo,-1,1
sr-1124,,Veoma prijatno iskustvo od početka do kraja.,ostalo,1,0
sr-1125,,"Super posao, samo još da korisnici mogu normalno da ga koriste.",ostalo,-1,1
sr-1126,,Aplikacija ima sve osnovne opcije koje su mi potrebne.,ostalo,0,0
sr-1127,,"Baš sjajno, upravo sam dobio odgovor na pitanje koje sam poslao prošlog meseca.",ostalo,-1,1
sr-1128,,"Odličan proizvod, preporučio bih ga drugima.",ostalo,1,0
sr-1129,,"Ovo je stvarno vrhunac organizacije, niko ništa ne zna.",ostalo,-1,1
sr-1130,,"Nije loše, radi posao za koji je namenjeno.",ostalo,0,0
sr-1131,,"Neverovatno dobro, uspešno su sakrili sve važne informacije.",ostalo,-1,1
sr-1132,,Usluga je bila iznad mojih očekivanja.,ostalo,1,0
sr-1133,,"Baš korisno, pogotovo ako imate vremena za beskonačno klikanje.",ostalo,-1,1
sr-1134,,"Proizvod je stigao, ali nisam još testirao sve funkcije.",ostalo,0,0
sr-1135,,"Svaka čast, ovako nešto se retko viđa čak i kada se trudite.",ostalo,-1,1
sr-1136,,Kvalitet izrade je odličan i materijali deluju izdržljivo.,ostalo,1,0
sr-1137,,Preporuka svima koji žele da iskuse kako izgleda loša podrška.,ostalo,-1,1
sr-1138,,Cena je pristupačna i proizvod odgovara mojim potrebama.,ostalo,1,0
sr-1139,,"Ma savršeno, taman kada sam mislio da stvari ne mogu gore.",ostalo,-1,1
sr-1140,,"Iskustvo je bilo standardno, bez posebnih utisaka.",ostalo,0,0
sr-1141,,"Odličan potez, stvarno su uspeli da odbiju sve korisnike.",ostalo,-1,1
sr-1142,,Sajt je pregledan i lako se pronalaze informacije.,ostalo,1,0
sr-1143,,Baš lepo što su napravili funkciju koja ne radi ni u jednoj situaciji.,ostalo,-1,1
sr-1144,,"Proizvod nije loš, ali postoje bolje alternative.",ostalo,0,0
sr-1145,,"Ovo je neverovatno dostignuće, uspeli su da pokvare i ono što je bilo dobro.",ostalo,-1,1
sr-1146,,Veoma dobra komunikacija i brzo rešavanje problema.,ostalo,1,0
sr-1147,,"Kakav kvalitet, plastika izgleda kao da je pozajmljena od igračke.",ostalo,-1,1
sr-1148,,"Iskustvo je bilo prihvatljivo, dobio sam ono što sam očekivao.",ostalo,0,0
sr-1149,,"Baš sam impresioniran, ovakav nivo neorganizacije nije lako postići.",ostalo,-1,1
sr-1150,,Zadovoljan sam kupovinom i koristim proizvod svakodnevno.,ostalo,1,0
sr-1151,,"Baš radi savršeno, kad ne radi.",ostalo,-1,1
sr-1152,,"Fenomenalno, opet je puklo.",ostalo,-1,1
sr-1153,,"Bravo, ovo je baš trebalo.",ostalo,-1,1
sr-1154,,"Odlično, još jedan problem.",ostalo,-1,1
sr-1155,,"Prelepo, baš sam se obradovao.",ostalo,-1,1
sr-1156,,"Sjajno, ništa ne funkcioniše.",ostalo,-1,1
sr-1157,,"Vrhunski, nema šta.",ostalo,-1,1
sr-1158,,"Divno, baš korisno.",ostalo,-1,1
sr-1159,,"Savršeno, kao i uvek.",ostalo,-1,1
sr-1160,,"Ma ekstra, baš sam oduševljen.",ostalo,-1,1
sr-1161,,"Odličan potez, stvarno.",ostalo,-1,1
sr-1162,,Baš profesionalno odrađeno.,ostalo,-1,1
sr-1163,,"Genijalno, ko se ovoga setio?",ostalo,-1,1
sr-1164,,"Kakav napredak, svaka čast.",ostalo,-1,1
sr-1165,,"Top stvar, nema greške.",ostalo,-1,1
sr-1166,,"Hvala, baš mi je trebalo.",ostalo,-1,1
sr-1167,,"Super, sad je još gore.",ostalo,-1,1
sr-1168,,"Bravo majstori, uspeli ste.",ostalo,-1,1
sr-1169,,"Fenomenalna usluga, čekanje sat vremena.",ostalo,-1,1
sr-1170,,"Odlična aplikacija, stalno pada.",ostalo,-1,1
sr-1171,,"Savršen proizvod, pokvario se odmah.",ostalo,-1,1
sr-1172,,"Predivno iskustvo, nema šta.",ostalo,-1,1
sr-1173,,Baš ste se potrudili da ne radi.,ostalo,-1,1
sr-1174,,"Kvalitet za primer, negativan primer.",ostalo,-1,1
sr-1175,,"Sve pohvale, ali ne za ovo.",ostalo,-1,1
sr-1176,,"Sjajna ideja, loša realizacija.",ostalo,-1,1
sr-1177,,"Brutalno dobro, ako voliš probleme.",ostalo,-1,1
sr-1178,,"Lepo, još jedna greška.",ostalo,-1,1
sr-1179,,"Ma fantastično, stvarno.",ostalo,-1,1
sr-1180,,"Odlično iskustvo, za izbegavanje.",ostalo,-1,1
sr-1181,,"Baš jednostavno, ako znaš nemoguće.",ostalo,-1,1
sr-1182,,"Neverovatno, opet isto.",ostalo,-1,1
sr-1183,,"Svaka čast, uspeli ste.",ostalo,-1,1
sr-1184,,"Perfektno, baš kao što nije.",ostalo,-1,1
sr-1185,,"Divan sistem, pun rupa.",ostalo,-1,1
sr-1186,,"Odlična podrška, nema odgovora.",ostalo,-1,1
sr-1187,,"Preporuka, ako imate živaca.",ostalo,-1,1
sr-1188,,"Baš korisno, nikome ne treba.",ostalo,-1,1
sr-1189,,"Sjajno rešeno, nije rešeno.",ostalo,-1,1
sr-1190,,"Ma radi kao sat, pokvaren sat.",ostalo,-1,1
sr-1191,,"Vrh ponuda, preskupa.",ostalo,-1,1
sr-1192,,"Odličan kvalitet, kratko trajanje.",ostalo,-1,1
sr-1193,,"Fenomenalno, baš ste pomogli.",ostalo,-1,1
sr-1194,,"Lepo iznenađenje, nažalost.",ostalo,-1,1
sr-1195,,"Sve je super, osim svega.",ostalo,-1,1
sr-1196,,"Najbolje moguće rešenje, naravno.",ostalo,-1,1
sr-1197,,Baš sam srećan zbog ovoga.,ostalo,-1,1
sr-1198,,"Kakav uspeh, stvarno neverovatno.",ostalo,-1,1
sr-1199,,"Bravo, još ste pogoršali.",ostalo,-1,1
sr-1200,,"Idealno, ako želite haos.",ostalo,-1,1
sr-1200,,Jaako lose,ostalo,-1,0
sr-1200,,Uopste nije dobro,ostalo,-1,0
sr-1200,,"Film je bio loš, radnja dosadna i kraj potpuno razočaravajući.",ostalo,-1,0
sr-1201,,Usluga je bila spora i nisam zadovoljan iskustvom.,ostalo,-1,0
sr-1202,,Proizvod je lošeg kvaliteta i ne vredi uloženog novca.,ostalo,-1,0
sr-1203,,Aplikacija često baguje i otežava osnovne funkcije.,ostalo,-1,0
sr-1204,,Hrana je bila hladna i ukus nije opravdao cenu.,ostalo,-1,0
sr-1205,,"Film mi se nije dopao, previše je spor i bez zanimljive priče.",ostalo,-1,0
sr-1206,,"Kupovina je bila razočaranje, proizvod ne odgovara opisu.",ostalo,-1,0
sr-1207,,Osoblje nije bilo ljubazno i čekanje je trajalo predugo.,ostalo,-1,0
sr-1208,,Sajt je nepregledan i teško je pronaći potrebne informacije.,ostalo,-1,0
sr-1209,,Kvalitet izrade je slab i očekivao sam mnogo više.,ostalo,-1,0
sr-1210,,Dostava je kasnila nekoliko dana i paket je stigao oštećen.,ostalo,-1,0
sr-1211,,"Iskustvo nije bilo prijatno, ne bih ponovio kupovinu.",ostalo,-1,0
sr-1212,,Aplikacija se stalno zatvara i veoma je frustrirajuća za korišćenje.,ostalo,-1,0
sr-1213,,Film je predvidiv i gluma nije na dobrom nivou.,ostalo,-1,0
sr-1214,,"Restoran nije ispunio očekivanja, hrana je bila prosečna.",ostalo,-1,0
sr-1215,,Podrška korisnicima nije pomogla da rešim problem.,ostalo,-1,0
sr-1216,,Proizvod izgleda jeftino i ne deluje kvalitetno.,ostalo,-1,0
sr-1217,,Usluga je bila razočaravajuća od početka do kraja.,ostalo,-1,0
sr-1218,,Interfejs je komplikovan i neprijatan za korišćenje.,ostalo,-1,0
sr-1219,,"Nisam zadovoljan kupovinom, očekivao sam bolji kvalitet.",ostalo,-1,0
sr-1220,,Film je predugačak i izgubio sam interesovanje posle pola sata.,ostalo,-1,0
sr-1221,,Aplikacija ima previše problema i često ne funkcioniše.,ostalo,-1,0
sr-1222,,Hrana je bila preskupa za ono što je ponuđeno.,ostalo,-1,0
sr-1223,,Proizvod nije ispunio ono što je obećano.,ostalo,-1,0
sr-1224,,Sistem je spor i svakodnevno pravi probleme.,ostalo,-1,0
sr-1225,,Korisnička podrška je bila neefikasna i spora.,ostalo,-1,0
sr-1226,,Naručeni proizvod nije stigao u očekivanom stanju.,ostalo,-1,0
sr-1227,,Film je bio nezanimljiv i teško sam ga odgledao do kraja.,ostalo,-1,0
sr-1228,,Kvalitet usluge je mnogo slabiji nego ranije.,ostalo,-1,0
sr-1229,,Ovo iskustvo nije vredelo vremena ni novca.,ostalo,-1,0
sr-1230,,"Baš lepo, opet su uspeli da naprave problem tamo gde ga nije bilo.",ostalo,-1,1
sr-1231,,"Fenomenalno, aplikacija je pala baš kada mi je bila potrebna.",ostalo,-1,1
sr-1232,,"Odlično urađeno, sada ništa ne funkcioniše kako treba.",ostalo,-1,1
sr-1233,,"Predivna usluga, posebno deo gde niko ne odgovara.",ostalo,-1,1
sr-1234,,"Svaka čast, retko ko može ovako lepo da zakomplikuje stvari.",ostalo,-1,1
sr-1235,,"Savršeno iskustvo, baš sam želeo da čekam sat vremena.",ostalo,-1,1
sr-1236,,"Briljantno rešenje, problem je sada još veći.",ostalo,-1,1
sr-1237,,Obožavam kada sistem odluči da prestane da radi.,ostalo,-1,1
sr-1238,,"Vrhunska organizacija, niko ne zna šta se dešava.",ostalo,-1,1
sr-1239,,"Sjajan potez, korisnici će sigurno biti oduševljeni.",ostalo,-1,1
sr-1240,,"Hvala puno, baš mi je nedostajao još jedan kvar.",ostalo,-1,1
sr-1241,,"Fenomenalan kvalitet, skoro kao da je napravljen da se pokvari.",ostalo,-1,1
sr-1242,,Odličan način da izgubim vreme i strpljenje.,ostalo,-1,1
sr-1243,,"Divno, konačno nešto što radi samo ponekad.",ostalo,-1,1
sr-1244,,"Genijalno, trebalo je mnogo truda da se napravi ovakav haos.",ostalo,-1,1
sr-1245,,"Prelepo iskustvo, naročito ako volite probleme.",ostalo,-1,1
sr-1246,,"Bravo, stvarno ste nadmašili očekivanja u pogrešnom smeru.",ostalo,-1,1
sr-1247,,"Savršena aplikacija, svaki klik donosi novo iznenađenje.",ostalo,-1,1
sr-1248,,"Odličan posao, sada je sve mnogo komplikovanije.",ostalo,-1,1
sr-1249,,"Baš profesionalno, tri osobe daju tri različita odgovora.",ostalo,-1,1
sr-1250,,"Neverovatno, uspeli ste da pokvarite nešto jednostavno.",ostalo,-1,1
sr-1251,,"Fantastično, još jedan servis koji ne radi kada treba.",ostalo,-1,1
sr-1252,,"Fenomenalna ideja, šteta što u praksi ne funkcioniše.",ostalo,-1,1
sr-1253,,"Sjajno, upravo ono što je svima trebalo da izbegnu.",ostalo,-1,1
sr-1254,,"Odličan sistem, posebno kada imate višak vremena za greške.",ostalo,-1,1
sr-1255,,"Predivno, još jedan razlog da izgubim živce.",ostalo,-1,1
sr-1256,,"Ma savršeno, čekao sam baš ovakav nivo problema.",ostalo,-1,1
sr-1257,,"Kakav uspeh, uspeli ste da razočarate sve korisnike.",ostalo,-1,1
sr-1258,,"Divno rešenje, sada imamo još više pitanja nego odgovora.",ostalo,-1,1
sr-1259,,"Sjajno iskustvo, ako volite da se nervirate.",ostalo,-1,1
sr-1260,,"Odlično, konačno proizvod koji ne radi kako je opisano.",ostalo,-1,1
sr-1261,,"Fantastično, plaćam uslugu koju jedva mogu da koristim.",ostalo,-1,1
sr-1262,,"Bravo, ovakav nivo neorganizacije nije lako postići.",ostalo,-1,1
sr-1263,,"Savršeno, baš sam želeo dodatne komplikacije.",ostalo,-1,1
sr-1264,,"Genijalno, svaki novi update napravi novi problem.",ostalo,-1,1
sr-1265,,"Prelepo, još jedan dan sa aplikacijom koja ne sarađuje.",ostalo,-1,1
sr-1266,,"Odličan rad, posebno deo gde ništa nije završeno.",ostalo,-1,1
sr-1267,,"Sjajno, čekanje od nekoliko sati je baš ono što sam želeo.",ostalo,-1,1
sr-1268,,"Fenomenalno, korisnička podrška je uspela da ne pomogne.",ostalo,-1,1
sr-1269,,"Divno, baš sam tražio način da dodatno zakomplikujem život.",ostalo,-1,1
sr-1270,,"Film je bio veliko razočaranje, priča je loša i kraj nema smisla.",ostalo,-1,0
sr-1271,,Knjiga je dosadna i nisam uspeo da je završim.,ostalo,-1,0
sr-1272,,Usluga nije bila na nivou koji sam očekivao.,ostalo,-1,0
sr-1273,,Aplikacija je nestabilna i često pravi greške.,ostalo,-1,0
sr-1274,,Proizvod deluje nekvalitetno i ne preporučujem ga.,ostalo,-1,0
sr-1275,,"Restoran me je razočarao, hrana nije bila ukusna.",ostalo,-1,0
sr-1276,,Dostava je trajala predugo i nisam zadovoljan.,ostalo,-1,0
sr-1277,,Sajt je spor i teško se koristi.,ostalo,-1,0
sr-1278,,"Kupovina nije bila dobra odluka, kvalitet je slab.",ostalo,-1,0
sr-1279,,Nisam zadovoljan performansama ovog proizvoda.,ostalo,-1,0
sr-1280,,Film nema zanimljivu radnju i deluje nedovršeno.,ostalo,-1,0
sr-1281,,Kamera na telefonu je lošija nego što sam očekivao.,ostalo,-1,0
sr-1282,,Podrška nije rešila moj problem ni posle više pokušaja.,ostalo,-1,0
sr-1283,,Interfejs je zbunjujuć i nepotrebno komplikovan.,ostalo,-1,0
sr-1284,,Aplikacija mi je više smetala nego što mi je pomogla.,ostalo,-1,0
sr-1285,,Proizvod nije vredan novca koji sam platio.,ostalo,-1,0
sr-1286,,Osoblje nije bilo zainteresovano da pomogne.,ostalo,-1,0
sr-1287,,Iskustvo je bilo neprijatno i ne bih ga ponovio.,ostalo,-1,0
sr-1288,,Kvalitet materijala je ispod očekivanja.,ostalo,-1,0
sr-1289,,Film je previše spor i nema dovoljno sadržaja.,ostalo,-1,0
sr-1290,,Aplikacija se stalno ruši bez razloga.,ostalo,-1,0
sr-1291,,Usluga je bila spora i neorganizovana.,ostalo,-1,0
sr-1292,,Nisam dobio ono što je reklamirano.,ostalo,-1,0
sr-1293,,Proizvod ima mnogo mana koje nisu navedene.,ostalo,-1,0
sr-1294,,Cena je previsoka za ovakav kvalitet.,ostalo,-1,0
sr-1295,,Film je gubljenje vremena.,ostalo,-1,0
sr-1296,,"Hrana je bila prosečna, ali cena previsoka.",ostalo,-1,0
sr-1297,,Sistem često prestaje da radi.,ostalo,-1,0
sr-1298,,Narudžbina je kasnila i komunikacija je bila loša.,ostalo,-1,0
sr-1299,,Nisam imao dobro iskustvo sa ovom uslugom.,ostalo,-1,0
sr-1300,,"Baš sjajno, još jedan servis koji ne zna šta radi.",ostalo,-1,1
sr-1301,,"Odlično, sada moram tri puta da ponavljam istu stvar.",ostalo,-1,1
sr-1302,,"Predivno, aplikacija me je ponovo izbacila.",ostalo,-1,1
sr-1303,,"Fenomenalno, baš sam uživao u čekanju.",ostalo,-1,1
sr-1304,,"Bravo, ovo je stvarno remek-delo loše organizacije.",ostalo,-1,1
sr-1305,,"Savršeno, ništa nije moglo da prođe gore.",ostalo,-1,1
sr-1306,,"Genijalno, rešili ste problem tako što ste napravili novi.",ostalo,-1,1
sr-1307,,"Kakav kvalitet, baš se vidi trud u pravljenju grešaka.",ostalo,-1,1
sr-1308,,"Odličan proizvod, posebno ako volite bacanje para.",ostalo,-1,1
sr-1309,,"Sjajno iskustvo, nerviranje nikad nije bilo lakše.",ostalo,-1,1
sr-1310,,"Hvala puno, baš mi je falio još jedan problem.",ostalo,-1,1
sr-1311,,"Divno, čekanje od dva sata je baš ono što sam želeo.",ostalo,-1,1
sr-1312,,"Fenomenalna podrška, niko nije uspeo da pomogne.",ostalo,-1,1
sr-1313,,"Prelepo, još jedan update koji je sve pokvario.",ostalo,-1,1
sr-1314,,"Vrhunski sistem, svaki put pronađe novi način da pogreši.",ostalo,-1,1
sr-1315,,"Odlično urađeno, jednostavne stvari su sada komplikovane.",ostalo,-1,1
sr-1316,,"Bravo, korisnici su sigurno presrećni ovim promenama.",ostalo,-1,1
sr-1317,,"Savršen servis, ako vam je cilj da izgubite živce.",ostalo,-1,1
sr-1318,,"Neverovatno, uspeli ste da napravite još veći haos.",ostalo,-1,1
sr-1319,,"Sjajno, baš mi je nedostajao ovakav problem.",ostalo,-1,1
sr-1320,,"Odlična odluka, stvarno niko nije očekivao nešto gore.",ostalo,-1,1
sr-1321,,"Ma predivno, sve radi osim onoga što treba.",ostalo,-1,1
sr-1322,,"Fantastično, konačno aplikacija koja me razočara svaki put.",ostalo,-1,1
sr-1323,,"Briljantno, trebalo je mnogo truda da ovo ovako ne radi.",ostalo,-1,1
sr-1324,,"Fenomenalno iskustvo, posebno deo sa čekanjem.",ostalo,-1,1
sr-1325,,"Odlično, sada je pronalaženje informacije prava avantura.",ostalo,-1,1
sr-1326,,"Baš profesionalno, svako ima drugačiji odgovor.",ostalo,-1,1
sr-1327,,"Savršeno, još samo da počne normalno da funkcioniše.",ostalo,-1,1
sr-1328,,"Divan sistem, napravljen da oteža najjednostavnije stvari.",ostalo,-1,1
sr-1329,,"Sjajno, baš sam tražio dodatne probleme.",ostalo,-1,1
sr-1330,,"Kakav napredak, sada imamo još više grešaka.",ostalo,-1,1
sr-1331,,"Odlično, proizvod je uspeo da me iznenadi koliko je loš.",ostalo,-1,1
sr-1332,,"Fenomenalno, plaćam nešto što jedva mogu da koristim.",ostalo,-1,1
sr-1333,,"Prelepo iskustvo, ako uživate u komplikacijama.",ostalo,-1,1
sr-1334,,"Bravo, ovo je novi nivo neefikasnosti.",ostalo,-1,1
sr-1335,,"Savršena organizacija, niko ne zna šta se dešava.",ostalo,-1,1
sr-1336,,"Sjajno rešenje, sada imamo više pitanja nego odgovora.",ostalo,-1,1
sr-1337,,"Genijalno, uspeli ste da pokvarite i ono što je radilo.",ostalo,-1,1
sr-1338,,"Odličan potez, korisnici će ga dugo pamtiti.",ostalo,-1,1
sr-1339,,"Divno, konačno nešto što ne radi kada treba.",ostalo,-1,1
sr-1340,,"Fenomenalno, baš sam želeo još jedno razočaranje.",ostalo,-1,1
sr-1341,,"Vrhunska usluga, naročito ako volite ignorisanje.",ostalo,-1,1
sr-1342,,"Predivno, baš ste uspeli da zakomplikujete sve.",ostalo,-1,1
sr-1343,,"Briljantno, jednostavno rešenje za stvaranje problema.",ostalo,-1,1
sr-1344,,"Odlično, sada znam šta više nikada neću koristiti.",ostalo,-1,1
sr-1345,,"Ma savršeno, bolje stvarno nije moglo da se pokvari.",ostalo,-1,1
sr-1346,,"Kakav uspeh, uspeli ste da odbijete sve korisnike.",ostalo,-1,1
sr-1347,,"Sjajno, još jedan dokaz da može i gore.",ostalo,-1,1
sr-1348,,"Fantastično, baš sam očekivao ovakav haos.",ostalo,-1,1
sr-1349,,"Bravo, ovakav nivo problema je za pohvalu.",ostalo,-1,1
sr-1350,,"Film je bio razočaravajuć, radnja je slaba i gluma nije ubedljiva.",ostalo,-1,0
sr-1351,,"Nisam zadovoljan kvalitetom proizvoda, očekivao sam mnogo više.",ostalo,-1,0
sr-1352,,Aplikacija je spora i često ne reaguje na komande.,ostalo,-1,0
sr-1353,,Usluga je bila loša i dugo sam čekao odgovor.,ostalo,-1,0
sr-1354,,Proizvod se pokvario nakon nekoliko dana korišćenja.,ostalo,-1,0
sr-1355,,"Restoran nije ispunio očekivanja, hrana je bila bez ukusa.",ostalo,-1,0
sr-1356,,Dostava je kasnila i paket nije stigao u dobrom stanju.,ostalo,-1,0
sr-1357,,Film je bio previše dug i imao je mnogo nepotrebnih scena.,ostalo,-1,0
sr-1358,,Korisnička podrška nije rešila moj problem.,ostalo,-1,0
sr-1359,,Sajt je nepregledan i teško se snalazi u njemu.,ostalo,-1,0
sr-1360,,Kvalitet slike je loš i ne odgovara opisu.,ostalo,-1,0
sr-1361,,Naručeni proizvod nije isti kao na fotografijama.,ostalo,-1,0
sr-1362,,Aplikacija ima previše grešaka i nije stabilna.,ostalo,-1,0
sr-1363,,Usluga je prespora i komunikacija je loša.,ostalo,-1,0
sr-1364,,Film mi je bio dosadan od samog početka.,ostalo,-1,0
sr-1365,,Proizvod izgleda jeftino i nije izdržljiv.,ostalo,-1,0
sr-1366,,Nisam dobio pomoć kada mi je bila potrebna.,ostalo,-1,0
sr-1367,,Cena nije opravdana kvalitetom proizvoda.,ostalo,-1,0
sr-1368,,Hrana je bila hladna kada je stigla.,ostalo,-1,0
sr-1369,,Iskustvo kupovine nije bilo prijatno.,ostalo,-1,0
sr-1370,,Telefon ima slabiju bateriju nego što je navedeno.,ostalo,-1,0
sr-1371,,Program često baguje i prekida rad.,ostalo,-1,0
sr-1372,,Interfejs je komplikovan i nije jednostavan za korišćenje.,ostalo,-1,0
sr-1373,,Film nije opravdao očekivanja nakon pozitivnih preporuka.,ostalo,-1,0
sr-1374,,Knjiga je bila nezanimljiva i teško sam je čitao.,ostalo,-1,0
sr-1375,,Usluga nije profesionalna i postoji mnogo propusta.,ostalo,-1,0
sr-1376,,Proizvod ima lošu završnu obradu.,ostalo,-1,0
sr-1377,,Aplikacija zauzima mnogo prostora i sporo radi.,ostalo,-1,0
sr-1378,,Dostava je trajala duže nego što je obećano.,ostalo,-1,0
sr-1379,,Osoblje nije bilo ljubazno prema gostima.,ostalo,-1,0
sr-1380,,Film nema dobar scenario i likovi nisu razvijeni.,ostalo,-1,0
sr-1381,,Nisam zadovoljan kupovinom i ne bih preporučio ovaj proizvod.,ostalo,-1,0
sr-1382,,Sistem je nepouzdan i često dolazi do grešaka.,ostalo,-1,0
sr-1383,,Kvalitet usluge se značajno pogoršao.,ostalo,-1,0
sr-1384,,Proizvod ne radi kako je opisano u specifikaciji.,ostalo,-1,0
sr-1385,,Aplikacija nema dovoljno korisnih funkcija.,ostalo,-1,0
sr-1386,,Film je bio slab i nije me zainteresovao.,ostalo,-1,0
sr-1387,,Hrana nije bila sveža i kvalitet nije bio dobar.,ostalo,-1,0
sr-1388,,Podrška je odgovorila kasno i nije rešila problem.,ostalo,-1,0
sr-1389,,Proizvod je stigao oštećen.,ostalo,-1,0
sr-1390,,Sajt često ne učitava stranice.,ostalo,-1,0
sr-1391,,Iskustvo nije vredelo uloženog vremena.,ostalo,-1,0
sr-1392,,Film ima loš tempo i previše praznog hoda.,ostalo,-1,0
sr-1393,,Aplikacija je nepraktična za svakodnevnu upotrebu.,ostalo,-1,0
sr-1394,,Cena je previsoka u odnosu na kvalitet.,ostalo,-1,0
sr-1395,,Usluga nije odgovarala onome što je reklamirano.,ostalo,-1,0
sr-1396,,Proizvod je slabiji nego što sam očekivao.,ostalo,-1,0
sr-1397,,Komunikacija sa podrškom je bila veoma loša.,ostalo,-1,0
sr-1398,,Restoran ima spor servis i prosečnu hranu.,ostalo,-1,0
sr-1399,,Film nije uspeo da zadrži pažnju gledalaca.,ostalo,-1,0
sr-1400,,Nisam preporučio ovaj proizvod prijateljima.,ostalo,-1,0
sr-1401,,Aplikacija se često zamrzava tokom korišćenja.,ostalo,-1,0
sr-1402,,Usluga je bila ispod očekivanog nivoa.,ostalo,-1,0
sr-1403,,Proizvod ima više nedostataka nego prednosti.,ostalo,-1,0
sr-1404,,Film je slabije kvalitete nego prethodni delovi.,ostalo,-1,0
sr-1405,,Dostava je bila neorganizovana i spora.,ostalo,-1,0
sr-1406,,Nisam zadovoljan radom ovog uređaja.,ostalo,-1,0
sr-1407,,Sistem nije dovoljno brz za normalan rad.,ostalo,-1,0
sr-1408,,Korisnička podrška nije bila od pomoći.,ostalo,-1,0
sr-1409,,Proizvod nije ispunio ono što sam očekivao.,ostalo,-1,0
sr-1410,,Film je imao lošu priču i predvidiv kraj.,ostalo,-1,0
sr-1411,,Aplikacija je komplikovana za nove korisnike.,ostalo,-1,0
sr-1412,,Kvalitet materijala nije dobar.,ostalo,-1,0
sr-1413,,Hrana je bila preslana i nije mi se dopala.,ostalo,-1,0
sr-1414,,Usluga je bila spora i neefikasna.,ostalo,-1,0
sr-1415,,Proizvod se ne ponaša kako je obećano.,ostalo,-1,0
sr-1416,,Film je bio razočaranje u svakom smislu.,ostalo,-1,0
sr-1417,,Aplikacija ne radi pouzdano.,ostalo,-1,0
sr-1418,,Kupovina ovog proizvoda nije bila dobra odluka.,ostalo,-1,0
sr-1419,,Sajt ima previše problema sa prijavljivanjem.,ostalo,-1,0
sr-1420,,Nisam dobio kvalitet koji sam platio.,ostalo,-1,0
sr-1421,,Usluga nije bila na profesionalnom nivou.,ostalo,-1,0
sr-1422,,Film je bio monoton i nezanimljiv.,ostalo,-1,0
sr-1423,,Proizvod je nepraktičan za svakodnevnu upotrebu.,ostalo,-1,0
sr-1424,,Aplikacija mi je otežala posao umesto da pomogne.,ostalo,-1,0
sr-1425,,Dostava nije ispoštovala dogovoreni rok.,ostalo,-1,0
sr-1426,,Kvalitet nije opravdao cenu.,ostalo,-1,0
sr-1427,,Restoran nije ostavio dobar utisak.,ostalo,-1,0
sr-1428,,Film nije bio vredan gledanja.,ostalo,-1,0
sr-1429,,Proizvod ima ozbiljne probleme u radu.,ostalo,-1,0
sr-1430,,Podrška nije pružila adekvatno rešenje.,ostalo,-1,0
sr-1431,,Aplikacija je loše dizajnirana.,ostalo,-1,0
sr-1432,,Iskustvo je bilo mnogo gore nego što sam očekivao.,ostalo,-1,0
sr-1433,,Proizvod nije dovoljno kvalitetan za tu cenu.,ostalo,-1,0
sr-1434,,Film nije uspeo da me zainteresuje.,ostalo,-1,0
sr-1435,,Usluga je bila razočaravajuća.,ostalo,-1,0
sr-1436,,Aplikacija ima previše ograničenja.,ostalo,-1,0
sr-1437,,Kvalitet izrade je loš.,ostalo,-1,0
sr-1438,,Nisam imao dobro iskustvo sa ovom kupovinom.,ostalo,-1,0
sr-1439,,Sistem je spor i često pravi greške.,ostalo,-1,0
sr-1440,,Proizvod ne bih ponovo kupio.,ostalo,-1,0
sr-1441,,Film je bio ispod proseka.,ostalo,-1,0
sr-1442,,Usluga nije opravdala cenu.,ostalo,-1,0
sr-1443,,Aplikacija nije dovoljno funkcionalna.,ostalo,-1,0
sr-1444,,Nisam zadovoljan konačnim rezultatom.,ostalo,-1,0
sr-1445,,Proizvod je razočarao u odnosu na očekivanja.,ostalo,-1,0
sr-1446,,Iskustvo nije bilo pozitivno.,ostalo,-1,0
sr-1447,,Film je bio predug i naporan za gledanje.,ostalo,-1,0
sr-1448,,Korisnička podrška nije ispunila očekivanja.,ostalo,-1,0
sr-1449,,Aplikacija ima ozbiljne probleme sa radom.,ostalo,-1,0
sr-1500,,"Odlican proizvod koristim ga svaki dan i prezadovoljan sam",ostalo,1,0
sr-1501,,"Brza isporuka sve je stiglo kako treba",ostalo,1,0
sr-1502,,"Fenomenalna usluga ljudi su bili ljubazni i profesionalni",ostalo,1,0
sr-1503,,"Svaka cast ekipi stvarno su odradili odlican posao",ostalo,1,0
sr-1504,,"Prezadovoljan sam kupovinom preporuka za sve",ostalo,1,0
sr-1505,,"Aplikacija radi odlicno i veoma je jednostavna",ostalo,1,0
sr-1506,,"Odlican kvalitet za ovu cenu stvarno vredi",ostalo,1,0
sr-1507,,"Sve pohvale za brzinu i organizaciju",ostalo,1,0
sr-1508,,"Sjajan proizvod vidi se da je ulozen trud",ostalo,1,0
sr-1509,,"Usluga je bila odlicna nemam nikakve zamerke",ostalo,1,0
sr-1510,,"Bas sam zadovoljan iskustvom sigurno cu ponovo koristiti",ostalo,1,0
sr-1511,,"Divan restoran hrana je ukusna a osoblje prijatno",ostalo,1,0
sr-1512,,"Film je bio odlican prica i gluma su vrhunske",ostalo,1,0
sr-1513,,"Brzo resavanje problema svaka cast podrsci",ostalo,1,0
sr-1514,,"Najbolja kupovina koju sam napravio u poslednje vreme",ostalo,1,0
sr-1515,,"Proizvod izgleda kvalitetno i radi bez problema",ostalo,1,0
sr-1516,,"Odlicna aplikacija mnogo mi je olaksala posao",ostalo,1,0
sr-1517,,"Veoma lepo iskustvo sve preporuke",ostalo,1,0
sr-1518,,"Komunikacija je bila odlicna i sve je brzo reseno",ostalo,1,0
sr-1519,,"Stvarno odlican servis sve je proslo bez problema",ostalo,1,0
sr-1520,,"Odusevljen sam kvalitetom proizvoda",ostalo,1,0
sr-1521,,"Sve je bilo savrseno od pocetka do kraja",ostalo,1,0
sr-1522,,"Brzo jednostavno i efikasno bas kako treba",ostalo,1,0
sr-1523,,"Odlican tim veoma profesionalan pristup",ostalo,1,0
sr-1524,,"Predivno iskustvo sigurno se vracam ponovo",ostalo,1,0
sr-1525,,"Sjajna usluga i veoma prijatno osoblje",ostalo,1,0
sr-1526,,"Proizvod je jos bolji nego sto sam ocekivao",ostalo,1,0
sr-1527,,"Velika preporuka za ovaj proizvod",ostalo,1,0
sr-1528,,"Bas dobro radi nemam nikakvih problema",ostalo,1,0
sr-1529,,"Odlicna saradnja sve pohvale",ostalo,1,0
sr-1530,,"Bravooo ljudi ovo je stvarno odradjeno kako treba",ostalo,1,0
sr-1531,,"Svaka cast za trud i kvalitet usluge",ostalo,1,0
sr-1532,,"Fenomenalno iskustvo odlicna komunikacija",ostalo,1,0
sr-1533,,"Proizvod je fantastican i ispunio je sva ocekivanja",ostalo,1,0
sr-1534,,"Aplikacija je pregledna brza i korisna",ostalo,1,0
sr-1535,,"Jedna od najboljih usluga koje sam koristio",ostalo,1,0
sr-1536,,"Kvalitet je iznad ocekivanja svaka preporuka",ostalo,1,0
sr-1537,,"Odlican izbor nisam pogresio sa kupovinom",ostalo,1,0
sr-1538,,"Sve pohvale za ljubaznost i profesionalnost",ostalo,1,0
sr-1539,,"Film je bio zanimljiv do samog kraja",ostalo,1,0
sr-1540,,"Hrana je bila ukusna i porcije odlicne",ostalo,1,0
sr-1541,,"Dostava je stigla brzo i bez problema",ostalo,1,0
sr-1542,,"Savrsen proizvod koristim ga vec mesecima",ostalo,1,0
sr-1543,,"Ovo je stvarno odlicno resenje za svakodnevne potrebe",ostalo,1,0
sr-1544,,"Bas kvalitetna izrada vidi se razlika",ostalo,1,0
sr-1545,,"Podrska je brzo odgovorila i pomogla mi",ostalo,1,0
sr-1546,,"Sve funkcionise odlicno nemam primedbe",ostalo,1,0
sr-1547,,"Odlican odnos cene i kvaliteta",ostalo,1,0
sr-1548,,"Preporucujem svima koji traze dobar proizvod",ostalo,1,0
sr-1549,,"Veliko zadovoljstvo koriscenjem ove usluge",ostalo,1,0
sr-1600,,"Bas mi je prijalo ovo vece u bioskopu",ostalo,1,0
sr-1601,,"Bas sam uzivao u filmu od pocetka do kraja",ostalo,1,0
sr-1602,,"Bas lepo iskustvo sigurno cu ponovo doci",ostalo,1,0
sr-1603,,"Bas sam zadovoljan kupovinom sve je kako treba",ostalo,1,0
sr-1604,,"Stvarno odlican film preporuka svima",ostalo,1,0
sr-1605,,"Stvarno sam odusevljen kvalitetom proizvoda",ostalo,1,0
sr-1606,,"Bravooo ekipa ovo je odlicno odradjeno",ostalo,1,0
sr-1607,,"Svaka cast na organizaciji sve je proslo savrseno",ostalo,1,0
sr-1608,,"Neverovatno dobar film dugo nisam gledao nesto ovako",ostalo,1,0
sr-1609,,"Neverovatno koliko je proizvod kvalitetan",ostalo,1,0
sr-1610,,"Odlican izbor prezadovoljan sam",ostalo,1,0
sr-1611,,"Fenomenalan film gluma je bila vrhunska",ostalo,1,0
sr-1612,,"Prelepo iskustvo u bioskopu atmosfera je bila odlicna",ostalo,1,0
sr-1613,,"Savrsena usluga brzo i jednostavno",ostalo,1,0
sr-1614,,"Sjajan proizvod radi bez ikakvih problema",ostalo,1,0
sr-1615,,"Bas dobro resenje mnogo mi je pomoglo",ostalo,1,0
sr-1616,,"Stvarno najbolja kupovina u poslednje vreme",ostalo,1,0
sr-1617,,"Odlicna aplikacija koristim je svakodnevno",ostalo,1,0
sr-1618,,"Brza pomoc i ljubazno osoblje svaka preporuka",ostalo,1,0
sr-1619,,"Film me je prijatno iznenadio odlican je",ostalo,1,0
sr-1620,,"Restoran je super hrana i usluga su odlicni",ostalo,1,0
sr-1621,,"Film traje oko dva sata",ostalo,0,0
sr-1622,,"Glavni glumac se pojavljuje u vecini scena",ostalo,0,0
sr-1623,,"Radnja filma se odvija u savremenom gradu",ostalo,0,0
sr-1624,,"Film je izasao prosle godine",ostalo,0,0
sr-1625,,"Kupio sam proizvod juce",ostalo,0,0
sr-1626,,"Aplikacija ima nekoliko osnovnih funkcija",ostalo,0,0
sr-1627,,"Restoran se nalazi u centru grada",ostalo,0,0
sr-1628,,"Porudzbina je stigla u ponedeljak",ostalo,0,0
sr-1629,,"Koristim ovaj program vec nekoliko meseci",ostalo,0,0
sr-1630,,"Telefon ima ekran od sest inca",ostalo,0,0
sr-1631,,"Film sadrzi nekoliko zanimljivih scena",ostalo,0,0
sr-1632,,"Proizvod dolazi u nekoliko boja",ostalo,0,0
sr-1633,,"Aplikacija je dostupna za android uredjaje",ostalo,0,0
sr-1634,,"Recenzija je napisana nakon prve upotrebe",ostalo,0,0
sr-1635,,"Usluga je dostupna tokom cele nedelje",ostalo,0,0
sr-1636,,"Bas sam srecan sto sam morao da cekam samo sat vremena",ostalo,-1,1
sr-1637,,"Stvarno odlican sistem koji me svaki put iznenadi",ostalo,-1,1
sr-1638,,"Svaka cast uspeli ste da napravite jos komplikovaniju verziju",ostalo,-1,1
sr-1639,,"Briljantno resenje bas ono sto nikome nije trebalo",ostalo,-1,1
sr-1640,,"Predivno iskustvo posebno deo kada niko ne odgovara",ostalo,-1,1
sr-1641,,"Fenomenalan servis taman za ljude koji vole cekanje",ostalo,-1,1
sr-1642,,"Bas korisna opcija stalno je trazim kada ne radi",ostalo,-1,1
sr-1643,,"Savrsena organizacija svako zna sta ne treba da radi",ostalo,-1,1
sr-1644,,"Odlican potez sigurno ce svi biti zadovoljni ovim",ostalo,-1,1
sr-1645,,"Neverovatno dostignuce uspeli su da pogorsaju jednostavnu stvar",ostalo,-1,1
sr-1646,,"Divno resenje sada imam jos vise pitanja nego ranije",ostalo,-1,1
sr-1647,,"Bravo za brzinu odgovora posle nekoliko nedelja cekanja",ostalo,-1,1
sr-1648,,"Sjajna aplikacija ako volite da ponavljate isti postupak",ostalo,-1,1
sr-1649,,"Bas sam uzivao u gledanju reklama umesto filma",ostalo,-1,1
sr-1650,,"Odlicno iskustvo za proveru granica strpljenja",ostalo,-1,1
sr-1651,,"Film traje dva sata i petnaest minuta",ostalo,0,0
sr-1652,,"Radnja pocinje nakon nekoliko godina",ostalo,0,0
sr-1653,,"Glavni lik se zove Marko i radi kao profesor",ostalo,0,0
sr-1654,,"Film je sniman na nekoliko razlicitih lokacija",ostalo,0,0
sr-1655,,"Prvi deo price predstavlja uvod u dogadjaje",ostalo,0,0
sr-1656,,"U filmu ucestvuje nekoliko poznatih glumaca",ostalo,0,0
sr-1657,,"Recenzija opisuje osnovne karakteristike proizvoda",ostalo,0,0
sr-1658,,"Proizvod dolazi u crnoj i beloj boji",ostalo,0,0
sr-1659,,"Pakovanje sadrzi uredjaj i dodatnu opremu",ostalo,0,0
sr-1660,,"Telefon ima tri kamere na zadnjoj strani",ostalo,0,0
sr-1661,,"Aplikacija je dostupna za vise platformi",ostalo,0,0
sr-1662,,"Program je instaliran na racunaru",ostalo,0,0
sr-1663,,"Nova verzija je objavljena prosle nedelje",ostalo,0,0
sr-1664,,"Korisnik moze da promeni podesavanja naloga",ostalo,0,0
sr-1665,,"Sajt sadrzi informacije o proizvodima i uslugama",ostalo,0,0
sr-1666,,"Porudzbina je napravljena preko interneta",ostalo,0,0
sr-1667,,"Paket je poslat u ponedeljak ujutru",ostalo,0,0
sr-1668,,"Dostava se vrsi na teritoriji cele zemlje",ostalo,0,0
sr-1669,,"Restoran radi od deset ujutru do ponoci",ostalo,0,0
sr-1670,,"Meni sadrzi nekoliko razlicitih jela",ostalo,0,0
sr-1671,,"Film ima dosta dijaloga i malo akcionih scena",ostalo,0,0
sr-1672,,"Prica se odvija u malom mestu",ostalo,0,0
sr-1673,,"Glavni junak tokom filma menja svoje odluke",ostalo,0,0
sr-1674,,"Kraj filma ostavlja prostor za nastavak",ostalo,0,0
sr-1675,,"Ovaj proizvod koristi standardni prikljucak",ostalo,0,0
sr-1676,,"Uputstvo ima nekoliko stranica sa objasnjenjima",ostalo,0,0
sr-1677,,"Koristio sam aplikaciju nekoliko puta",ostalo,0,0
sr-1678,,"Nalog je napravljen pre nekoliko dana",ostalo,0,0
sr-1679,,"Sistem prikazuje obavestenja kada stigne poruka",ostalo,0,0
sr-1680,,"Stranica ima pretragu i meni sa kategorijama",ostalo,0,0
sr-1681,,"Pogledao sam film sinoc",ostalo,0,0
sr-1682,,"Kupio sam proizvod u prodavnici",ostalo,0,0
sr-1683,,"Koristim ovu aplikaciju povremeno",ostalo,0,0
sr-1684,,"Proizvod sam dobio u originalnom pakovanju",ostalo,0,0
sr-1685,,"Restoran sam posetio tokom vikenda",ostalo,0,0
sr-1686,,"Porudzbina je imala jedan proizvod",ostalo,0,0
sr-1687,,"Film je prikazan u bioskopima ove godine",ostalo,0,0
sr-1688,,"Usluga se koristi preko mobilne aplikacije",ostalo,0,0
sr-1689,,"Aplikacija zahteva registraciju korisnika",ostalo,0,0
sr-1690,,"Proizvod ima garanciju od dve godine",ostalo,0,0
sr-1691,,"Film ima poznatu glumacku postavu",ostalo,0,0
sr-1692,,"U pitanju je treci nastavak serijala",ostalo,0,0
sr-1693,,"Radnja prati nekoliko povezanih likova",ostalo,0,0
sr-1694,,"Proizvod je dostupan u vise velicina",ostalo,0,0
sr-1695,,"Aplikacija prikazuje statistiku koriscenja",ostalo,0,0
sr-1696,,"Sistem se povezuje preko internet veze",ostalo,0,0
sr-1697,,"Korisnik moze da izabere nacin placanja",ostalo,0,0
sr-1698,,"Narudzbina je evidentirana u sistemu",ostalo,0,0
sr-1699,,"Podaci su sacuvani u bazi",ostalo,0,0
sr-1700,,"Izvestaj sadrzi rezultate prethodnog testa",ostalo,0,0
sr-1450,,"Film je bio odlican i bas sam uzivao dok sam ga gledao",film,1,0
sr-1451,,"Odlicna usluga sve je proslo brzo i jednostavno",usluga,1,0
sr-1452,,"Proizvod je kvalitetan i vredi svaku paru",proizvod,1,0
sr-1453,,"Aplikacija radi bez problema i veoma je korisna",aplikacija,1,0
sr-1454,,"Hrana je bila ukusna i porcije su odlicne",restoran,1,0
sr-1455,,"Veoma sam zadovoljan kupovinom preporuka",kupovina,1,0
sr-1456,,"Film ima zanimljivu pricu i odlicnu glumu",film,1,0
sr-1457,,"Osoblje je ljubazno i spremno da pomogne",usluga,1,0
sr-1458,,"Proizvod izgleda jos bolje nego na slikama",proizvod,1,0
sr-1459,,"Dostava je bila brza i paket je stigao bez ostecenja",dostava,1,0
sr-1460,,"Aplikacija je pregledna i laka za koriscenje",aplikacija,1,0
sr-1461,,"Odlicno iskustvo sigurno cu ponovo koristiti",usluga,1,0
sr-1462,,"Kvalitet je iznad mojih ocekivanja",proizvod,1,0
sr-1463,,"Film me je prijatno iznenadio i preporucujem ga",film,1,0
sr-1464,,"Sve je proslo bolje nego sto sam planirao",usluga,1,0
sr-1465,,"Restoran ima odlicnu atmosferu i ukusnu hranu",restoran,1,0
sr-1466,,"Kupovina je bila jednostavna i bez komplikacija",kupovina,1,0
sr-1467,,"Telefon radi odlicno i baterija traje dugo",proizvod,1,0
sr-1468,,"Podrska je brzo odgovorila i resila problem",podrska,1,0
sr-1469,,"Veoma dobar proizvod koristim ga svaki dan",proizvod,1,0
sr-1470,,"Film je zabavan i drzi paznju do kraja",film,1,0
sr-1471,,"Odlicna aplikacija sve funkcije rade kako treba",aplikacija,1,0
sr-1472,,"Zadovoljan sam kvalitetom i izgledom proizvoda",proizvod,1,0
sr-1473,,"Usluga je profesionalna i prijatna",usluga,1,0
sr-1474,,"Hrana je bila sveza i veoma ukusna",restoran,1,0
sr-1475,,"Brza isporuka i odlican kvalitet proizvoda",dostava,1,0
sr-1476,,"Film je jedan od boljih koje sam gledao",film,1,0
sr-1477,,"Sve preporuke za ovu uslugu",usluga,1,0
sr-1478,,"Proizvod odgovara opisu i radi savrseno",proizvod,1,0
sr-1479,,"Aplikacija mi mnogo olaksava svakodnevni posao",aplikacija,1,0
sr-1480,,"Odlicna kupovina nisam se pokajao",kupovina,1,0
sr-1481,,"Veoma prijatno iskustvo od pocetka do kraja",usluga,1,0
sr-1482,,"Gluma u filmu je fantasticna",film,1,0
sr-1483,,"Kvalitet izrade je odlican",proizvod,1,0
sr-1484,,"Sve preporuke za osoblje i uslugu",restoran,1,0
sr-1485,,"Aplikacija je brza stabilna i jednostavna",aplikacija,1,0
sr-1486,,"Cena je opravdana kvalitetom",proizvod,1,0
sr-1487,,"Film je bio zanimljiv od prve scene",film,1,0
sr-1488,,"Veoma dobra organizacija i komunikacija",usluga,1,0
sr-1489,,"Proizvod je stigao ranije nego sto sam ocekivao",dostava,1,0
sr-1490,,"Odlican odnos cene i kvaliteta",proizvod,1,0
sr-1491,,"Koriscenje aplikacije je pravo zadovoljstvo",aplikacija,1,0
sr-1492,,"Hrana i usluga su bili na visokom nivou",restoran,1,0
sr-1493,,"Film je ispunio sva moja ocekivanja",film,1,0
sr-1494,,"Kupovina je prosla bez ikakvih problema",kupovina,1,0
sr-1495,,"Zadovoljan sam i sigurno cu opet naruciti",kupovina,1,0
sr-1496,,"Proizvod deluje kvalitetno i izdrzljivo",proizvod,1,0
sr-1497,,"Podrska korisnicima je veoma profesionalna",podrska,1,0
sr-1498,,"Odlicna usluga brzo i efikasno resavanje problema",usluga,1,0
sr-1499,,"Film ima odlican scenario i zanimljive likove",film,1,0
sr-1500,,"Odlican film preporucujem svima koji vole ovaj zanr",film,1,0
sr-1501,,"Usluga je bila brza ljubazna i profesionalna",usluga,1,0
sr-1502,,"Proizvod je odlican i koristim ga bez ikakvih problema",proizvod,1,0
sr-1503,,"Aplikacija radi savrseno i veoma je korisna",aplikacija,1,0
sr-1504,,"Restoran ima sjajnu atmosferu i ukusnu hranu",restoran,1,0
sr-1505,,"Kupovina je prosla odlicno sve preporuke",kupovina,1,0
sr-1506,,"Film me je odusevio od pocetka do kraja",film,1,0
sr-1507,,"Veoma kvalitetan proizvod za ovu cenu",proizvod,1,0
sr-1508,,"Osoblje je bilo prijatno i veoma usluzno",usluga,1,0
sr-1509,,"Dostava je stigla brzo i sve je bilo uredno spakovano",dostava,1,0
sr-1510,,"Aplikacija je jednostavna i laka za snalazenje",aplikacija,1,0
sr-1511,,"Odlicno iskustvo sigurno cu koristiti ponovo",usluga,1,0
sr-1512,,"Film je imao odlicnu pricu i sjajne scene",film,1,0
sr-1513,,"Proizvod izgleda kvalitetno i radi odlicno",proizvod,1,0
sr-1514,,"Podrska je brzo odgovorila i pomogla mi",podrska,1,0
sr-1515,,"Veoma sam zadovoljan ovom kupovinom",kupovina,1,0
sr-1516,,"Hrana je bila ukusna a osoblje ljubazno",restoran,1,0
sr-1517,,"Film je zanimljiv i nije mi bilo dosadno",film,1,0
sr-1518,,"Odlican kvalitet materijala preporuka",proizvod,1,0
sr-1519,,"Aplikacija je mnogo bolja nego prethodna verzija",aplikacija,1,0
sr-1520,,"Sve je funkcionisalo bez problema",usluga,1,0
sr-1521,,"Brza isporuka i proizvod kao na slici",dostava,1,0
sr-1522,,"Odlicna komunikacija i prijatno iskustvo",usluga,1,0
sr-1523,,"Film vredi pogledati veoma je kvalitetan",film,1,0
sr-1524,,"Proizvod je ispunio sva moja ocekivanja",proizvod,1,0
sr-1525,,"Cena je dobra za kvalitet koji se dobija",proizvod,1,0
sr-1526,,"Aplikacija mi je olaksala svakodnevni rad",aplikacija,1,0
sr-1527,,"Veoma sam srecan zbog ove kupovine",kupovina,1,0
sr-1528,,"Restoran je ostavio odlican utisak",restoran,1,0
sr-1529,,"Film ima fantasticnu glumacku postavu",film,1,0
sr-1530,,"Usluga je bila bolja nego sto sam ocekivao",usluga,1,0
sr-1531,,"Proizvod je praktican i veoma koristan",proizvod,1,0
sr-1532,,"Aplikacija radi brzo i stabilno",aplikacija,1,0
sr-1533,,"Sve preporuke za ovaj proizvod",proizvod,1,0
sr-1534,,"Film je zanimljiv od prve do poslednje scene",film,1,0
sr-1535,,"Osoblje je veoma ljubazno prema gostima",restoran,1,0
sr-1536,,"Kupovina je bila jednostavna i prijatna",kupovina,1,0
sr-1537,,"Kvalitet proizvoda je stvarno odlican",proizvod,1,0
sr-1538,,"Brza pomoc i odlicna korisnicka podrska",podrska,1,0
sr-1539,,"Hrana je ukusna i lepo servirana",restoran,1,0
sr-1540,,"Film je opravdao sva moja ocekivanja",film,1,0
sr-1541,,"Veoma dobra aplikacija za svakodnevnu upotrebu",aplikacija,1,0
sr-1542,,"Proizvod radi bez greske vec dugo vremena",proizvod,1,0
sr-1543,,"Odlican servis i profesionalan pristup",usluga,1,0
sr-1544,,"Dostava je bila tacna i veoma brza",dostava,1,0
sr-1545,,"Film je imao odlican kraj i dobru radnju",film,1,0
sr-1546,,"Zadovoljan sam kvalitetom ovog proizvoda",proizvod,1,0
sr-1547,,"Aplikacija izgleda moderno i pregledno",aplikacija,1,0
sr-1548,,"Usluga je bila na najvisem nivou",usluga,1,0
sr-1549,,"Ovo je jedna od boljih kupovina koje sam napravio",kupovina,1,0
sr-1550,,"Proizvod je bolji nego sto sam zamislio",proizvod,1,0
sr-1551,,"Film je bio odlican za opusteno vece",film,1,0
sr-1552,,"Sve je stiglo na vreme i u dobrom stanju",dostava,1,0
sr-1553,,"Veoma kvalitetna usluga preporuka",usluga,1,0
sr-1554,,"Aplikacija je korisna i ima sve sto mi treba",aplikacija,1,0
sr-1555,,"Restoran ima odlicnu hranu i prijatnu atmosferu",restoran,1,0
sr-1556,,"Proizvod je odlican izbor za ovu cenu",proizvod,1,0
sr-1557,,"Film me je prijatno iznenadio",film,1,0
sr-1558,,"Komunikacija je bila brza i jasna",usluga,1,0
sr-1559,,"Kupovina je prosla savrseno",kupovina,1,0
sr-1450,,"Film je odlican bas mi se dopao",1,0
sr-1451,,"Sjajna prica i odlicna gluma",1,0
sr-1452,,"Ovo je jedan od boljih filmova koje sam gledao",1,0
sr-1453,,"Preporuka svima stvarno vredi pogledati",1,0
sr-1454,,"Film me je prijatno iznenadio",1,0
sr-1455,,"Odlicna atmosfera i zanimljiva radnja",1,0
sr-1456,,"Bas lepo iskustvo u bioskopu",1,0
sr-1457,,"Glumci su odradili odlican posao",1,0
sr-1458,,"Uzasno dobro odradjen film",1,0
sr-1459,,"Sve pohvale za ekipu koja je radila na filmu",1,0
sr-1460,,"Film je zanimljiv od pocetka do kraja",1,0
sr-1461,,"Odusevljen sam ovim filmom",1,0
sr-1462,,"Odlicna produkcija i kvalitetna prica",1,0
sr-1463,,"Jedan od najboljih filmova koje sam gledao",1,0
sr-1464,,"Gluma je fantasticna a scenario odlican",1,0
sr-1465,,"Bas sam uzivao dok sam gledao film",1,0
sr-1466,,"Film je ispunio sva moja ocekivanja",1,0
sr-1467,,"Sjajan film za opusteno vece",1,0
sr-1468,,"Odlicno napisan scenario i zanimljivi likovi",1,0
sr-1469,,"Vredi svake minute gledanja",1,0
sr-1470,,"Prelep film sa veoma dobrom porukom",1,0
sr-1471,,"Veoma kvalitetan film preporucujem",1,0
sr-1472,,"Ovo je bilo mnogo bolje nego sto sam ocekivao",1,0
sr-1473,,"Bas dobra zabava i odlican izbor za vece",1,0
sr-1474,,"Film ima sve sto jedan dobar film treba da ima",1,0
sr-1475,,"Gluma i rezija su na visokom nivou",1,0
sr-1476,,"Stvarno sam uzivao u svakom delu filma",1,0
sr-1477,,"Odlicna preporuka za ljubitelje ovog zanra",1,0
sr-1478,,"Film je zanimljiv i lepo uradjen",1,0
sr-1479,,"Veoma prijatno iznenadjenje",1,0
sr-1480,,"Odlican izbor za gledanje sa drustvom",1,0
sr-1481,,"Sve je bilo odlicno organizovano",1,0
sr-1482,,"Usluga je bila brza i profesionalna",1,0
sr-1483,,"Osoblje je ljubazno i veoma prijatno",1,0
sr-1484,,"Kupovina je prosla bez problema",1,0
sr-1485,,"Proizvod je odlican i kvalitetan",1,0
sr-1486,,"Zadovoljan sam kupovinom i preporucujem",1,0
sr-1487,,"Proizvod radi savrseno vec mesecima",1,0
sr-1488,,"Kvalitet je bolji nego sto sam ocekivao",1,0
sr-1489,,"Odlican odnos cene i kvaliteta",1,0
sr-1490,,"Aplikacija radi brzo i bez problema",1,0
sr-1491,,"Veoma korisna aplikacija jednostavna za koriscenje",1,0
sr-1492,,"Sve funkcije rade kako treba",1,0
sr-1493,,"Sajt je pregledan i lako se koristi",1,0
sr-1494,,"Podrska je brzo resila moj problem",1,0
sr-1495,,"Komunikacija je bila odlicna",1,0
sr-1496,,"Dostava je bila brza i paket uredan",1,0
sr-1497,,"Proizvod je stigao ranije nego sto sam ocekivao",1,0
sr-1498,,"Veoma sam zadovoljan uslugom",1,0
sr-1499,,"Sve preporuke za ovaj proizvod",1,0
sr-1500,,"Odlican kvalitet i veoma jednostavno koriscenje",1,0
sr-1530,,"Veliki problem je sto sada nijedan drugi proizvod nije dovoljno dobar",1,1
