id,source,text,tip,sentiment,sarcasm
sr-00001,youtube,"Zasto je na ovoj utakmici Solskjaer igrao levog beka, to je pravo pitanje...",filmovi,0,1
sr-00002,youtube,8:57 spominju kikindu,filmovi,0,0
sr-00003,youtube,"Ja sam bolan zemlju izgubio, boli me uvo za pritisak !",filmovi,-1,0
sr-00004,youtube,"23:18, svako ima nekog tako",filmovi,0,0
sr-00005,youtube,Mozeli mrtav ladan sivi kamioni crvene boje,filmovi,0,0
sr-00006,youtube,Najbolji film možda šta opisuje sve slojeve društva od dna do vrha sportiste shanere umjetnike izbjeglice crkvu navijače kladionica re neradnike radnike svemir će kriminalce roditelje i ko zna šta u sat i po nevjerojatno remek djelo,filmovi,1,0
sr-00007,youtube,"Da, uvek se divimo zapadu a nase mrzimo! Strasno obijasniti to",filmovi,-1,1
sr-00008,youtube,Ali kengur dobija zuti za pljuvanje i zuti za penal i opet brani sta englezi 3 zuta pa crveni,filmovi,0,0
sr-00009,youtube,"Sapic nekada bio voljen ,a sada ,tuzna prica,sta su ljudi u stanju da urade zbog para,huljin potrcko.",filmovi,-1,0
sr-00010,youtube,Stigli ćevapi za našu dragu gošću kengurrr madrrr,filmovi,0,0
sr-00011,youtube,Dva puta ulazim u kadrove u ovom filmu,filmovi,0,0
sr-00012,youtube,Jedan od filmova koje znam napamet u reč..antologijsko remek delo i pokazatelj mentaliteta ovog naseg napacenog naroda,filmovi,1,0
sr-00014,youtube,Cijela Zenica je znala ove fraze,filmovi,0,0
sr-00015,youtube,Ja ne mogu ovu Karan folirantkinju,filmovi,-1,0
sr-00016,youtube,Klinci idite u skolu.,filmovi,0,1
sr-00017,youtube,"Ali majca je najjača ""METALLICA""",filmovi,1,0
sr-00018,youtube,"Genijalna glumačka ekipa, preinteligentan humor, replike da se ukenjaš od smijeha, sve što današnjim filmovima fali. ""Vodi je u mrak da ti sija!""",filmovi,1,0
sr-00019,youtube,Odličan film 35:33 39:01-39:08 navijač liverpoola 59:19-59:30 1:00:26-1:00:33 živac u mraku 1:02:22 ode kemijska 1:08:44-1:08:48 1:11:34-1:11:48,filmovi,1,0
sr-00020,youtube,Do 2026 godine million pregleda u najavi,filmovi,1,0
sr-00021,youtube,Najzabavniji film,filmovi,1,0
sr-00022,youtube,Gospodjo je li vam neko rekao da ste rodili idiota,filmovi,0,1
sr-00023,youtube,Kengur je stekao status kultnog SrBskog filma,filmovi,1,0
sr-00024,youtube,"stanujem u tom kraju,tu i idem u kladionicu,doduse ti lavovi vise ne postoje,sad je tu market,mozart je deset metara tu dalje,95% filma he snuiman u vojvode stepe,deo sa kengurovim stanom je sniman u kumodraskoj,mislim",filmovi,0,0
sr-00025,youtube,Cile najjaci lik,filmovi,1,0
sr-00026,youtube,"Kultni film, oslikava jedno srecno vreme, i Beograd, kad je bio Beograd, ulice, ljudi, spika, nostalgija. Danas, Evropa, pakistanci, kinezi. A film, sta reći, svaka rečenica je kultna i oslikava neko drugacije vreme i mesto.",filmovi,1,0
sr-00027,youtube,COM CREVERO ERO MACROPUS...na latimskom ime filma,filmovi,0,1
sr-00028,youtube,Koja pesma se čuje u pozadini 58:15,filmovi,0,0
sr-00029,youtube,"Ono prosečno klošarsko društvo iz kraja, najbolje fore i zajebancije, ono društvo od 16,17 do 30 godine",filmovi,1,0
sr-00030,youtube,"Ceo film je sjajan, ali scena paljenja vojnog generatora je legendarna... Nula teksta, cista gluma, bravo!",filmovi,1,0
sr-00031,youtube,"Uvek rado pogledam ovaj film, podseća me na zadnju epohu iole normalnog i srećnog vremena. Svakako jedan od poslednjih dobrih domaćih filmova.",filmovi,1,0
sr-00032,youtube,Šapić nije ni izašao iz uloge,filmovi,0,0
sr-00033,youtube,"Kad porastem biće kladionica 100m od škole , i to ne jedna nego 10. Kockanje na sve strane .",filmovi,-1,1
sr-00034,youtube,Kakav danak neiskustvu joj joj joj,filmovi,0,0
sr-00035,youtube,"Kultni film...Remek srpske kinematografije,gledao 50 puta i opet jedinstven...",filmovi,1,0
sr-00036,youtube,Film je o mladima koji žive u logoru !!!!,filmovi,0,0
sr-00037,youtube,ovde prazni stadioni ko da vlada kuga....,filmovi,0,1
sr-00038,youtube,"Znam sve od.pocetka do kraja napamet, ali i dalje rado pogledam",filmovi,1,0
sr-00039,youtube,A račun za sveće na početku? Zato treba istrebiti sve parazite,filmovi,0,0
sr-00040,youtube,Brate Bože snimi jos jedan ovakav film!,filmovi,1,0
sr-00041,youtube,Mi smo sedeli ovde i duvali smo....duvanili,filmovi,0,1
sr-00042,youtube,Kakav film pogledao 100 puta..bravo susjedi,filmovi,1,0
sr-00043,youtube,Ovaj film ja tako los da je dobar.,filmovi,-1,1
sr-00044,youtube,Ovo je jedan od najboljih filmova ikad.. 1.1.2026. Almaaaa,filmovi,1,0
sr-00045,youtube,Semenke svih zemalja ujedinite se…,filmovi,0,1
sr-00046,youtube,37:57 GREŠKA U FILMU. Ako je Braca kupio 7 karata onda klošar treba da sedne 5 mesta dalje.,filmovi,-1,0
sr-00047,youtube,"Prvi UFO domaći film. Izašli tek iz 90ih i nije nas globalizacija toliko zahvatila, pa je zato film prijatan.",filmovi,0,0
sr-00048,youtube,Vodi je u mrak da ti sija,filmovi,1,1
sr-00049,youtube,Maratonci trče počasni krug i Ko to tamo peva zajedno ovom remek delu ne mogu ni da prismrde.,filmovi,1,0
sr-00050,youtube,I tako je nastao kešaut,filmovi,0,1
sr-00051,youtube,"1:02:10 Kako bre 1:1 kad je odbranio? Kako bre ljudi, šta je bre ovo ljudi?",filmovi,0,0
sr-00052,youtube,Najbolji domaci film svih vremena. Svaka recenica u filmu je fenomenalna.,filmovi,1,0
sr-00053,youtube,"Kakvi su ovi beogradjani,muvaju ribu sto godina,umjesto pet minuta",filmovi,-1,1
sr-00054,youtube,Poslednje generacije rodjene u nekom drugom vremenu u svojim poznim dvadesetim/ranim tridesetim koje su ovom filmu odrazile duh mladih u tranzicionom periodu iz neuznesenih old skul fazona nakon cega sledi era primitivnog i vestackog humora,filmovi,1,0
sr-00055,youtube,"Slika i prilika Beograda,umjesto sedam hiljada,prodao za petsto eura",filmovi,-1,1
sr-00056,youtube,"Odličan scenario i gluma... Ima taj gradski šmek... Nisam fan filma, inače",filmovi,1,0
sr-00057,youtube,Takva glumacka ekipa a toliko dosadan film...lele majko,filmovi,-1,0
sr-00058,youtube,8:47 Gde si Ljubice cobanicee..Daj svima pice! pa onda ENTER!,filmovi,0,0
sr-00059,youtube,"26:37 “ne znam, ja ne volim američke filmove”…reče Marija-10 godina kasnije udaje se za holivudskog producenta (američkih filmova).",filmovi,-1,0
sr-00060,youtube,"Dobro su ovom Ganguli nasli ulogu u filmu, takav je i u stvarnosti, kriminalac i siledzija :-)",filmovi,-1,1
sr-00061,youtube,Beogradsko preseravanje,filmovi,-1,0
sr-00062,youtube,Ako je kupio sedam karata a mesta numerisana kako onda beskucnik pored njih,filmovi,0,0
sr-00063,youtube,Pitaj je da li je bila u šemi sa Bredom Pitom?,filmovi,0,1
sr-00064,youtube,"Brate, Bože.... nemoj, Šomi!",filmovi,0,0
sr-00065,youtube,"Film kida, jedna generacija koja je sve razumela. Samo ne verujem da smo ovog majmuna od Gangule pustili na Vlast uz Zvalavog.",filmovi,0,1
sr-00066,youtube,Nema hleba bez motike,filmovi,0,1
sr-00067,youtube,"Teško je reći šta je tačno najgore u filmu 15% – da li je to “radnja” o golmanu zvanom Kengur, koji ima harizmu mokrog sunđera, ili činjenica da je neko zaista odlučio da ovakvo filmsko ruglo ugleda svetlost dana. Jedno je sigurno: ovo nije film, ovo je kazna.",filmovi,-1,0
sr-00068,youtube,Cile ponudio prvi cashout u istoriji.,filmovi,0,0
sr-00069,youtube,Treba i za Romu,filmovi,0,0
sr-00070,youtube,Najbolji Nebojsa Glogovac laka mu zemlja,filmovi,1,0
sr-00071,youtube,Film koji u svako doba mogu da gledam.,filmovi,1,0
sr-00072,youtube,Pa ti onda gledaj film u novinama!,filmovi,-1,1
sr-00073,youtube,Gluplji film u životu nisam gledao..,filmovi,-1,0
sr-00074,youtube,"Legende su svi, samo što se nisam uposkio od smjeha",filmovi,1,0
sr-00075,youtube,"Ovo je, po meni, najbolji film svih vremena. Bukvalno ne postoji 10 sekundi koje su dosadne. Remek delo.",filmovi,1,0
sr-00076,youtube,Najjaci film svih vremena,filmovi,1,0
sr-00077,youtube,15:32 ja sam se cepao kad sam gledao ovu scenu prvi put. Legendarno!,filmovi,1,0
sr-00078,youtube,Danas sam prvi put pogledao ovaj film u 21. godini. Šta sam čekao do sada?,filmovi,1,1
sr-00079,youtube,Ljudi jel se meni čini ili je Gangula današnji Gradonačelnik Beograda. Šapić Aleksandar,filmovi,0,0
sr-00080,youtube,Kakav danak neiskustvu,filmovi,0,1
sr-00081,youtube,"Proslo je 22 godine od izlaska ovog remek dela. Hvala vam svima na emociji, i na suzama(od smeha). 20.06.2026 , I opet gledam ! )",filmovi,1,0
sr-00082,youtube,"zivele semenke, semenke svih zemalja, ujedinite se!",filmovi,1,1
sr-00083,youtube,"Moj zivot da je osoba, bio bi Braca:",filmovi,0,1
sr-00086,youtube,"Nebojša neprikosnovena glumčina, nitko mu neće nikada prići blizu.",filmovi,1,0
sr-00087,youtube,doktor sa generacionalnim ragebaitom za živca,filmovi,0,0
sr-00088,youtube,"Koliko je ovaj film uticao na mlade u to doba, bukvalno su svi znali fore iz filma i rado ih koristili u svakodnevnom životu. Kultno remek delo....",filmovi,1,0
sr-00090,youtube,Smuva li on Ines na kraju?,filmovi,0,0
sr-00091,youtube,"U ovom filmu, ko i ima lovu, psuje.",filmovi,0,1
sr-00092,youtube,"Pre osam dana stavljen, 80 soma pregleda. Pa da. Molim.",filmovi,1,0
sr-00093,youtube,Nikad ne dosadi!,filmovi,1,0
sr-00094,youtube,-Ne pravi Bog razliku imeđu sveća -Vidiš da pravi,filmovi,0,1
sr-00095,youtube,Jedan od boljih,filmovi,1,0
sr-00096,youtube,"Nema dalje, nema najjači film",filmovi,1,0
sr-00098,youtube,Poslednja prava komedija snimljena kod nas. Odličan film.,filmovi,1,0
sr-00099,youtube,Kad Hrvati naprave ovakav film ja ću potpisati za Istvič.,filmovi,0,0
sr-00101,youtube,1:26:00 jel neko izvaljuje sve reference iz filma munje ;),filmovi,0,0
sr-00102,youtube,Koja je ovo crkva na početku filma?,filmovi,0,0
sr-00103,youtube,Na pocetku filma ja bih pre reko da je onaj mali sin od strica,filmovi,0,1
sr-00104,youtube,"Kako su glumci ružni , krezavi , pomalo debilni , to je tako kad nemaš lepe glumce ,",filmovi,-1,0
sr-00105,youtube,Imam samo 12 godina ali preporučujem ovaj film,filmovi,1,0
sr-00106,youtube,Definitivno film sa EX Yu govornog podrucija ubedljivo nabolji film respektabilan i za Holivud,filmovi,1,0
sr-00107,youtube,"al bukvalno cijeli film mi je bio osmjeh na licu,po ko zna koji put ga gledam",filmovi,1,0
sr-00108,youtube,"Da li mogu da vam pomognem da na film prikačimo i prevod? Predajem srpski, i nikako da nađem pravi način da i nematernji govornici/učenici srpskog mogu da gledaju. @inwires",filmovi,0,0
sr-00109,youtube,Predobar film za preporucit drugima da gledaju,filmovi,1,0
sr-00110,youtube,"2026 -a i trajaće kroz generacije,jedan od naših najboljih filmova",filmovi,1,0
sr-00111,youtube,Svaku repliku znam napamet. Posljednji film o sretnom i bezbrižnim vremenu..,filmovi,1,0
sr-00112,youtube,Film koji dočarava mladalačku bezbrižnost i nesvesnost surovosti života odraslih na čijem pragu se nalaze.,filmovi,1,0
sr-00114,youtube,"Glumci glumice za 10 neki su pokojni,al nikad se vise ovakvi glumci nece radjat...",filmovi,1,0
sr-00115,youtube,"Imam ja svoju displinu, ja trcim u širinu! :)",filmovi,1,1
sr-00116,youtube,Jutarnja molitva,filmovi,0,0
sr-00118,youtube,"Gledao 30 put,najbolji film",filmovi,1,0
sr-00119,youtube,"Ode i Šotra ,pokoj mu duši više se neće roditi koji će napraviti ovakve filmove",filmovi,1,0
sr-00120,youtube,Kraj bi mogo biti i drukciji dobar je film ali bez dobrog kraja je,filmovi,0,0
sr-00121,youtube,Kad padnem u malu depresiju gledam Drzavni posao a u vecu onda gledam ovaj film.,filmovi,1,0
sr-00122,youtube,Jedini film u kojem neces cuti JEDNU ruznu rec! Ni jednu......!,filmovi,1,0
sr-00123,youtube,Šotra! Genijalac!,filmovi,1,0
sr-00124,youtube,Ja gledam ovo i plačem ovo je najbolji film na svetu,filmovi,1,0
sr-00125,youtube,Gospodine Šotra počivajte u miru,filmovi,0,0
sr-00126,youtube,Dobar filim za mene malo i tuzan posjete me na vremena dok sam ja išo u školu,filmovi,1,0
sr-00127,youtube,Gledam jer nije bilo lektira u skoli,filmovi,1,0
sr-00128,youtube,Ja sam se rodio da gledam ovaj najlepši film,filmovi,1,0
sr-00129,youtube,Moja mama I ja smo voljele ovaj film I zajedno ga Gledale mnogo puta iako ga dobro znamo. Ona je preminula prije godinu dana ali meni ostaje lijepa uspomena..,filmovi,1,0
sr-00130,youtube,Predivan film o jednom bezbriznom dobu...uvijek ga mogu ponovo gledati.,filmovi,1,0
sr-00131,youtube,Svaku rečenicu znam napamet. Najlepši naš film. Hvala vam Šotra na ovakvom predivnom filmu. Počivajte u miru.,filmovi,1,0
sr-00132,youtube,"Najbolja serija do sada, izuzetan tekst, kostimi, svaki i najmanji detalj filigransko snimljen, muzika cudovita , pun emocija bez grubosti, psovki i krvi. Istaknute sve pozitivne vrijednosti odgoja i drustvenog odnosa, koji su se izgubili u danasnjici bescutnosti i prostakluka. Zasto, zasto ne snimite jos serija po djelima Mir- Jam, vec gubite vrijeme na cudne filmove, a imate odlicne mlade glumce.",filmovi,1,0
sr-00133,youtube,Ova serija me vraca u detinjstvo,filmovi,1,0
sr-00134,youtube,najbolji film ikad snimljen reziseri glumci neprevazidjeni.100 puta sam gledao a do sad nisam ni jedan film gledao 2 puta,filmovi,1,0
sr-00135,youtube,Serija je vrh umirujuca je,filmovi,1,0
sr-00136,youtube,"Hej, Tek sad vidim, Brankica je odevena kao Meri Poppins, u cuvenoj staroj mjuzikl verziji te price! Cak I podseca na tu glumicu",filmovi,0,0
sr-00138,youtube,Najbolja serija svih vremena,filmovi,1,0
sr-00139,youtube,"17ti put je gledam i nikad mi nece dosaditi,koliko ih obozavam,serija je najbolja",filmovi,1,0
sr-00140,youtube,Kako su neprijatni na početku njihovi razgovori gahahhahaha,filmovi,0,0
sr-00142,youtube,Gledam neću li đe viđeti Karleušu ili Jovanu Jeremić ili bilo koju što gostuju kod Ami G tzv srbijanske celebrity,filmovi,-1,1
sr-00143,youtube,nnajbolja serija na planeti ko se slaze samnom,filmovi,1,0
sr-00145,youtube,Melodija u pozadini 47:50 molim vaaas,filmovi,0,0
sr-00147,youtube,"Tako je to nazalost,Kada ljubav nije obostrana.Nikome takva ljubav nije potrebana,bolje je ostati Sam nego u losem braku....",filmovi,-1,0
sr-00148,youtube,Kako divna serija,filmovi,1,0
sr-00150,youtube,2025 nikad mi ne dosadi,filmovi,1,0
sr-00151,youtube,Moram reći da ta žena liči na Anne Hathaway. Stvarno.,filmovi,0,0
sr-00152,youtube,"Ljiljana je u knjizi bila plava,nisam je zamišljala ovako.",filmovi,-1,0
sr-00153,youtube,"Divno,nestvarno,kao bajka...svi super, majka divna glumica",filmovi,1,0
sr-00154,youtube,A sta glumite sa mokrom kosom je li jeste oprali kosu,filmovi,0,1
sr-00155,youtube,"Ja sam vata iz Acinog srca. Predivna je serija. VOLIM da je gledam. Kad sve odgledam, gledam iznova i iznova.",filmovi,1,0
sr-00157,youtube,"Dobra serija relaksirajuca, dobri glumci i dobra gluma- za svaku pohvalu!!!!",filmovi,1,0
sr-00158,youtube,definitvo nam treba jos neka serija sa brankicom i bikovicem,filmovi,1,0
sr-00159,youtube,Koliko ima samaca u braku,filmovi,0,1
sr-00160,youtube,Kako od ovakvog doba i ovakve gospode dodjosmo dovde gde smo i kakvi smo sada?! Tuga!,filmovi,-1,0
sr-00161,youtube,Sve je u ovom filmu meni savrseno uradjeno.,filmovi,1,0
sr-00162,youtube,"u ovoj prvoj epizodi ova cura mi se gadi , videcemo dalje",filmovi,-1,0
sr-00163,youtube,Evo usla sam da se iskljucim od ovog svakodnevog zivota i na miru da zaspim…Svake pola godine iznova gledam… Fanatasticna nesvakidasnja serija i prica… Glumci Obozavam Juliju,filmovi,1,0
sr-00164,youtube,"Brankica Sebastijanovic - najsuptilnija lepota, cednost, stvorena za velike role svetske literature, one neobicne, nezne, prelepe, pametne devojke , zene....Da takvu ima Holivud, imala bi samo glavne uloge, a kod nas, osim ove glavne role ne znam nesto znacajnije da su joj dali...Vidim je kao Tanju Larinu, Nastasju Filipovnu, madam Bovari, Anu Karenjinu...na zalost, cudne su podele u srpskom glumistu. Volimo sve nase glumce, ali ovo je istina. Steta.",filmovi,1,0
sr-00165,youtube,Brankica bolje da bude kafe kuvarica i neka se mane glume...očajna je,filmovi,-1,0
sr-00166,youtube,Ta vremena kad muškarac nije htio oženiti ženu ako nema dobar miraz a danas je obrnuta situacija. Sve se vraća sve se plaća,filmovi,-1,1
sr-00168,youtube,Serija je bas lipa prije je sve bilo ljepše uvjek je gledam ponovo,filmovi,1,0
sr-00169,youtube,"Sjajni glumci,sjajna serija,bravo....",filmovi,1,1
sr-00172,youtube,"Ko kaze da je jednom pregledao seriju, taj istinu ne govori Osjecaj koji imam svaki put kad je gledam je neopisiv, voljela bih da sam rodjena u ovakvom vremenu",filmovi,1,0
sr-00173,youtube,ovo mi je omiljena serija,filmovi,1,0
sr-00174,youtube,Divna serija. Glumci genijalni.,filmovi,1,0
sr-00175,youtube,Grožđe u proleće,filmovi,0,1
sr-00176,youtube,"Čestitke iz Hrvatske akademskom gnijezdu Košutnjak filma!!! Ni Hollywood nema, ni Zagreb, takve nepatvorene karakterne glumce!!! Obožavam ovu glumicu. Prelijepa je i nevjerojatno sliči mojoj kćerkici Mimi.",filmovi,1,0
sr-00178,youtube,Ja se pitam zasto se u to vreme trazio miraz a sad se zeni ko kako hoce,filmovi,0,0
sr-00179,youtube,Mlada ko da je preparirana u seriji.,filmovi,-1,1
sr-00186,youtube,Predivna serija!,filmovi,1,0
sr-00187,youtube,Šteta pogrešno postavila brak nisu je roditelji naterali već Momcilo a serija je božanstvena,filmovi,1,0
sr-00188,youtube,Uvek se vracam ovoj seriji.Toliko da mi nikad ne dosadi,filmovi,1,0
sr-00190,youtube,Ima mnogo samaca u braku,filmovi,0,1
sr-00191,youtube,Serija za Oskara. Predivna. Milos je pravi srpski glumac. Zelela bih da je nastave jos u par epizoda. Molba za Milosa i Brankicu.,filmovi,1,0
sr-00192,youtube,Neznam gde pobeci. Od vas na broju,filmovi,-1,1
sr-00193,youtube,"Prelepa serija. Cesto je gledam pre spavanja, daje tu neku nostalgiju koju cak ni ja sama nikad nisam dozivela. Stvarno prelepo",filmovi,1,0
sr-00197,youtube,bikovic je lep covek u svakom smislu,filmovi,1,0
sr-00198,youtube,Čudo da i ovdje Sloboda Mićalović nije uzela glavnu ulogu.,filmovi,-1,1
sr-00202,youtube,"Ah ta ljubav, čednost i strast. Ništa ljepše nepostoji. Naravno ko ima tu sreću u životu da mu se da prava ljubav. Kome se neda, šja,postoje ovako prelijepe knjige za utjehu. U svakom slučaju prijatna i draga serija. Uživao sam gledajući. A tek ta prelijepa čedna i nježna glumica Brankica Sebastijanović je pravi Anđeo..",filmovi,1,0
sr-00203,youtube,"Teta bravo, divna glumica a ljiljana i Radmilo, sad im je vreme za ovu svadbu... Divna serija",filmovi,1,0
sr-00204,youtube,"Odlicna Dusanka Stojanovic Glid,kao kucna pomocnica Julija....",filmovi,1,0
sr-00205,youtube,"Svaka čast na glumi, scenografiji, i naravno, Mir Jam na kreativnom umu koji je stvorio ovakvo umetničko filmsko delo! Malo lepša vremena nisu na odmet za doživeti, makar kroz male ekrane",filmovi,1,0
sr-00206,youtube,"Mislim da je gledam već šesti ili sedmi put i svaki put uživam u ljubavi Ljilje i Radmila i svakodnevno uživam u svim iskušenjima koje život stavlja na put ovom mladom paru... Uživam da gledam lijepe manire , kako mladići poštuju djevojke i kako im se udvaraju...jedno divno prošlo vrijeme",filmovi,1,0
sr-00209,youtube,Najbolja domaca serija posle Ranjenog orla Ali je bas prekratka,filmovi,1,0
sr-00210,youtube,Najbolje serije su: samac u braku i jedne ljetne noci,filmovi,0,0
sr-00212,youtube,"Možete li, molim vas, dodati srpske titlove (automatski generisane). Ovo bi bila velika pomoć ljudima koji uče srpski. Hvala puno unapred",filmovi,0,0
sr-00214,youtube,"Seriju gledam po drugi put, a film sam gledala par puta 20.08.2025.",filmovi,1,0
sr-00216,youtube,"Ova Ljiljana,premrsava kao Oliva",filmovi,-1,1
sr-00217,youtube,"Uvijek se vraćam i gledam ovu seriju,najboljaa. Vraća u divna vremena kad sam.čitala svaki roman od Mir-Jam. Toliko sam uživala u njihovom.čitanju,ali ovaj je najbolji! Biković je ovo odglumio fenomenalno,niko drugi ovo ne bi iznio kao onČesto gledam seriju,dok obavljam kućne poslove pustim ovo po cio dan vrti. I nikad mi ne dosadi!Vrhunska",filmovi,1,0
sr-00218,youtube,Volila bi da san iz ovoga vrimena. Svaku godinu iznova gledan seriju i uvik me odusevi.,filmovi,1,0
sr-00219,youtube,Ovo mi je omiljena prica ove spisateljice. Mogu je gledati svaki dan! Cak sam narucila i knjigu jer predpostavljam da je knjiga uvijek potpunija nego serija. Izvaredna gluma!,filmovi,1,0
sr-00220,youtube,"Serija koja se moze gledati uvek, malo mi je dosadna ova kucna pomocnica lose glumi",filmovi,0,0
sr-00221,youtube,odgovor vučica na rts1 u 19 glasova 10 12 2022,filmovi,0,0
sr-00225,youtube,"Predivna serija. Snimljeno sve kako treba. Priča, glumci, kostimografija, produkcija, a muzika .. uh muzika je top .. a Brankica je …. Jao kako patim Pozdrav Iz Istre",filmovi,1,0
sr-00226,youtube,Prekrasna priča! Danas s djecom sam ju odgledala u jednom dahu! Cijelo vrijeme i gledali i oduševljavali se umjetnicima koji su radili na ovom filmskom remek-djelu! Uloga Julije ih je posebno taknula.,filmovi,1,0
sr-00227,youtube,Ja imala 7 god kada se ovo snimalo 24:47,filmovi,0,0
sr-00230,youtube,"Kao tinejdjerka citala Sam Njene knjige, dok je svjet Jo's bio OK",filmovi,-1,1
sr-00231,youtube,"Na danasnje vreme ne treba se udavati dok ne prođes bar 4,5 muskarca tek onda mozes imati neko iskustvo",filmovi,0,1
sr-00232,youtube,Volim ovu seriju!!!!,filmovi,1,0
sr-00233,youtube,100x sam pogledala i nikad mi nije dosadila.,filmovi,1,0
sr-00236,youtube,"Prelepa serija ,koliko puta da je gledam uvjek bi je opet gledala.",filmovi,1,0
sr-00239,youtube,Svaka cas na glumi,filmovi,1,0
sr-00240,youtube,Sve sta bilo na piku kod mene na broj,filmovi,0,0
sr-00241,youtube,Divna serija nisam znaci sama koja gleda vise put ovu seriju,filmovi,1,0
sr-00242,youtube,10.41 ovaj most mi isti kao u ẓ̌ikinoj dinastiji kad žika kaẓ̌e otišao da vatam ribu,filmovi,0,0
sr-00243,youtube,41:14 ne mogu se nagledati i naslušati,filmovi,1,0
sr-00244,youtube,Serija koju gledam više puta,filmovi,1,0
sr-00245,youtube,"Titlovano na engleski,Dno dna dokle je dosao konzumerizam i novac da seriju na svom jeziku gledate na engleskom jeziku,Dno",filmovi,-1,0
sr-00248,youtube,"Ne znam ćirilicu, jel može neko da mi objasni koja je priča sa onom ruskinjom i Alaksejom?",filmovi,0,0
sr-00249,youtube,Baća najbolji. Išli smo u Afriku.....,filmovi,1,1
sr-00252,youtube,Serija kida pratim vas od prvog filma znači samo tako nastavite maras i baca najjači. Nikad nisam vidio ovakav film JUZNI VETARRR,filmovi,1,0
sr-00253,youtube,Ništa gluplje nije snimljeno od kako kamere postoje,filmovi,-1,0
sr-00254,youtube,Rekao bih da će i Crnogorka Vajova da se sveti,filmovi,0,0
sr-00256,youtube,"Zamislite da je npr Nikola Kojo glumio,Juzni Vjetar bi oborio sve rekorde a ne bio prosjecan film,npr Cetvrti Covjek sa Nikola Kojom koji nije imao ni blizu ovakav scenario je duplo bolji,steta sto nisu uzeli nekog ozbiljnijeg glumca ravnog ovom scenariju,a ne ovo dijete koje pojavom nimalo ne podsjeca niti ima taj filmski smek da igra ulogu kriminalca.Pozzz",filmovi,-1,0
sr-00257,youtube,"Amerikanci mogu samo željeti imati ovakvu kvalitetu filma i radnju, definitivno jedni od rijetkih koji su nastavili sa vrhunskom kinematografijom na prostorima bivše države. Nakon pregledanih svih dijelova i filma svaki put sam se pitao može li bolje, a uvijek novi dio ispadne iznad svih očekivanja i bolje od prethodnog!!! Ako se po jutru dan poznaje po traileru vidimo da će ovo biti top! Znači gori",filmovi,1,0
sr-00258,youtube,Na kojem programu mogu gledati ovo u hrvatskoj,filmovi,0,0
sr-00259,youtube,"Naježio sam se,mislim da će bit ovo najjaca dosad !! Jedva čekamo ,i ja i žena",filmovi,1,0
sr-00263,youtube,Na koji je to kanal na televiziji,filmovi,0,0
sr-00265,youtube,"Svaka scena oduzima dah, sreca pa je pandemija prosla",filmovi,1,0
sr-00267,youtube,Najjača serija ikad. Nema lošeg filma/serije gde Biković glumi,filmovi,1,0
sr-00269,youtube,Tako je Baćo neka si rekao,filmovi,1,0
sr-00270,youtube,Javi svima da je i svečano otvorena sezona lova,filmovi,0,0
sr-00272,youtube,"Malo je reći od početka Južnog Vetra pa do sada,do frhunskih glumaca,ubedljivo će biti ova sezona najbolja i najzanimljivija!!!Svaka čast,kidate i idalje ste najbolji kao i uvek cela ekipa!!!",filmovi,1,0
sr-00274,youtube,Kaze moja baba crveni ide u penziju ko i ja nikad,filmovi,0,1
sr-00275,youtube,Jednom davno jedan mudri baca je reko znam ja ovog indijanca,filmovi,1,1
sr-00276,youtube,Jedva čekam novi film. Imate moju podršku da se svaki put vratite još jači.,filmovi,1,0
sr-00277,youtube,Dopada mi se najava za nadolazecu sezonu.Verujem da cu uzivati dok budem gledala seriju.,filmovi,1,0
sr-00280,youtube,"Katastrofa od serije, muzika užas,toliko jaka da ne može da se prati serija. Ovog Bikovića forsiraju jer tu ima neko veliku zaradu. Jednostavno rečeno KATASTROFA. Novokomponovane serije ne gledam više.",filmovi,-1,0
sr-00281,youtube,Samo da ne unistite seriju kao što ste drugi deo filma!!,filmovi,-1,0
sr-00283,youtube,Zašto dama pije sama...,filmovi,0,1
sr-00285,youtube,Hrvati su najstariji narod,filmovi,0,1
sr-00286,youtube,Gdje se mogu gledati serije???,filmovi,0,0
sr-00288,youtube,au najbolji do sad,filmovi,1,0
sr-00289,youtube,Najjaca serija majke mi,filmovi,1,0
sr-00293,youtube,Au najezi se svaka cast,filmovi,1,0
sr-00295,youtube,Gde moze da se gleda serija za sezonu 2 i tri? Samo bilm mogu da nadjem za 2. A trecu ni film ni seriju,filmovi,0,0
sr-00296,youtube,Zna li neko gde ce se emituje?,filmovi,0,0
sr-00297,youtube,Oce biti premijera u bioskopu kao film il na rts svake nedelje,filmovi,0,0
sr-00300,youtube,To je to samo nastavite i da snimite jos 5 sezona serije i filma 10 tka,filmovi,1,0
sr-00301,youtube,Al ce klinci da se loze na kriminal,filmovi,-1,0
sr-00302,youtube,"S obzirom koliko su para potrosili na seriju mogli su ju realnije napravit,ovo djeluje koda je radeno za klince u osnovnoj skoli‍",filmovi,0,0
sr-00306,youtube,Ton u serije nije uravnotežen.Preglasna muzika u pojedinim trenucima.,filmovi,-1,0
sr-00310,youtube,Kad izlazi serija,filmovi,0,0
sr-00311,youtube,Vucicevi stakori...pojmasi od glume,filmovi,-1,1
sr-00313,youtube,Topina jedva cekam da gledam u subotu,filmovi,1,0
sr-00314,youtube,Kako da nadjem tu seriju,filmovi,0,0
sr-00315,youtube,Super što ste ubacili žene u radnju.,filmovi,-1,1
sr-00316,youtube,"Jel moze da mi neko kaze neku stranicu, gde mogu na internetu da gledam seriju..",filmovi,0,0
sr-00318,youtube,Trejler je super nemogu da docekam film,filmovi,1,0
sr-00324,youtube,"Šta mogu reći osim da film predstavlja realnost ili beogradski gas , gde je gudra postala trend. Ako nam čovek na čelu države dozvoljava da ovo ide na tv-u , znači da se i sam pali na kriminal .",filmovi,-1,1
sr-00325,youtube,"Previse nasilja u seriji,kakav primer dajete omladini?Reditelje i glumce novcano kazniti debelo!",filmovi,-1,0
sr-00327,youtube,"Dva Holivudska glumca doveli,svaka im cast. Dejvid Boldvil je onaj bez naocara",filmovi,0,1
sr-00329,youtube,"Gledam turske krimi serije.. . Tek sad vidim koliko je nasa gluma ""losa""...",filmovi,-1,0
sr-00336,youtube,Gdje se moze ovo gledat iz pocetka ???,filmovi,0,0
sr-00340,youtube,Ova dva Amerikanca nemaju posla u svojoj državi pa su došli ovde.,filmovi,-1,1
sr-00343,youtube,Dal ce se prikazivati serija i na RTS SVET?,filmovi,0,0
sr-00344,youtube,"Ja ne znam kako ljudi mogu gledati ovo smeće. Odgledao sam prvu sezonu preko kanala RTL2 jer se ovo slavi kao jedno od ""najboljih i najnapetijih ostvarenja balkanske kinematografije"". Očekivao sam nešto wow, nešto moćno, fantastično odglumljeno, vrhunski izrežirano i nevjerojatno napisano... I razočarao sam se unutar prve epizode. Gluma je amaterska i jeftina. Kao da gledam neke jadnike koji pokušavaju ispasti opaki iako nisu ni blizu tome. Da usporedimo to se Ardenom Barjaktarjem u Besi (uvjerljivo superiornijoj srpskoj seriji) koji je svog lika doveo do nevjerojatne kompleksnosti, a iz njega izlazi surova moć i aura straha. Da se sretnem s čovjekom u liftu ja bi se pošteno upiškio. Svi glumci u Južnom vetru preglumljavaju i izigravaju neke macho likove kojima bi se smijao da ih sretnem u stvarnosti. Scenarij je užaasan i spada na najnižije i najjeftinije clichee koje smo već viđali u sličnim akcijiskim i krimi produkcijama raznih zemalja, od SAD-a pa nadalje. Tryhard, edgy, amaterski, a doima se kao da ga je napisao učenik petog razreda osnovne, a ne odrastao kompetentan scenarist. Čak i da se izbaci element da serija glorificira kriminal te je poslužila inspiracija za stvarnu zločinačku scenu, scenarij ne postaje dobar. Glazba je bljutava i jedva sam kroz svaku epizodu prosjedio koliko su mi uši krvarile od nje. Uglavnom, totalno smeće za koje su izdvojeni preveliki novci.",filmovi,-1,1
sr-00353,youtube,"Biće biće, jako napeto! Osećam!",filmovi,0,0
sr-00356,youtube,"Svaki element projekta je svaki put sve bolji, svaka cast!",filmovi,1,0
sr-00360,youtube,"hahha eee sinovci 92% istinske realnosti trenutne prikazuje se kroz FILM! BUM,BUM samo ‍",filmovi,0,0
sr-00364,youtube,"Prva epizoda je krenula mnogo komplikovano i glupo,odmah rafali,odmah juriš,odmah akcija,pa ne ide tim redom ,akcija je na kraju",filmovi,-1,0
sr-00365,youtube,Jedna od najgorih serija ikada. Za klince je ovo kidanje i najbolje. Ali ovo je totalno smece od serije,filmovi,-1,0
sr-00368,youtube,"Brutalna glumačka ekipa, dopada mi se što je uključeno i puno stranaca",filmovi,1,0
sr-00375,youtube,Nije ovo Kiosk bre. Övo je firmmaaaa,filmovi,0,1
sr-00379,youtube,Nisam srecnik za to Al aj da probam,filmovi,0,1
sr-00380,youtube,"Ova serija je fenomenalna moja preporuka da pogledate sve sezone ove serije svaka cast za glumce I reditelja,najbolji glumci reditelji sve je beskonacno dobro svaka cast momci gluma nije lak posao svaka cast i daj boze da snimate jos I da ste svi zivi I zdravi,VOLI VAS CEO SVET",filmovi,1,0
sr-00382,youtube,Juzni vetar nema granica ni vreme,filmovi,0,0
sr-00385,youtube,Napeta serija zaslužuje veću ocjenu na IMDB!!,filmovi,1,0
sr-00386,youtube,Najveća greška je sto serija ne može da se bindžuje,filmovi,0,0
sr-00388,youtube,"Kakav god trejler,film,seriju izbacili nikad nemože biti nešto loše.NAJJAČA EKIPA IKAD!!!",filmovi,1,0
sr-00392,youtube,Hoce li biti serija ili film?,filmovi,0,0
sr-00401,youtube,NAJSTARIJI NAROD SRBI,filmovi,0,1
sr-00402,youtube,"U Americi sam Kako ovu seriju da gledam na internetu,mislim legalno? Sta da ukucam,Netflix?",filmovi,-1,1
sr-00405,youtube,Ovo parodija John Wicka,filmovi,-1,1
sr-00406,youtube,Najstariji narod pjeva ,filmovi,0,1
sr-00411,youtube,sta gleda ova glupa generacija ??,filmovi,-1,1
sr-00412,youtube,57:48 koja je ovo pesma u pozadini,filmovi,0,0
sr-00414,youtube,"27:24 , Marina je tu u crvenoj jakni izgledala najbolje..",filmovi,1,0
sr-00415,youtube,Maestralno!Žika je jedan od retkih potomaka slavnih glumaca koji je nasledio očev talenat i profesionalno ga dostigao!,filmovi,1,0
sr-00416,youtube,"Kakva filmčina naše mladosti, više manje smo točno tako živjeli i točno tako završili :)",filmovi,1,0
sr-00418,youtube,"Obozavam ove romanticne pesme od Vampira,najromanticnije su i fenomenalne Pretuzno je da imamo bas malo romanticnih filmova,verovatno je najteze glumiti ljubav,lako je glumiti kriminalca,mafijasa,ratnika,ali glumiti ljubav ne. Ovo je jedan od nasih najboljih ljubavnih filmova,najbolja uloga Nikole Koje,vec 2. deo je losiji nazalost. Milena Pavlovic prirodna devojka,Branka Katic najharizmaticnija nasa glumica ikada,ovo su lepotice,a ne danasnje izvestacene zene koje muskarci smatraju lepima. Poruka filma je sjajna,Nikola ipak bira porodicu i pravu ljubav,a ne devojke za prolazna zadovoljstva na jednu noc.Nazalost,nije ovako u realnosti u kojoj muskarci biraju prolazna zadovoljstva i bitan im je samo fizicki izgled... Zaista fantastican scenario. Gledam film par dana pre Nove godine,srecna svima Nova 2026. godina,volela bih da nasa kinematografija ozivi iz mrtvih,da ponovo snimimo ovako nesto i da se ponovo ceni najvrednija stvar na svetu,a to je ljubav",filmovi,1,1
sr-00421,youtube,Ovo je jedan od najboljih filmova ikada u istoriji covecanstva. Ne znam koliko je ljudi svestno toga,filmovi,1,0
sr-00422,youtube,"Kultni film, film nase mladosti, pun replika koje i danas koristimo.",filmovi,1,0
sr-00424,youtube,"1:22:58 da li neko zna kako se zove ova pesma,nigde ne mogu da je nadjem :(",filmovi,0,0
sr-00427,youtube,45:07 Bogdan Diklić ko Dejvid Geta,filmovi,0,1
sr-00428,youtube,Nisam ti ja Majka!,filmovi,0,1
sr-00429,youtube,Film je glup,filmovi,-1,0
sr-00431,youtube,"Filmicina hvala sto si postavio pratim te,gledao sam ga bezbroj puta i nikad ne dosadi sa ovakvom ekipom poz",filmovi,1,0
sr-00435,youtube,Dok je Beograd bio grad i dok su šmekeri još uvek postojali,filmovi,0,1
sr-00436,youtube,Kako su se beogradjanke nekad izdvajale po svemu aoo...jedva smo cekali da dodje ljeto da dodju na more po svemu jedinstvene su bile izgled oblacenje ponasanje stav hod šarm prica sve...i to se izgubilo skroz nazalost,filmovi,-1,0
sr-00437,youtube,"Sećam se da sam te godine gledao dodelu nekakvih filmskih nagrada, i da su sve odneli Anđeli i Crni bombarder. Da, nije bilo nikakvo čudo da se dodeljuju filmske nagrade i da u jednoj godini imamo takva dva ostvarenja. Sad jedva da pravimo bilo šta vredno pažnje...",filmovi,-1,0
sr-00442,youtube,Majko mila kakva ljepotica od zene sto glumi Racinu sestru od tetke sto plese sa Nikolom na podijumu,filmovi,0,0
sr-00443,youtube,Od svih replika iz Andjela ne može čovek da se odluči koja je najbolja.Sve su vrhunske i dan danas rado ih ponavljam.Hvala Srdjanu Dragojeviću na filmu za večnost,filmovi,1,0
sr-00445,youtube,Jedan od posljednjih filmova koje je iznjedrila Jugoslovenska kinematografija. Najbolji vrhunski glumci.,filmovi,1,0
sr-00447,youtube,"Glogi….. kakva je to bila glumčina , takvi se više ne radjaju ..",filmovi,1,0
sr-00449,youtube,Kakav film.gledao sam ga ne znam koliko puta. I uvek emocije su jake. bravo svima.,filmovi,1,0
sr-00450,youtube,Ova Tijana stvarno nervira...,filmovi,-1,0
sr-00451,youtube,"Remek - delo...Dragi naš Glogi, nikad prežaljeni, a kamoli prevaziđeni, koliko nam nedostaješ...",filmovi,0,0
sr-00452,youtube,"Ja mislim da samo mi Srbi smo ti koji bi radije ostali u svom domu dok padaju bombe, nego trcali u sklonište! Ja sam imala 10 godina kad je ovo bilo, i mene je mama vodila u sklonište, ali ovo kad gledam, i ovu hrabrost, ovaj INAT SRPSKI, dodje mi da zaplačem! Nista jace od INATA!",filmovi,1,0
sr-00453,youtube,"Kakva ribica je bila Kaja Žutić...Šteta što se nije razmnožavala, ima odličnu genetiku.",filmovi,1,1
sr-00454,youtube,"Celo bombardovanje sam proveo na basketaskom iza srednje skole. Da, mator sam",filmovi,0,1
sr-00458,youtube,"Koliko je Ana Sofrenović loša glumica, to boli...",filmovi,-1,1
sr-00459,youtube,"Kako god, uvijek nevini nastradaju. Ko rat želio u kući mu bio 24/7",filmovi,-1,1
sr-00460,youtube,"Imao sam 17 godina '99 i bilo mi je super. Sad tek, posle toliko godina shvatam šta su nam sotone sa zapada uradile...sve im najgore želim i pocrkali do poslednjeg!",filmovi,-1,1
sr-00461,youtube,Top film!porodični i porodične stvari.,filmovi,1,0
sr-00462,youtube,Nikad nisam plako kad je film u pitanju osim u ovome mamu vam beogradani al vas volim,filmovi,1,0
sr-00463,youtube,"Jest odglumio bosanca, prejako",filmovi,1,0
sr-00464,youtube,Serija iz doba smisla,filmovi,1,0
sr-00466,youtube,Jedna od boljih,filmovi,1,0
sr-00467,youtube,"Kakva serija kako se nekad ovo sa uzivanjem gledalo dok smo bili klinci, kako me vraca u neko lepse vreme",filmovi,1,0
sr-00468,youtube,"Najbolja serija snimljena u tom periodu, a slobodno može ući u top 15 posle 2000-tih",filmovi,1,0
sr-00469,youtube,"Čoveče,koji flashback",filmovi,1,0
sr-00470,youtube,Nemojte razvlaciti sadrzaj snimljen u 4:3 formatu izgleda uzasno,filmovi,-1,0
sr-00471,youtube,Plagijat na Bitange i Princeze,filmovi,-1,0
sr-00472,youtube,Fenomenalna serija,filmovi,1,0
sr-00473,youtube,Jedna od jacih serija,filmovi,1,0
sr-00474,youtube,"Bravo kao da je juče bilo, prođe 14 godina..",filmovi,1,0
sr-00475,youtube,Nisam znao da glumi Nikola Kojo,filmovi,0,0
sr-00476,youtube,"Super serija sem ove smaračice Nikoline, očajna je",filmovi,1,0
sr-00477,youtube,Obozavala sam ovu seriju Jel moguce da je ovoliko proslo godina????,filmovi,0,0
sr-00478,youtube,Ovo zbog sergeja necu gledati,filmovi,-1,0
sr-00479,youtube,"Odlicna serija super glumci ,posebno Kojo meni omiljeni glumac...",filmovi,1,1
sr-00480,youtube,Kada počinje serija?,filmovi,0,0
sr-00481,youtube,Krivo je more teška je to pjesma JAKOOO,filmovi,0,1
sr-00482,youtube,"Jedva čekanjeee predobrih, prelepih i talentovanih glumaca!",filmovi,1,0
sr-00483,youtube,Pahuljice jedu samo oni koji neznaju da kuvaju,filmovi,-1,1
sr-00484,youtube,"Ala je otpevao na kraju, svaka cast, nije laka pesma..",filmovi,1,0
sr-00485,youtube,"Ovu seriju je ubila dužina uvodne špice i ništa više. To je ogroman problem i čudi me da niko nije to prokomentarisao. 3 minuta traje uvodna špica za sitkom?! Neviđen propust, a čini mi se da se to redovno dešava tom reditelju.",filmovi,-1,0
sr-00486,youtube,Iznenađujete nas sa serijama u posljednje vrijeme,filmovi,0,1
sr-00487,youtube,"Ovo se cekalo, odlicna serija, hvala rtsu na prikazivanju.",filmovi,1,0
sr-00488,youtube,Predivna serija,filmovi,1,0
sr-00489,youtube,Hvalaa najlepse oboozavam ovu seriju,filmovi,1,0
sr-00490,youtube,"Bravo kao da je juče bilo, prođe 15 godina..",filmovi,1,0
sr-00491,youtube,Ovu seriju sam gledao na rts 1 nešto malo kod babe i dede kad sam bio mali.i svidela mi se i odlična je.,filmovi,1,0
sr-00492,youtube,Anđela..zbog tebe sam zavolio ovu seriju.,filmovi,1,0
sr-00493,youtube,Hvala vam što vraćate stare epizode! Već sam se bila uplašila da ih više neće biti. Mnogo volim ovu seriju i ogroman je njen značaj u mom životu.,filmovi,1,0
sr-00494,youtube,Kultna serija datog vremena.Neponovljivo,filmovi,1,0
sr-00495,youtube,"Legendarna serija,serija mog detinjstva",filmovi,1,0
sr-00496,youtube,"Odlično, svaka čast! Samo još jedan predlog, da ubacite prevode za strance, šteta da ovo propuste!",filmovi,1,0
sr-00497,youtube,Remasterizujte sveeee! Pliz!,filmovi,0,0
sr-00499,youtube,Katarinin nacin odevanja u to vreme je bio sok.Ipak su to bile devedesete.,filmovi,0,0
sr-00500,youtube,"Zanimljivo sto posle 8 dana od kad je okacena ova HD verzija ima 139 pregleda, za par meseci kad ljudi pocnu da gledaju to ce biti sigurno mnogo veca brojka. Pozz za produkciju Monte Royal",filmovi,0,0
sr-00501,youtube,"Jedina serija 90-ih u kojoj nema psovki,prostakluka. Žao mi je što ne odgledah tada",filmovi,1,0
sr-00502,youtube,Samo da se vrati nova sezona i miran sam,filmovi,0,0
sr-00503,youtube,Hvala što ste vratili seriju na YouTube,filmovi,1,0
sr-00504,youtube,Koliko je iritantan ovaj nalepljeni logo koji veze nema s estetikom serije.,filmovi,-1,0
sr-00506,youtube,Da li je moguce da se ubace engleski titlovi?,filmovi,0,0
sr-00507,youtube,2024g gledam i sećam se,filmovi,0,0
sr-00508,youtube,"Da li postoje neki prevodi ove serije na engleski ili spanski ? Pokušavam godinu dana da je pustim cimerima i nema šanse. Čudno da neko do sada nije napravio. Help. Inače, super za remaster.",filmovi,1,0
sr-00509,youtube,"Da li je moguće da su vam u playlisti prve sezone epizode poređane od poslednje ka prvoj? Popravite to. Epizode u playlisti treba da budu od najstarije ka novijim, da bi moglo da se gleda i da lista ima smisla",filmovi,-1,0
sr-00510,youtube,24:00 Vi ste geniji!,filmovi,0,0
sr-00511,youtube,Mamine replike - vrh dramske umjetnosti!,filmovi,-1,1
sr-00512,youtube,Najbolja serija iz 90-ih ikada...,filmovi,1,0
sr-00513,youtube,Vesna Trivalic je ovde imala 28 godina,filmovi,0,0
sr-00514,youtube,"Izbacite sve epizode molim vas,svaka čast i hvala",filmovi,1,0
sr-00515,youtube,"""Da ne bismo ulazili sad u to, ko je ovde lud a ko paranormalan""",filmovi,-1,1
sr-00516,youtube,"Hvala ti do neba. A snimak je ne može bolji, konačno da odgledam ponovo.",filmovi,1,0
sr-00517,youtube,Delča je zaista bio genije. Kao i Olivera Marković.,filmovi,1,0
sr-00518,youtube,"Sećam se kada se pojavila serija. Bio sam jako srećan kada sam video da nisam jedini klinac koji gleda prenose Narodne skupštine. Inače, tada se pojavila i serija ""Srećni ljudi"", koja je bila narodna, a ova serija važila je za mix EKV+Partibrejkersi+Bajaga i instruktori. Da se muzički izrazim. :D",filmovi,1,1
sr-00519,youtube,Katarinin monolog je nesto genijalno.,filmovi,1,0
sr-00520,youtube,Serija je fenomenalna! Hvala!,filmovi,1,0
sr-00521,youtube,"Bravo,serija,glumci sve...a toliko godina prodje",filmovi,1,1
sr-00522,youtube,Neprevaziđena Vesna Trivalić ove današnje generacije glumaca da gledaju i da se uče.,filmovi,0,0
sr-00523,youtube,Hvala Vam od srca. Izuzetna serija sa humorom koji nikada neće dosaditi.. Samo što ne znaju svi to da cene jer ne mogu taj humor da prepoznaju..,filmovi,1,0
sr-00524,youtube,Gledam ga vec 6 put i nije mi se smucilo,filmovi,1,0
sr-00525,youtube,Djumruk mu dodje ugljen. Eto znam strani jezik malo.,filmovi,0,1
sr-00526,youtube,12:05 rešenje je -pi/2 a ne samo pi/2.,filmovi,0,1
sr-00527,youtube,"Film mog detinjstva, a takođe sam zato upisala gimnaziju, a bila sam zaista razočarana što moj razred nije takav al' ajde",filmovi,1,0
sr-00528,youtube,Ja sam dete sa 9 godina i ovo mi je omiljen film a moje drugarice ni ne znaju za taj film,filmovi,0,0
sr-00530,youtube,Nikad neće biti sabrato ovoliko znastvenih Srba u nekom kulturnom ostvarenju,filmovi,1,0
sr-00533,youtube,Ja ovo gledam miliona puta!!!,filmovi,1,0
sr-00534,youtube,"Film je zapravo bogato producirana, tendenciozna i patetična laž.",filmovi,-1,0
sr-00535,youtube,"A onda je došao ,karadjordje,pašić,ranković,djilas,tito...Posle nikako da se oslobodimo komunista ,pa eto pokojnog Slobe, NVO ,domačih špijuna i naravno,pink,koji su nas odvojili od, tradicije ,istorije ,vrednosti,morala,kulture i lepote življenja.Film za 10.",filmovi,1,1
sr-00536,youtube,"Predivni steeee ,haha sve mangup do mangupa .........",filmovi,1,0
sr-00538,youtube,Ovo je remek delo ni sam ne znam koliko puta sam ga gledao i svaki put kao da je prvi,filmovi,1,0
sr-00539,youtube,Ja sam odusevljena,filmovi,1,0
sr-00541,youtube,"Odlican film.Lepo receno i tacno. Samo veliko znanja i cestit rad ostavlja traga. Bez moralnosti ti nema ni temeljnog znanja ,a ni cestitog rada.Moralnost i lepota zivota se uce od malih nogu. Najveci covek prijatelj su zdrava porodica i ucitelji,nastavnici, profesori.",filmovi,1,0
sr-00542,youtube,Prekrasan film Podsjeća me na priče mog pokojnog supruga o njegovim gimnazijskim danima Hvala!,filmovi,1,0
sr-00543,youtube,Ali osmica simbolizira beskonacnost,filmovi,1,1
sr-00544,youtube,Moj najdraži filmm!,filmovi,0,0
sr-00545,youtube,Od 1:37:41 do 1:38:19 scena da se naježiš.Film koji nikad neću prestat gledati,filmovi,0,0
sr-00546,youtube,Ovde glumi Ivan Bosiijčić profesora muzičkog‍‍‍,filmovi,0,0
sr-00547,youtube,"Isus je Put, Istina i Život",filmovi,0,0
sr-00548,youtube,A jel izvuko on one ribe ili,filmovi,0,1
sr-00549,youtube,Obe verzije ovog filma su odlicne bas kao i glumacke ekipe.,filmovi,1,0
sr-00550,youtube,Ti nepogresivi su najveci problem,filmovi,-1,1
sr-00553,youtube,"Prekrasna serija , divni glumci ,sa toliko kulture , obozavam ovu seriju ......",filmovi,1,0
sr-00554,youtube,"Nekada se pjevala serenade, a sada sere nada",filmovi,-1,1
sr-00555,youtube,Mangupski film kao sto profesor kaze...ekipa glumaca je vrhunska da bi Holivud pozavidio .film VRHUNSKI a poenta je najbitnija ....POŠTOVANJE I OBRAZOVANJE,filmovi,1,0
sr-00556,youtube,Imam 12 godina a ovo mi je omiljeni film moj čitav razred ga je odgledao nisu sve nove generacije toliko neobrazovane.,filmovi,1,0
sr-00557,youtube,"Kakav glumac, neprevazidjeni talenat i umetnik svog života.",filmovi,1,0
sr-00558,youtube,Mladici ce povjerovati da im stvarno netko radi o glavi,filmovi,-1,1
sr-00559,youtube,"Lepo, ali to je davno prošlo vreme koje se nikada neće vratiti. Treba živeti neke vrednosti danas u današnjim uslovima.",filmovi,0,0
sr-00560,youtube,"Neki su pjesnici, a neki su sretni",filmovi,0,1
sr-00561,youtube,Nije lako zaljubiti se u ministarsku kcer,filmovi,0,1
sr-00562,youtube,Ko gleda u 2024?,filmovi,0,0
sr-00563,youtube,"Ja sam 2012 godište i ovo gledam šesti put u godini dana i preporučujem svima da gledaju ovaj film, niko neće zažaliti",filmovi,1,0
sr-00564,youtube,ovo je najboji film,filmovi,0,0
sr-00565,youtube,"Bravo Za profesora, divnih glumaca koji su odglumili ovu divnu istorijsku generaciju. Smešna, simpatična, lepa sko 10 puta sam to gledala i uvek je zanimljivo. Bravo momci sada već popularni glumci... Naravno još uvek mladi",filmovi,1,1
sr-00566,youtube,"Simpatičan film, ali su Ivkova slava ili Zone Zamfirova viši nivo. Cijenim vašu kinematografiju, daleko ste ispred nas, mi smo stali na Tko pjeva zlo ne misli i očito ćemo tu i ostati.",filmovi,1,0
sr-00567,youtube,"Koja kultura ,prvo znanje Francuskog jezika drugo prekrasni momci glasom i stasom.....",filmovi,1,0
sr-00568,youtube,"Znaj cijeli svijete da diplomirao sam gimnaziju danas, i da su mi oči pune suza od ovog filma",filmovi,0,0
sr-00570,youtube,"jedan od nasih najboljih filmova, svaka cast!",filmovi,1,0
sr-00571,youtube,"Prelepo, Priča vremena prošlog, Nekada priče iskrene ljubavi behu u, Osmehu, pogledu, dodiru i migu očiju, Beše nekad.......",filmovi,1,0
sr-00572,youtube,Ovo film za ljude sa manjim iq ?,filmovi,-1,1
sr-00574,youtube,"Demonstration, kako to politicki zvuci",filmovi,0,0
sr-00575,youtube,ja sam e u jednom trenutku rasplakala predobar film\serija,filmovi,1,0
sr-00577,youtube,"Ovakvih filmova danas ne snimaju..jer je za danasnje vreme popularno gledati svaku izopacenost, nasilje, pornografiju i dr gadosti...a ovakve prelepe osobine casti, vaspitanje porodicno i zajednicka podrska medju drugovima i prijateljima, pa cak i nevini nestasluci vise ne postoje...",filmovi,1,1
sr-00578,youtube,Kad Gledam Ovaj Film Uvek Se Rasplacem Na Kraju Dobar Film Za Sve Generacije,filmovi,1,0
sr-00581,youtube,Ovo mogu da gledam 1000 puta neće mi dosaditi,filmovi,1,0
sr-00582,youtube,Da su nas ovako slali u cosak mozda nam danas nebi bilo coskasto,filmovi,1,1
sr-00583,youtube,ovaj je film za sva vremena,filmovi,0,0
sr-00584,youtube,"Otužan prijevod, film vrhunski",filmovi,0,0
sr-00585,youtube,Meni je nahdraza ona scena u noci kada su milorad i ova devojka ljube na prozoru neznam sto mi je to omiljeno,filmovi,0,0
sr-00586,youtube,Kamo lepe srece ovako da razgovaraju danasnji djaci I profesori danas,filmovi,1,1
sr-00588,youtube,Moj najdraži film. Sve je predivno. Ne znam koliko puta sam ga odgledala i koliko cu jos puta. I uvijek sam jednako opcinjena.,filmovi,1,0
sr-00590,youtube,Ovo je najbolja serija.,filmovi,1,0
sr-00591,youtube,Kako divno odlični glumci,filmovi,1,0
sr-00593,youtube,"Neko za vreme blokada, živeli studenti i bez predaje",filmovi,1,1
sr-00594,youtube,samo što je rešenje trigonometrijske jednačine je - p/2 ne p/2,filmovi,0,1
sr-00595,youtube,Ovome je stalno u glavi neprijatelj,filmovi,-1,1
sr-00596,youtube,"milina za gledanje, predivan film",filmovi,1,0
sr-00597,youtube,Film i serija su remek djelo dragog nam reditelja Zdravka Sotre.Pozdrav od jedne bake,filmovi,1,0
sr-00598,youtube,"5+,,dostojanstvo,postovanje,čast,znanje.....trebao bi biti u skolskim programima općeg obrazovanja u zemljama regije!!!",filmovi,1,0
sr-00599,youtube,Moj najdraži film,filmovi,1,0
sr-00601,youtube,"A sad usporedite Srbiju od 1990.na ovamo, zadnje godine pogotovo - od potomaka ovih dragulja nema nikoga, kao ni potomaka solunskih boraca.",filmovi,1,1
sr-00602,youtube,"I nama su pricali da neke stvari moramo znati, pa sada vise ne moramo znati. Dapace",filmovi,-1,1
sr-00603,youtube,"Koji glumac prica na pocetku filma. ..poznat mi glas ,a ne mogu odgonetnuti",filmovi,0,0
sr-00604,youtube,"Ništa posebno, izvikano. Ovi što pljuju današnje sve, neka krenu od sebe i svoje dece. A ja kao profesor imam dobro iskustvo. Ali nisu biseri za blato. I jadna omladina sa takvim terorom starijih.",filmovi,-1,1
sr-00605,youtube,Tada je država bila Sila. A sada je ništa i predsednik je ništa.,filmovi,-1,0
sr-00608,youtube,ako ona scena kad je ušao sa frakom i cilindrom nije improvizirana...nemre se takav smijeh odglumit....hahahaha,filmovi,1,1
sr-00610,youtube,Moj najdrazi Film,filmovi,0,0
sr-00613,youtube,Ovaj gospodin direktor lici na Rasputina boze sacuvaj bas je creepy,filmovi,-1,1
sr-00614,youtube,Pametni mladici su kaznili pedanteriju,filmovi,-1,1
sr-00615,youtube,ja gledam ovaj film svaki dan i nikad mi nije dosadno,filmovi,-1,0
sr-00616,youtube,"Čuješ li ovo Švabo neće ti ovaj oteti Zemun, ja ću",filmovi,0,1
sr-00618,youtube,Siler I gde su bili mozda dvije rijetke velicine koje su se voljele...,filmovi,0,0
sr-00619,youtube,Fantastičan film - serija,filmovi,1,0
sr-00621,youtube,"Kako je lijepo vidjeti kad se snimi lijep film bez golotinje, gluparija i ostalih sranja , nije bitno tko je tko glavno da si čovjek , sve pohvale za film top je",filmovi,1,0
sr-00622,youtube,Obozavam ovaj film,filmovi,1,0
sr-00623,youtube,Direktore je vise zanimala vlast nego ucenici,filmovi,-1,1
sr-00624,youtube,"Slučajno se pustio na YouTubeu ovaj film, odgledao sam ga od početka do kraja. Fantastičan film, humor je na nivou, podsetio sam se i školskih dana.",filmovi,1,0
sr-00625,youtube,Trebali bi ga cesto prikazivat u Skolama. Da djeca nauce osnovno ponasanje i postovanje.,filmovi,1,0
sr-00626,youtube,Ja kad pogledam ovaj film mi dan bude bolji,filmovi,1,0
sr-00629,youtube,"Jako poucan i predivan film, sto puta ga mogu gledati. Wredan pamćenja i gledanja.",filmovi,1,0
sr-00630,youtube,"Najbolji film, bravo za sve koji su učestvovali u glumi i reziranju ovog filma",filmovi,1,0
sr-00631,youtube,"Nekada su deca imala prave uzore. Danas su to Lukas i Karleusa. Imamo prelep jezik, danas ga mladi ne govore. Sada je tebra, gilje, bleja... Udjes u prodavnicu nazoves boga, ili dobar dan, gledaju te kao da si sa Marsa pao.",filmovi,-1,1
sr-00633,youtube,Na kraju zamalo da sam zaplako,filmovi,1,0
sr-00636,youtube,Od svih cvijica Jovan je bio najveci,filmovi,1,0
sr-00638,youtube,"joj ovog bikovica,ko lutka je",filmovi,1,0
sr-00641,youtube,Kako bi zivot bio lep da je više Prof. Vujica i njegovih mangupa na ovoj planeti,filmovi,1,0
sr-00642,youtube,Ovaj film je snimljen po istinitom događaju iz 19 veka a današnja generacije ništa ne zna jadno je što je 21 vek danas studenti gledaju kako da blokiraju u mesto da uče,filmovi,-1,0
sr-00643,youtube,Onaj kaze vas 4 bicete zapisani a gde u istoriji a najace oni su stvaraoci istorije,filmovi,0,1
sr-00646,youtube,"Ne razumem, zašto je kraj filma tako nerealan",filmovi,0,1
sr-00647,youtube,Sve mi se čini da će ovo biti mjuzikl umesto filma,filmovi,-1,1
sr-00652,youtube,Kraj me razočarao iskreno,filmovi,-1,0
sr-00655,youtube,"A gdje se moze Film gledati? Amazone ,Netlix? Super ste",filmovi,1,1
sr-00659,youtube,*Najgori film u poslednjih 100 godina*,filmovi,-1,0
sr-00660,youtube,"Pa i ne uliva mi previše poverenje trejler. Prva sezona je bila koliko toliko realistična. Mafija, Italija, tenderi, služba. Ovo mi sad deluje kao Holivudsko preterivajje u stilu Ramba i Umri muški filmova i nekih trulih fora koje mogu da kupe klinci iz osnovne škole jedino. Realno klincima samo daj pucnjave i loženje i biće zadovoljni. Znam da je ovo film ali se serija nadovezuje...",filmovi,-1,0
sr-00661,youtube,Znaci odma ste upropastili sve al ajde,filmovi,-1,0
sr-00663,youtube,"Prepun glupih i dosadnih scena, ocjena 6/10....",filmovi,-1,0
sr-00665,youtube,"Sram Vas bilo! Evakuisete ljude posle 30 minuta projekcije sa premijere u Ada Mallu, doslovno ih izbacite napolje, ne obavestite da ce se premijera nastaviti ubrzo i celokupnu pricu oko pozara iskulirate i dovedete glumce da im tapse 15 ljudi u sali! Svaka cast, mnogi nisu to ocekivali!",filmovi,-1,1
sr-00670,youtube,Jedno pitanje da li je to film ili je to kao prvi put 3 epizode prve sezone pa sad opet 3 epizode druge sezone?,filmovi,0,0
sr-00671,youtube,Pogledao film ima 2 mj. predobar je....,filmovi,0,0
sr-00672,youtube,"Ne mogu tu seka persa ekipicu da shvatim i gledam ozbiljno kao neke ""opasne"" likove. Previse mi je smesno ovo. :D",filmovi,-1,1
sr-00673,youtube,Ovo ce da ide viral van Srbije,filmovi,1,0
sr-00679,youtube,Ako je ko gledo u nek kaze koju informaciju,filmovi,0,0
sr-00680,youtube,"Ja ne znam kako ljudi mogu gledati ovaj film i uživati u njemu. Em je scenarij napisan kao da ga je napisao klinac od 12 godina, em je gluma na razini predstava u osnovnim školama, em je režija zaboravljiva i vizualno nezanimljiva, a o groznoj glazbi da i ne pričam. Kombinacija nepotrebne amerikanizacije srpske kinematografije i glorifikiacije kriminala, a dobiva pažnju i popularnost veću od onih koju imaju neki stvarno kvalitetni srpski filmovi i serije.",filmovi,-1,0
sr-00681,youtube,Meni je najjace svadjanje u chetu hhahaha,filmovi,0,1
sr-00689,youtube,"Ovo za ovu đecu film,da se malo igraju kriminalaca.Bravo majstori pii",filmovi,-1,1
sr-00692,youtube,"trejler pola filma spojlovao, druga stvar radnja je nikakva kao 1 epizoda serije, ocekivan kraj i uvod i seriju. film 5 od 10",filmovi,-1,0
sr-00696,youtube,Promocija kriminala brzog i kratkog zivota.,filmovi,-1,0
sr-00697,youtube,kako da gledam nema bioskopa u mom selu,filmovi,-1,0
sr-00698,youtube,"Hahaha meni ovo liči na Janes Bonda, malo su se preigrali sa ovim filmom",filmovi,-1,1
sr-00699,youtube,"Jedna od rijetkih serija/filmova koju su pokvarile glavne uloge, mada i pored katastrofalne glume i ovog drugog opet je dobra. Kad bi se nekako mogli isijeći svi dijelovi u kojima se oni pojavljuju bilo bi top, jer su sve ""sporedne"" uloge vrhunski odradile posao sa antologijskim scenama, a ova dvojica su odglumila opasne kriminalce isto dva Micky mausa ...",filmovi,-1,1
sr-00703,youtube,"90% sirotinje ovo gleda, 9% ovo živi, 1% ovo kontroliše! Jedno je odgledati film/seriju radi razonode, a drugo je željeti živjeti takav život, a jedina je istina kako trenutno sada živite. Mnogi ljudi su podsvjesno/indirektno upropašteni, jer je filmska industrija utjecala na njihove umove. Nemate dinar u džepu, a propadate duhovno u želji kako da steknete za skupog bmw-a. Pogledajte samo koliko turske serije imaju utjecaja na mlade djevojke, hoćete li da vas lažem? - Znate i sami. Ne kažem da je loše biti imućan, već je loše što se ta vrijednost oduvijek vrednuje, a ne ostale vrijednosti. Koliko je društvo upropašteno, dovoljno vam govori to što se nemoralne pjesme slušaju, gledaju nemoralni filmovi, serije, itd. Vi zapravo još niste shvatili ili ne želite da shvatite, da preko virtuelnog svijeta oni sa vama upravljaju! Morate da imate dobre patike, mnogo para, markiranu odjeću, dobra auta, dobar stan itd. A o storijima da i ne govorim, šta ste radili, gdje ste bili, šta ste jeli/pili. Veoma čudan svijet, u kojem će iskrenost, ljubav, ono iskonski što je u nama - brzo da iščezne. Sve se vrti oko moći i novca, a oni koji su sve ovo napravili nije im to ništa u cilju kao što je 'kontrola'. Kada osjetite ili doživite ovo o čemu sam vam govorio, sjetit ćete se mene. Srdačno vas pozdravljam, hvala!",filmovi,-1,1
sr-00705,youtube,Najgori domaći film svih vremena.,filmovi,-1,0
sr-00707,youtube,"Drugi put gledam drugi film i stvarno prvi se film može gledati iz nova više puta te svaka čast svima, ali ovaj drugi je kritičnog scenarija.. ne znam zašto su išli u smjeru toga da se sve svodi na spašavanje lika iz prvog filma koji nije ostavio nikakav osobit trag da bi se nešto očekivalo od njega u nastavku.",filmovi,-1,0
sr-00712,youtube,Jaoooo živim u USA I nemogu nigde da nađem ovaj film da se gleda!,filmovi,0,0
sr-00714,youtube,Sad kad se kidare dignu po gradu,filmovi,-1,1
sr-00718,youtube,Ehh sta ti je zivot.. nekad Brazilu cepao mreze a sad krade automobile.. Jedna prosecna prica fudbalera u drzavi xd,filmovi,-1,1
sr-00719,youtube,Gdje mogu gledati ljudi film ako mi mozete reci molim vas,filmovi,0,0
sr-00722,youtube,"Stoji da je prvi film za klasu bolji, ali ne možete da mi kažete da drugi ne valja.",filmovi,0,0
sr-00727,youtube,totalno razočaranje u odnosu na prethodni dio,filmovi,-1,0
sr-00731,youtube,Ja ne znam zasto se ovo prije nije desilo balkanskoj sceni. Apsoultni vrh i profesionalnost. Film je bio odlican kakavog sam ga i ocekivala. Sa puno napetosti i smjesnih trenutaka i izvala. Kao i serija i prvi film ODLIČNO. Cijeli film sam odgledala u jednom dahu i bila sam toliko sretna jer su se vratili. Nadam se da ova suradnja nikada nece prestati jer ovo je nesto predobro i treba opstati. Odlicna pohvala za sve sve sve nema niti jedne mane i jedva cekamo da izade serija. Pozzz,filmovi,1,0
sr-00735,youtube,Kad izlazi film na RTS,filmovi,0,0
sr-00738,youtube,Film top al fale Crnogorci u filmu bilo bi uzbudljivije jos,filmovi,1,1
sr-00740,youtube,Da li neko zna koji je put na kome voze dva BMW-a na početku?,filmovi,0,0
sr-00741,youtube,Prvi deo super a drugi deo opasno razocaranje,filmovi,-1,0
sr-00743,youtube,Osedeo sam čekajući,filmovi,-1,1
sr-00745,youtube,Moglo je to i bolje,filmovi,-1,0
sr-00755,youtube,kad odete na projekciju ovog filma i odgledate ga smatrajte da ste FILMSKI RETARDIRANI !!,filmovi,-1,1
sr-00759,youtube,A gde je ono kada kupuju jelku,filmovi,0,0
sr-00760,youtube,ivo andonov doktor...mogli su da stave da glumi nekog takvog...,filmovi,-1,1
sr-00764,youtube,"Ja sam u šoku posle samo kraja ovog filma....Da li je moguće da se ovako završava i nastavlja dalje? A sta ce biti dalje, to je pitanje?",filmovi,-1,0
sr-00765,youtube,sta profesor kosta vujic radi u kriminalnom filmu,filmovi,-1,1
sr-00772,youtube,Na zadnju scenu sam se najezio,filmovi,1,0
sr-00775,youtube,Najgori film na pola sam izašo nisam mogo da izdržim do kraja koliko je glupo uradjen...,filmovi,-1,0
sr-00776,youtube,film je odlican cista 10,filmovi,1,0
sr-00778,youtube,Malo mi smesno sto prikazuju kriminalni vrh u Srbiji a ispalo da su Velja Nevolja i realni kriminal 600 puta gori.,filmovi,-1,1
sr-00779,youtube,Naježila sam se kol'ko je dobro,filmovi,0,0
sr-00780,youtube,Ne znam da li sam previse ocekivao od filma ili sta vec. Upravo sam se vratio iz bioskopa i mogu vam reci da nikad u zivotu nisam zazalio za potrosenim parama i vremenom kao danas,filmovi,-1,0
sr-00783,youtube,"svi furaju versace jeans ,nema se za versace malo skuplji XD",filmovi,0,1
sr-00788,youtube,Gledo sam film je fantazija,filmovi,0,0
sr-00791,youtube,film prosjek nista spec,filmovi,0,0
sr-00794,youtube,"Eto, da se klinci izgasiraju još malo",filmovi,-1,1
sr-00801,youtube,Ništa od ovoga se ne bi desilo da nije otišao da kupi napolitanke,filmovi,-1,1
sr-00804,youtube,Tako je braćo srbi ima i holivud da nam zavidi,filmovi,0,1
sr-00805,youtube,Zasto nema da se kupi online ?,filmovi,0,0
sr-00806,youtube,kakva tragedija. pa jos i drugi deo snimaju,filmovi,-1,1
sr-00808,youtube,"Upravo sam pogledao film, blago razocarenje, koliko prica, cekanja i na kraju, uzas..",filmovi,-1,0
sr-00810,youtube,"Loše ...ali baš loše odradjeno...scenario za malu djecu, a gluma preko one stvari odradjena...u odnosu na prvi dio, nebo i zemlja...",filmovi,-1,0
sr-00811,youtube,"Ajmo sad svi lepo u kriminal, vidite kako je super. Koja je sira poenta filma osim pumpanja klinaca da krenu tim putem?",filmovi,-1,1
sr-00813,youtube,Nema veze sa mozgom niti prvim delom. Ovo je uzas,filmovi,-1,0
sr-00816,youtube,Film je jedna katastrofa u odnosu na prvi dio,filmovi,-1,0
sr-00818,youtube,Srbija ostala u 90tima jos brije na zemunce... Hahahaha joj kakav narod... A 90 posto za kikiriki nema,filmovi,-1,1
sr-00820,youtube,Tragedija od filma,filmovi,-1,0
sr-00823,youtube,Ludilo u najavi,filmovi,0,0
yt-00824,youtube,Univerzum će implodirati od intenziteta ovog crossovera,zabava,1,1
yt-00826,youtube,"Kaaakav spoj, ovo nam je trebaloo!",zabava,1,0
yt-00827,youtube,Posle 15 godina ponovo gledam Yasserstaina..,zabava,1,1
yt-00828,youtube,Kakvi debili u najpozitivnijem smislu....znas ono kad ti neko opsuje majku a ne misli na bas pravu mamu tvoju :))),zabava,1,1
yt-00834,youtube,"Pitao sam za Žorža i odmah neke ""smetnje""....",zabava,0,1
yt-00835,youtube,"Au jebote , smesni ste , da mi se kenja.",zabava,-1,1
yt-00836,youtube,"u novom sadu se vise postapaju sa ""brate"" nego u beogradu",zabava,0,0
yt-00837,youtube,Bilo bi super da nije voditelj toliko krindzi.,zabava,0,0
yt-00846,youtube,Ovaj brat je preduvan dosao za ovaj kviz,zabava,0,1
yt-00847,youtube,O BOZE NISAM SE SMEJAO OVOLIKO U POSLEDNIH 7 GODINA BOG TE MAZOOO....,zabava,1,0
yt-00848,youtube,Jel ti lepo na only fans-u,zabava,-1,1
yt-00851,youtube,"Koliko kvaliteta u jednom videu, jutjub cveta",zabava,1,0
yt-00852,youtube,Brate ti si mister beast u balkanskoj verziji,zabava,1,1
yt-00853,youtube,како људи историчари а не знају за Луја 14.,zabava,0,-1
yt-00855,youtube,Ovo treeba nasem yt,zabava,1,0
yt-00856,youtube,malo traje epizoda za ovo remek delo,zabava,1,1
yt-00857,youtube,Mihajlo Radivojević 50% Brate 25% Mihajlo 25% Naduvani lik,zabava,1,1
yt-00859,youtube,ko vam vodi kameru oca mu. dobicu epilepticni napad,zabava,-1,1
yt-00860,youtube,Kao kreten se smejem u 2 ujutru. Bravo carevi.,zabava,1,0
yt-00871,youtube,yaser u sledeci kviz dovedi nekog pametnog,zabava,-1,1
yt-00872,youtube,sad će napokon da imaju za kiflu,zabava,1,1
yt-00875,youtube,obozavam ovu aktivnost 2 videa u jednoj nedelji,zabava,1,0
yt-00877,youtube,Kakav je to intro,zabava,0,0
yt-00880,youtube,Najnovosadskiji video :D,zabava,1,1
yt-00898,youtube,Iskreno najbolja epizoda,zabava,1,0
yt-00899,youtube,Volim sto se Mihajlo obukao ko za čas fizičkog.,zabava,1,1
yt-00901,youtube,Kako dobra epizoda! 10/10 sadržaj.,zabava,1,0
yt-00902,youtube,Једн од јачих квизова,zabava,1,0
yt-00903,youtube,Skup ljudi koji mrze svoju zemlju,zabava,-1,0
yt-00905,youtube,Spojiti ovu četvoticu u istom prostoru je pobeda sama po sebi.,zabava,1,-
yt-00906,youtube,Ljubav za ove genijalne ljude,zabava,1,0
yt-00907,youtube,да бог да била најгледанија епизода,zabava,1,0
yt-00910,youtube,Hoćemo nazad stari intro!!!!!!!!!!!!!!!!,zabava,-1,0
yt-00911,youtube,Mladja uzeo Zagora kao stric poslednju sarmu na slavi,zabava,1,1
yt-00918,youtube,PRAVDA ZA DAŠKA,zabava,,
yt-00919,youtube,"hahahahahh, oplakao sam xD",zabava,1,1
yt-00921,youtube,"Милак ко на полиграфу, испитују га и зноји се",zabava,1,1
yt-00922,youtube,ok cekam da se sruši planeta posle ovog,zabava,1,1
yt-00923,youtube,Au kakvi gosti pa ovo je neprevaziđeno do sada šteta što više ovakvih gostiju ne možeš ni dovesti ni izmisliti,zabava,1,0
yt-00928,youtube,Legende najvece,zabava,1,0
yt-00930,youtube,Kao volim ovako zanimljive i kvalitetne videe.Bukvalo su vam svi serijali pre pre zanimljivi i kvalitetni.,zabava,1,0
yt-00931,youtube,Ovo nisam očekivao,zabava,0,0
yt-00934,youtube,"greska odmah u startu, max broj poena treba da bude 175... neiskustvo :)",zabava,0,0
yt-00936,youtube,Meni je prosto nevjerovatno da gospodin Skoric nije skolovani glumac.,zabava,0,1
yt-00937,youtube,Скуп најјачих људи икад,zabava,1,0
yt-00940,youtube,Video godine humor level 100000,zabava,1,0
yt-00943,youtube,Aooo e ovo je video braco,zabava,1,0
yt-00949,youtube,Jedan dislajk za sat vremena propali ste,zabava,1,1
yt-00954,youtube,"Moje detinjstvo, srednja škola i faks u jednom videu - ŠTOGOD",zabava,1,0
yt-00955,youtube,millennial humor meetup,zabava,0,0
yt-00956,youtube,Sedem da jedem i vidim ovo idemo bre,zabava,1,0
yt-00957,youtube,Gledajuci vaše videe shvatam kakvi ste ustvari vi ljudii.Fini i dobri. I toliko mi je drago sto sam vas FP kao celoj ekipi i smatram da zaista nisam mogla bolje izabrati. Vi ste dokaz da postoje dobri i posteni ljudi na ovom svetu. Znajte da cu uvek biti tu kao vaša podrška i vas najverniji FP.,zabava,1,0
yt-00959,youtube,Bukvalno najbolji sklop ljudi u jednom videu,zabava,1,0
yt-00960,youtube,Stariji ljudi igraju wow,zabava,1,1
yt-00962,youtube,Imam uz sta da doručkujem,zabava,1,1
yt-00965,youtube,Ovo nisam mogao ni da sanjam,zabava,1,1
yt-00967,youtube,Vrati stari introo,zabava,0,0
yt-00968,youtube,Brate sad mogu da jedem,zabava,1,1
yt-00969,youtube,opa milane dva videa u jednoj nedelji,zabava,1,1
yt-00971,youtube,10 godina proslo,zabava,0,0
yt-00973,youtube,"Sve je crna tama pojela, nema, mrak svuda, sve je crno, život je tanjir govana!",zabava,-1,0
yt-00978,youtube,Šavcijgerom iz prve pomoći,zabava,1,1
yt-00980,youtube,"""Pecurke po sumi koja je u vlasnistvu prijatelja iz Sremske Mitrovice"" PA OVI SU PREDVIDELI JOVANJICU",zabava,1,1
yt-00981,youtube,Ja bi pivo od bršljan otvorio,zabava,1,1
yt-00988,youtube,"mi smo pekli bika,a u biku jare,a u jaretu prase,a u prasetu pile",zabava,1,1
yt-00994,youtube,"Ja klao, ja sek'o, ja pek'o.",zabava,1,1
yt-00997,youtube,A znam ja sta je problem ne znate vi da otvorite pivo,zabava,-1,1
yt-00998,youtube,TI SI ĆERKO TATIN SIIIN!,zabava,1,1
yt-01001,youtube,Dimcina ko na derbiju,zabava,0,1
yt-01010,youtube,"Četri gajbe piva, šnicle i skripta, kakva kombinacija nisam je ranije kapirao",zabava,,
yt-01011,youtube,STA SRETENJE?!?!,zabava,,
yt-01012,youtube,Jel ima ko da gleda u 2023,zabava,0,0
yt-01019,youtube,3 maja sam ga zavrsio hahahahhahahahahahahhaha,zabava,,
yt-01020,youtube,Ako stvarno ovako neko provodi prvi maj ko ovaj burzuj on ne zna sta je zivot,zabava,-1,0
yt-01021,youtube,Ko osam ruku da ima - Mortal Kombat ahahahh,zabava,1,1
yt-01028,youtube,Kucica za kera ima 20 kvadrata i terasu hahaha,zabava,0,1
yt-01031,youtube,"""Sve sam radim...ko osam ruku da imam...",zabava,-1,1
yt-01033,youtube,"nije smesno uopce, kao agresivac trebalo bi nekom biti smesno? . zalosno sto ljude stave na youtube",zabava,-1,0
yt-01038,youtube,dzabe ti voditelju molis,zabava,-1,0
yt-01039,youtube,“Da me ostave u pustinju bez ruku ja bih pivo o bršljen otvorio!”,zabava,1,1
yt-01040,youtube,Ja sam svog psa nazvo Ćićo,zabava,0,0
yt-01042,youtube,Ovo je namesteno...neko je ovde potplacen,zabava,-1,0
yt-01045,youtube,Valjda se zna neki red,zabava,0,-1
yt-01050,youtube,bolji od nekih poznatih glumaca...,zabava,1,0
yt-01053,youtube,komunikaciju medija severoatlansko pravo menadzment biorazgradivog,zabava,-1,1
yt-01054,youtube,Ćićo uvek negativan,zabava,0,0
yt-01060,youtube,Kojiii kraljeviiii,zabava,1,0
yt-01072,youtube,Čemu spoilovanje Boljeg Života,zabava,-1,0
yt-01085,youtube,Ehh ko sad ovo gleda,zabava,0,0
yt-01092,youtube,"Niko nista: Cico: ""Jel znas ti...""",zabava,0,1
yt-01097,youtube,Ha ha zaljubio se u striptizetu u Rumenci ...,zabava,-1,1
yt-01102,youtube,To uopste nije kuriuzitetno kako se cini..,zabava,-1,1
yt-01105,youtube,Ajde ćićo peci rostilj ajde ćićo kuvaj kotlić ajde ćićo vadi žaoku AJDE GA JEBI ĆIĆO,zabava,-1,1
yt-01124,youtube,Ekipo gleda neko u 2020? :D,zabava,0,0
yt-01132,youtube,hahahahahhahaha,zabava,1,0
yt-01134,youtube,Sve suvo plačem prah ko iz peščanog sata,zabava,-1,1
yt-01149,youtube,I evo cetvrte godine zaredom gledam ovo,zabava,1,0
yt-01150,youtube,STA BI VUCIC REKO ZA OVO,zabava,0,1
yt-01151,youtube,Izgleda da se ove godine nece ici nigde,zabava,0,1
yt-01153,youtube,A ćićo pošto peče zovu ga ćićo ćumur...,zabava,-1,1
yt-01155,youtube,Debilčino svaka čast,zabava,-1,1
yt-01158,youtube,I Tata bi sine :),zabava,1,1
yt-01162,youtube,Ne moj da pevas u sebi debilcino neko ce te cuti,zabava,-1,1
yt-01168,youtube,Nemoj drogu bas svaki dan,zabava,1,1
yt-01171,youtube,E to su bila vremena kad si mogao kupiti kecap za 80 din.,zabava,0,1
yt-01189,youtube,Nema veze s vutrom al humor je top,zabava,0,0
yt-01191,youtube,Prvi video koji sam pogledao od dnevnjaka,zabava,0,0
yt-01201,youtube,Hahhahaha mene ovo mi se desilo,zabava,0,0
yt-01207,youtube,Ovaj Video je mene naduvao,zabava,1,1
yt-01216,youtube,Ovo treba bit smesno ili??,zabava,-1,1
yt-01226,youtube,Ako je ovako kad si naduvan onda sam ja rođen naduvan,zabava,0,1
yt-01272,youtube,ovo Tarantino ne moze da snimi,zabava,1,1
yt-01305,youtube,GDE MOZE DA SE UZME OVAKAV DUKS ?,zabava,0,0
yt-01338,youtube,Sta nije uredu sa mnom zasto mi nije smesno,zabava,-1,1
yt-01369,youtube,"Iskreno, ovo mi više izgleda kao osoba sa šizovrenijom",zabava,-1,1
yt-01384,youtube,Andrija odglumio Andjelku za Oskara,zabava,1,0
yt-01385,youtube,Kad si u bedu uzmi kredu nacrtaj medu i pogledaj ovaj video da popravi ti dan,zabava,1,1
yt-01389,youtube,"Znam da je ovo sve gluma, ali ja stalno imam dojam da je stvarno",zabava,0,0
yt-01393,youtube,То што си ти таква нема везе....,zabava,0,1
yt-01417,youtube,Ko smo mi? Da li smo mi srecni ljudi ili *iluzija u vremenu* ?,zabava,0,1
yt-01418,youtube,Osecam da su ceo dan snimali ovu scenu,zabava,1,1
yt-01422,youtube,Nikad ne bi reko,zabava,0,0
yt-01425,youtube,Da li smo mi srecni ljudi ili smo samo neka iluzija u vremenu,zabava,1,1
yt-01445,youtube,Koji vrhunski ludaci,zabava,1,1
yt-01448,youtube,Na kojoj lokaciji se nalazi vila Milena?,zabava,0,0
yt-01449,youtube,"Cudna dikcija glavne glumice...nije strasno, ali jeste cudno, kao I, s vremena na vreme neuobicajeno naglasavanje pojedinih reci.",zabava,0,0
yt-01450,youtube,"Ko još gleda u 2026 Samo ovde je toliko provodno da je Saša bio zaljubljenih u učitelja, ali naravno u to vreme nije smelo o tome da se govori, a više nego je jasno i očigledno na šta je mislila dok je o ovim likovima pisala, a onda kao napisala da je imao devojku bla, bla ..... Čak i reditelj je to shvatio i toliko scene njih dvojice zrače željom između njih, a ima i onih koji znaju da je Bosiljčić biseks i šta je snimio u inostranstvu...",zabava,,
yt-01451,youtube,UVUKO SE U TUDJU KUCU I TUDJE BOGATSTVO !!,zabava,-1,1
yt-01465,youtube,"Volim ovu glumicu Slobodu Mićalović, ali nekad tako zna da bude iritantna i glupa uh",zabava,0,0
yt-01466,youtube,"баш лепо, срце ми куца јаче",zabava,1,1
yt-01467,youtube,"Treba posetite doktora,ako vec nije kasno",zabava,-1,1
yt-01470,youtube,ko kaze da ova SLOBODNA zna da glumi i dobar je glumac taj nema veze sta ne kinematografija.,zabava,0,0
yt-01478,youtube,"Pesma, koju pevaju je predivna. Tako me dirnula da sam zaplakao..Sloboda, divan vokal..",zabava,1,0
yt-01481,youtube,Lajk ako gledas u 2021.god,zabava,,
yt-01482,youtube,"Davno beše kad sam čitala. Čini mi se da ima zanimljiv roman "" U slovenačkim gorama"". Ne znam zašto to nije snimljeno.",zabava,1,0
yt-01490,youtube,LIMUNADA OD SERIJE,zabava,-1,1
yt-01498,youtube,"opet isti glumci kao u ostalim serijama, stalno isti likovi...",zabava,-1,1
yt-01506,youtube,Treba nam vise ovakvih pesama,muzika,1,0
yt-01510,youtube,Pravi srpski country,muzika,1,1
yt-01534,youtube,Gdje spavas da te ne ukradu,muzika,1,1
yt-01535,youtube,ja gubim a dobijem,muzika,1,1
yt-01537,youtube,moja omiljena pesmica,muzika,1,0
yt-01539,youtube,Ovakvu muziku se vise ne krejira.... to je ono sto je nekad imalo dusu... a sad to vise nema..... tehnologija i pare uzele dusu,muzika,1,1
yt-01540,youtube,"Ovakvo nesto imati u glavi i staviti na papir i u pjesmu, da ti se dive miljuni! Pa kako? Koji je to mozak bio, skidam kapu",muzika,1,0
yt-01544,youtube,"Ovo je knjiga,nije pjesma",muzika,1,1
yt-01545,youtube,Svaka pjesma scenario za film,muzika,1,1
yt-01551,youtube,Covjek ima texta vise u jednoj pjesmi nego neki na citavom albumu...neponovljivi,muzika,1,1
yt-01557,youtube,Ova pesma je cijelo moje detinstvo,muzika,1,0
yt-01571,youtube,Ovo je bolje od 95% danasnjih pesama,muzika,1,0
yt-01572,youtube,Djordje je bio srpski Eminem,muzika,1,1
yt-01576,youtube,"Svarno je poseban,neverovatan",muzika,1,0
yt-01588,youtube,A u stvari se samo treba napiti pa sesti na bicikl,muzika,1,1
yt-01597,youtube,Непроцењиво добро!,muzika,1,0
yt-01598,youtube,Otslušala sam ovu pesmu bar 1000 puta ali mi nikad nije bilo dovoljno.,muzika,1,0
yt-01627,youtube,Od ovog je bolja samo 'Kraljević Marko i Musa Kesedžija',muzika,1,1
yt-01629,youtube,"Kako je bila lijepa,a sad Boze sacuvaj ni nalik na sebe,a pjesma vel.0 ni ona sama nezna sta pjeva,bruka od pjesme",muzika,0,0
yt-01636,youtube,Rihanna zeli svoj spot nazad.,muzika,-1,1
yt-01641,youtube,Nicki minaj Anaconda kopija,muzika,-1,1
yt-01646,youtube,Nicki Minaj sa Temu-a,muzika,-1,1
yt-01648,youtube,"Ja muzike, braćo mila",muzika,-1,1
yt-01650,youtube,"Sve isti fazon, dosadno.",muzika,0,0
yt-01659,youtube,Brate koji je ovo zanr?,muzika,0,0
yt-01662,youtube,"meni se ni jedna pjesma ne sviđa, sorry",muzika,-1,0
yt-01668,youtube,"Devojka ima lep glas i lepo izgleda al nikako da ubode neki hit koji ce da se slusa na duze staze,steta",muzika,0,0
yt-01670,youtube,"Тралала, бла, бла",muzika,-1,1
yt-01679,youtube,"Odvratno potenciranje njeno samo na niskim strastima i pornografija...pesma isto dno.Mula,fula,nula ahahahhaha fuj",muzika,-1,0
yt-01690,youtube,Svetsko a nase!,muzika,1,0
yt-01696,youtube,"RESPECT koliko se potrudi oko spotova. Koreografija, sve, u korak sa profesionalnim plesacima.",muzika,1,0
yt-01698,youtube,"ovde je jedino spot dobar, steta sto sa tolikim talentom za pevanje recituje neki nerazumljiv tekst",muzika,-1,1
yt-01719,youtube,Nezna ona iznjet taj stil...,muzika,-1,0
yt-01737,youtube,Ali svaka pesma na isti fazon nebitno je koju pustim od nje imam utisak da je ista pesma,muzika,-1,0
yt-01738,youtube,Pevacica u pokusaju,muzika,-1,1
yt-01747,youtube,"dobri spotovi mlake pjesme, klasika kod tebe",muzika,0,0
yt-01772,youtube,Ajde uozbilji se vise,muzika,-1,1
yt-01776,youtube,Ova ce najbolje proci jer nista ne razumiješ a vozi te,muzika,1,1
yt-01784,youtube,103 mil pregleda,muzika,0,0
yt-01791,youtube,Pesma koja je me probudila iz kome hvala sestri u klinickom centru nis,muzika,1,1
yt-01802,youtube,Pjesma je odlična i spot gori ko se slaže like,muzika,1,0
yt-01811,youtube,Šteta sto se ponovo ne aktiviraju. Ovo je za svetske okvire vrh,muzika,1,0
yt-01814,youtube,Odlična pesma super,muzika,1,0
yt-01829,youtube,Ova pesma je nekako bas tuzna,muzika,-1,0
yt-01831,youtube,znači ovo je brutalno dobro,muzika,1,0
yt-01832,youtube,"Meni je ova pjesma top, u ovo je vrijeme pravi antidepresiv",muzika,1,0
yt-01841,youtube,Samo opusteno i prezgodne ste,muzika,1,0
yt-01865,youtube,Bravo cure za 100 miliona pregleda! Estradi nedostaje ovaj trio!,muzika,1,0
yt-01890,youtube,Ehh da je ovo islo na Evroviziju,muzika,1,0
yt-01926,youtube,"Iskeno, nisam prepoznao jezik na kojem 'pjevaju'",muzika,-1,1
yt-01931,youtube,Kakve gluposti.,muzika,-1,0
yt-01932,youtube,I dalje se sluša,muzika,1,0
yt-01936,youtube,Svaki deo tela je pretvorila u novac!,muzika,-1,1
yt-01952,youtube,Ova pijesma i spot su kriminalno loši,muzika,-1,0
yt-01987,youtube,ako hoces budi mi 8. zena,muzika,1,1
yt-01992,youtube,Ubrzano jurimo kao filmu Idiocracy (2006) :),muzika,-1,1
yt-02051,youtube,Ta cura ne zna da peva,muzika,-1,0
yt-02072,youtube,"I stas i glas, samo tetovaze ti ne stoje",muzika,0,0
yt-02073,youtube,odlicna pjesma za nedjeljni rucak s obitelji,muzika,-1,1
yt-02074,youtube,Rozi Porsche je grijeh protiv čovječnosti,muzika,-1,1
yt-02092,youtube,Ni glasa ni stila za muziku,muzika,-1,0
yt-02093,youtube,Moja cerka Aleksandra je ovo pjevala,muzika,0,0
yt-02118,youtube,Ovo ni simpsonovi nisu mogli da predvide,0,1,
yt-02119,youtube,Nemojte da budete toliko opasni uplasice se vanzemaljci,muzika,0,1
yt-02128,youtube,"Neobicna pesma, svidja mi se",muzika,1,0
yt-02132,youtube,Veštačka inteligencija nije mogla da zamisli ovo,muzika,0,1
yt-02138,youtube,ovakav otkačeni mozak za muziku neće se skoro ponovo roditi.,muzika,1,1
yt-02140,youtube,Ovde sam samo da čitam komentare,muzika,0,1
yt-02145,youtube,Zanimljiva pesma,muzika,1,0
yt-02147,youtube,"Momcilo, trepni na levo oko 3 puta ako si otet",muzika,0,1
yt-02191,youtube,Odlicni bravo bravo,muzika,1,0
yt-02194,youtube,Spojio ih isti diler 100%,muzika,-1,1
yt-02197,youtube,E baš si otiš'o u aut,muzika,-1,1
yt-02209,youtube,"Spot je brutalan, moze u rang sa Holivudom. Muzika paše",muzika,1,0
yt-02214,youtube,"""U 2026 ćemo imati leteće automobile"" 2026:",muzika,0,1
yt-02215,youtube,Niko se ovome nije nadao.,muzika,0,1
yt-02223,youtube,Можда је требало убацити у спот сина Драгана и он воли свемир много.,muzika,0,1
yt-02224,youtube,Bajagin glas sve napravi umjetnoscu,muzika,1,0
yt-02236,youtube,Moj prijatelj invalid je usto iz kolica samo da ugasi ovu glupost,muzika,-1,1
yt-02258,youtube,Devito i Bajaga pre GTA 6,muzika,1,1
yt-02261,youtube,Konačno neka pesma gde se ne peva o drogi,muzika,1,1
yt-02269,youtube,Ovo ćeš često čuti po kladionicama...,muzika,-1,1
yt-02279,youtube,Ovo je i baba Vanga promašila,muzika,0,1
yt-02283,youtube,"Svaka cast na pesmi, hvala Bogu pa sam gluv",muzika,-1,1
yt-02284,youtube,Sta kroz ovo propagira.,muzika,0,0
yt-02299,youtube,sto je najgore dobro je,muzika,1,1
yt-02306,youtube,Jel ovo Vučić u anamirinom univerzumu?,muzika,0,1
yt-02309,youtube,"Decko ti si otiso jos odavno u aut,i bez i sa tom pesmom",muzika,-1,0
yt-02333,youtube,Meni se djasvi.,muzika,1,0
yt-02336,youtube,Ni stručnjak ne može to izmisliti,muzika,0,1
yt-02338,youtube,Ljudi od kojih možeš čuti pametne riječi.,sport,1,0
yt-02339,youtube,Velikan svetskog sporta a ne ovih prostora..Idemo Nolee..,sport,1,0
yt-02340,youtube,"Ali glupi navijači,su provociranjem sigurno ga naljutili i zbog njih ih je osvojio....to što ga mrze neki ljudi izvlače 110 posto, i tako su mu pomogli!!!",sport,1,1
yt-02341,youtube,Svaka cast voditelju i gostu.,sport,1,0
yt-02353,youtube,Ovaj intervju treba pustati deci u osnovnoj skoli i u Srbiji i u Hrvatskoj.,sport,1,1
yt-02357,youtube,"Kakav covijek kakva licnosti samo takav sportista, apsolutna inteligencija. Sta pozeliti ovom Momku puno zdravlja i srece cijeloj porodici.",sport,1,0
yt-02362,youtube,I kazu da su sportisti glupi...,sport,1,1
yt-02365,youtube,"Pusti misao, to je pravi trening",sport,0,1
yt-02368,youtube,Kakva jedna ljudska veličina u svakom smislu !!,sport,1,0
yt-02369,youtube,Rijedak slucaj pametnog covjeka. Sve pohvale,sport,1,1
yt-02451,youtube,Bolji sam covjek nakon sat vremena gledanja ove velicine od covjeka,sport,1,1
yt-02454,youtube,"Kad se sastanu dva genijalna u svojim sportovima,onda to izgleda ovako svaka čast.",sport,1,0
yt-02456,youtube,"sto ne volim kad voditelj postavlja pitanje kroz celu neku njegovu pricu, ma daj gledaj da pitanja budu koncizna i da gost sto vise govori odgovori a ne pitanje maltene duze od odgovora gosta",sport,-1,0
yt-02471,youtube,47:08 najjaci dio haha sta prica covjek,sport,0,1
yt-02486,youtube,"Dva gospodina, ovo djeca treba da slušaju na časovima odjeljenjske zajednice, ništa više ni manje...njih dvoica su toliko lekcija dali slušaocima, oduševljena sam.",sport,1,1
yt-02511,youtube,"Ne mozes ti s njima nikada, jer nisi kulturan. U koliko si im samo meceva javno mater psovao pa mislis da im to niko nikad nije preveo. Dzaba ti slava i uspjeh kad si primitivac. ",sport,-1,1
yt-02512,youtube,"Covek koji nije skolovani novinar,a ovako odradi podcast prosto nemam reci. Kakva gospoda oba dvoje",sport,,
yt-02513,youtube,Neki samozvani novinari da odgledaju ovaj intervju i nauce nesto od njega,sport,1,1
yt-02518,youtube,"Ove novopecene,internet-tiktok-sajber generacije da svako jutro gledaju ova dva genijalca i ako nauce bar 1% zivotnih lekcija,pobijedili su",sport,1,1
yt-02529,youtube,Mogla bih da ga slusam satima. Prepametan covek.,sport,1,0
yt-02546,youtube,posle ovog intervjua problem je bilo šta drugo pogledati na yt jer deluje amaterski spram ova dva gospodina,sport,1,1
yt-02551,youtube,"Lepo je obasjao i ovaj naš problem, koji imamo mi sa Balkana.",sport,1,1
yt-02560,youtube,Neverovatno je da se neki ljudi skoluju ceo zivot da bi bili novinari i onda se pojavili Slaven iz skroz negog drugog sveta i ocita im svima lekciju kako treba da se vodi emisija bez upadanja u svaku rec,sport,1,1
yt-02575,youtube,Jesi li mogao vise reklama da ubacis???,sport,-1,1
yt-02581,youtube,Fenomenalan prevod za titlove,sport,1,0
yt-02582,youtube,Ovaj seljak Plavsic se narodu zgadio sa onim urlikanjem pih.. bas gadan lik.,sport,-1,0
yt-02585,youtube,Ovo Zvezda Srpski nacionalni patriotski tim ??? Ovo Partizan - ima li Srba u Srbiji ??? Pomije a ne derbi !!!,sport,-1,1
yt-02587,youtube,Sta se desava sa logom na arena premium 3 I koji je razlog da ga trenutno nema opet vam se to javlja da kanali nemaju oznake,sport,0,0
yt-02588,youtube,Malo slabiji trening...,sport,-1,1
yt-02589,youtube,Plavšić se beše zarekao da nikad neće da pređe na arenu? Mungos.,sport,-1,1
yt-02591,youtube,"ko partizanu rupu kopa, zlezda u nju upada.",sport,0,1
yt-02596,youtube,Hoće li zvezda biti kažnjena?,sport,0,0
yt-02599,youtube,Inteligentni igrači Zvezde u završnici dokazaše klasu...,sport,1,0
yt-02600,youtube,"Lakše je videti tigra u Africi nego Srbina u ""srpskom"" derbiju. Uz kladionice kao sponzore oba kluba. Sve u duhu srpstva i pravoslavlja.",sport,-1,1
yt-02601,youtube,Da smo godinu dana igrali jos ne bi nas stigli,sport,1,1
yt-02602,youtube,Bar ste naučili da naduvavate balone...,sport,-1,1
yt-02603,youtube,Nijedan Srbin na terenu.,sport,-1,1
yt-02605,youtube,Sta je ovo afrička liga gde su Srbi?,sport,-1,1
yt-02606,youtube,Узмем да гледам “дерби” по први пут после 10год и гледам тимове. 8 црнаца на терену. Шта је бре ово?!,sport,-1,1
yt-02613,youtube,Darko Ćaci Plavsic,sport,-1,1
yt-02617,youtube,"Jutrić, kafica...",sport,0,1
yt-02620,youtube,"Nigde Srbina, sve stranci.",sport,-1,0
yt-02624,youtube,kamerun protiv nigerije,sport,-1,1
yt-02628,youtube,Уживам док гледам ову велику тугу на ћаци арени спорт.,sport,1,1
yt-02636,youtube,bravo crno bela ljubavi,sport,1,0
yt-02639,youtube,"Partizan kao underdog pobedjuje, nisam sladju pobedu doziveo ne pamtim :)",sport,1,0
yt-02640,youtube,Abe Srbi Srbi kad se vi sami ne postujete ko ce od Evrope da vas postuje,sport,-1,1
yt-02645,youtube,"Sta nam komunjare uradise , sta smo postali sramota od naroda , pi gadite mi se svi do jednog, sramota reci da sam Srbin, kakvi nam preci bili, a sta smo postali otpad zivi",sport,-1,0
yt-02647,youtube,"Коментаторе забoлeло, као да су им узели 50% од плате",sport,-1,1
yt-02648,youtube,Stavite rezultat u naslovu,sport,0,0
yt-02649,youtube,Radim u jednoj kladionici i bile su braćo milionske uplate na partizan...mnogo više nego na zvezdu ili poene...inače sam grobar...,sport,0,0
yt-02650,youtube,"Jel ispao ćacilend, ili još imaju šanse?",sport,-1,1
yt-02651,youtube,"Кад на грбу петокрака блиста, џаба Звезди и Партизану и титула триста.",sport,-1,1
yt-02652,youtube,"'Profesionalni fudbaler', samo da je promasio golmana, bilo gde bi lopta usla. Umesto toga on pogadja Glazera direktno. Zali boze ko danas igra profesionalni fudbal i na sta je ovo licilo.",sport,-1,0
yt-02653,youtube,"al sto volim ovog grobarskog komentatora... cisto se vidi da je gazio liniju i usao ranije, a on govori sve je cisto...",sport,-1,1
yt-02658,youtube,Партизан је најлошији и најмањи буџет задњих 15 год.а друга страна обрнуто.то је лоше за наш фудбал и лигу.пад наше лиге на уефа рангу је неминован.,sport,-1,0
yt-02661,youtube,"napokon komentator, hvala arena za ovo",sport,1,0
yt-02662,youtube,Bolje da je samo tri razlike. Bitnije od ovoga je cetvrtak i francuzi. Bice cupavo!,sport,0,0
yt-02665,youtube,Напријед црвено-бијели... Позз!,sport,1,0
yt-02668,youtube,Čestitam partizanu na derbiju imaju jaku skolu da su igrali onaj prvi sastav tu bi bilo borbeno i napeto,sport,1,0
yt-02670,youtube,Skupli smo stari raspali valjak,sport,-1,1
yt-02676,youtube,Sto ovako ne ostavljate komentatore i u drugim ligama,sport,0,1
yt-02683,youtube,Mnogo lep fudbal zvezde za nas koji malo duže pratimo fudbal i podržavamo igranje srcem,sport,1,0
yt-02685,youtube,"Kakvi komentari. Sve neka a-ha-ha, i-hi-hi decurlija. Ali...kakava arena, takvi i komentari...",sport,-1,1
yt-02689,youtube,"Sudija je realno trebao skloniti Kostića sa linije prije nego što je dopustio izvođenje penala, jer je ovaj već bio na liniji prije nego što je dopušteno izvođenje",sport,0,0
yt-02690,youtube,Dosta zicera promaseno na obe strane. Golman Partizana stvarno odigrao dobro. Sve u svemu dobra utakmica.,sport,0,0
yt-02698,youtube,Kostovu doživotni ugovor u zvezdi,sport,1,0
yt-02699,youtube,Sad da pregazimo francusku pernatu divljač,sport,-1,0
yt-02700,youtube,Pregažen valjak,sport,-1,1
yt-02701,youtube,Честитке арени спорт!,sport,1,0
yt-02702,youtube,Поново је заблистала наша Звезда. Браво за играче и тренера. Лијеп поздрав и за Пaртизановце. Срдачан поздрав из Бање Луке.,sport,1,0
yt-02703,youtube,Ovo je jedan od onih derbija gde odmah žališ što nije bilo bar 6:0.,sport,1,1
yt-02705,youtube,"""treba da je sve cisto"" , ovi komentatori nemaju pojima, covek usao u prostor - telom i zagazio liniju... nista tu nije cisto",sport,-1,1
yt-02708,youtube,i dalje je partizan jedini pravi klub,sport,1,1
yt-02711,youtube,"Гробар сам, али Звезда је тренутно искуснија овим тимом.",sport,0,0
yt-02716,youtube,"Koja radost ćacilenda, kao da su pobedili real, a ne neke omladince.Glasajte za žvalu, za doživotnog predsednika i zvezda će biti doživotni prvak, jer žvala postavlja uprave u partizan koje sve rade da partizan ne bude konkurencija zvezdi.Izgubio bi partizan svakako, ali tu je za svaki slučaj i sudija sa severa, koji opravda svoju ulogu i poništi gol partizanu, što je sigurno, sigurno je, da se ne zakuva!Partizan je perspektivna ekipa, ali po trenutnoj snazi prosečna naše lige, i nije za šampiona!",sport,-1,0
yt-02717,youtube,Срби и даље навијају за комунистичке клубове..,sport,-1,1
yt-02723,youtube,Čestitke i Zvezdi i Partizanu. Partizan se lavski borio ali jednostavno nije mogao protiv nadmoćnijeg protivnika.,sport,0,0
yt-02732,youtube,Pitam se za koga navija komentator,sport,0,1
yt-02737,youtube,"Zao mi partizana, sve sama deca, ima vremena, biće bolje",sport,1,0
yt-02740,youtube,"Kakva parodija, farmerska liga hahahha na sta se ljudi loze dok se zivoti i svet raspada",sport,-1,1
yt-02741,youtube,Трећи гол је уметност,sport,1,1
yt-02754,youtube,"Није срамота изгубити, срамота је изгубити као СНС фРАЊАА КОЈИ ПЛАЧЕ ОД беса.",sport,-1,1
yt-02755,youtube,"Daju pare na ove strance,a naša deca nose igru.",sport,-1,1
yt-02756,youtube,"Nije sramota izgubiti, sramota je navijati za zvezdu",sport,-1,1
yt-02758,youtube,"Partizanun fali trenutno samo pravi centarfor , Zvezda za nijansu bolja .",sport,0,0
yt-02767,youtube,Zamoljavam vlast ako moze da se gurne jos koja parica u HSD Partizan jer ovo je vise i glupo gledati!,sport,-1,1
yt-02769,youtube,Hahahaha kakva je prevara ovaj Arnautovic od igraca...Noga u vazduhu a on ponisti penal.CIRKUS DRZAVA A TAKVA JE I LIGA,sport,-1,1
yt-02770,youtube,dal neko osim klinaca i debila prati srpski fudbal ?,sport,-1,1
yt-02771,youtube,Mi Srbi smo najgori Hrvati od svih Hrvata,sport,-1,1
yt-02775,youtube,Caci vs polu caci 3 0,sport,-1,1
yt-02779,youtube,vucic kriv.... nacrtao liniju sesnaesterca ukrivo...,sport,-1,1
yt-02780,youtube,"Grobari, jel vam je sad valjao sudija a ?",sport,-1,1
yt-02785,youtube,BRAVO SVAKA CAST UZIMATE PO KO ZNA KOJI PUT NAMESTENU TITULU.,sport,-1,1
yt-02788,youtube,Zvezda opet lagano šampion,sport,1,0
yt-02789,youtube,Koji užas od suđenja... Polako... Oticice vam i zvalavi... Neće vas biti na mapi uskoro....,sport,-1,1
yt-02798,youtube,"Ko je sad kriv za poraz: Tramp, seljaci sto blokiraju puteve, Iran sto ne slusa amerikance .",sport,-1,1
yt-02800,youtube,Колико је Звезда боља од свих просто само још једна потврда!,sport,1,0
yt-02801,youtube,Plačite za mnom jesenje kiše tuga se naaastavljaaaaaa,sport,0,1
yt-02804,youtube,Odlicna utakmica,sport,1,0
yt-02805,youtube,Mnogo promasenih sansi zvezde..neka bolja ekipa bi kaznila ovo.,sport,-1,0
yt-02808,youtube,Јел ово вештачка интелигенција.,sport,-1,1
yt-02835,youtube,Jedan od boljih derbija u ovih par godina.,sport,1,0
yt-02836,youtube,"Sta ima Partizan sto Zvezda nikad nece imati, pa komšiju svetskog prvaka",sport,1,1
yt-02837,youtube,Ono kad umesto da ucim za ispit ja gledam dnevnjak o tome kako se sprema ispit... ,zabava,1,1
yt-02838,youtube,"Jako stresno...tesko mi je bilo da odgledam ovaj video, oblila me 3 ladna znoja za 8 minuta ",zabava,0,1
yt-02839,youtube,"Hvala Bogu pa sam zavrsio fakultet, inace kad se setim...Zive muke da se nateras da ucis, pa kad se nateras onda ucis 15 minuta pa pauza 45",fakultet,0,1
yt-02840,youtube,boli me žuč koliko je istinito,zabava,1,1
yt-02841,youtube,"Ko ovo proziveo nije, nikad nije studirao",fakultet,1,1
yt-02842,youtube,Zavrsio sam sa faxom pre 8 godina a i dalje imam aksioznost kada pogledam ovaj video :D,fakultet,0,1
yt-02843,youtube,Zamrzeo sam ovu epizodu koliko je realna...,zabava,0,1
yt-02844,youtube,"Koliko je ovo samo depresivno... Studije su pravi stres, pogotovo ako ste na nekom od tehničkih fakulteta.",fakultet,-1,0
yt-02845,youtube,Традиционално овде долазим пред сваки испит,fakultet,0,0
yt-02846,youtube,Secam se premijere na tv-u... Davno bese,filmovi,0,0
yt-02846,youtube,"Samo cuvajte se, dole su neki rokeri :D",filmovi,1,1
yt-02847,youtube,Јоој што волим што сам примитиван...,filmovi,1,1
yt-02848,youtube,Pretvorio sam se u uvo,filmovi,1,1
yt-02849,youtube,Parodija je postala stvarnost,filmovi,-1,1
yt-02850,youtube,Ministar za rock and roll,muzika,1,1
yt-02851,youtube,Koji idiotizam,filmovi,-1,0
yt-02846,youtube,Dobro je,filmovi,1,0
yt-02846,youtube,Nije lose,filmovi,0,0
yt-02846,youtube,Odlicno,filmovi,1,0
yt-02846,youtube,Fantasticno!!,filmovi,1,0
yt-02848,youtube,Немојте тући жену осим ако је била неваљала,zabava,0,1
yt-02851,youtube,"Samo da pitam kako vas nije sramota ovako nesto da NE pravite vise, je l vas grize savest dnevnjace?",zabava,1,1
yt-02864,youtube,Jel on to glumi acu lukasa?,zabava,0,0
yt-02866,youtube,Kako se zove ova lepotica?,zabava,1,0
yt-02869,youtube,"Ovo je najkvalitetniji skeč koji ste uradili, obožavam ga. :)",zabava,1,0
yt-02888,youtube,Uopste nije smesno ni za glumu...,zabava,-1,0
yt-02890,youtube,Ismevanje i još sprdanje na ovu temu u bilo kom kontekstu je za osudu,zabava,-1,0
yt-02900,youtube,Splav u Dobanovcima,zabava,0,0
yt-02907,youtube,Ja svoju zenu nisam udario,zabava,0,0
yt-02918,youtube,Beba place kad se rodi,zabava,0,0
yt-02926,youtube,Vojvodina se ocepila od Kosova?!,zabava,0,1
yt-02940,youtube,Kako da ja vas slušam kada moram čitati što piše ondje gdje idu slova,zabava,0,1
yt-02941,youtube,Al tekst ispod sto ide,zabava,0,1
yt-02947,youtube,Pohvalio bih svoje veliko samoodricanje.,zabava,1,1
yt-02949,youtube,Toliko o patrotizmu,zabava,0,1
yt-02956,youtube,"Nema čoveka da moze tako imitirati lukasa, svaka cast",zabava,1,0
yt-02964,youtube,"To su ljudi iz Brisela, oni sve mogu da srede",zabava,0,0
yt-02967,youtube,UBIO SE (ALKOHOLOM) PA SE UBIO PIŠTOLJOM xD,zabava,1,1
yt-02968,youtube,Hahahhahaha....,zabava,1,0
yt-02981,youtube,Koji carevi znaci oskara zasluzuju bukvalno.,zabava,1,1
yt-02987,youtube,"Ja nisam išao u osnovnu školu, mene su pevačke vode odvele skroz na drugu stranu",zabava,0,1
yt-02999,youtube,"Ovo je opsti haos na kvadrat kada se sve sabere,svaka strana vodi svoju politiku",zabava,0,1
yt-03007,youtube,Beba place zato sto bebe placu.,zabava,0,1
yt-03038,youtube,"Kamen bi zaplakao, strasno, isto kao kada udjes na sve portale",zabava,-1,1
yt-03049,youtube,Jel cita neko ovo dole zeleno u videu sto ide?....,zabava,0,0
yt-03055,youtube,"I jedan moj dobar prijatelj zna jedan dobar trik, da pola litra rakije pretvori u nasilje u porodici",zabava,-1,1
yt-03058,youtube,Najlakše se vlada zbunjenim neznalicama.,zabava,-1,1
yt-03080,youtube,Је л прочитао неко текст што се креће на дну видеаа?,zabava,0,0
yt-03091,youtube,Ono kad narucis Acu Lukasa preko eBaya XD,zabava,0,1
yt-03095,youtube,Ovo bas i nije za sprdnju...,zabava,-1,0
yt-03097,youtube,Kako ima 66mil pregleda ja nikad nisam za ovu pesmu čuo,muzika,0,0
yt-03100,youtube,I 3 dinara je previse za ovo…,muzika,-1,1
yt-03107,youtube,Tripuje da je Severina,muzika,0,1
yt-03115,youtube,Jedini problem je to što nije dobro što je samo jedna pesma daj brate bar još 10,muzika,1,1
yt-03120,youtube,"Jeftino, ali radi!",muzika,0,0
yt-03121,youtube,Da mi je cerka seko bi sebi oko,muzika,-1,1
yt-03134,youtube,ovo nema m od muzike,muzika,-1,0
yt-03135,youtube,Razbijam svaki radio na kom cujem ovo opet,muzika,-1,1
yt-03148,youtube,"Sve na isti kalup,pesmu ubija ovaj vulgarni spot",muzika,-1,0
yt-03153,youtube,Odlicnee pesme jakee,muzika,1,0
yt-03172,youtube,"Bezveze bas, ne svidja mi se",muzika,0,0
yt-03174,youtube,"Kulturno propadanje ,takav glas a sta snima i kako se predstavlja.",muzika,-1,1
yt-03177,youtube,I sa njom u vezu!!??,muzika,-1,1
yt-03185,youtube,kome je vise zanimljiva ova vulgarnost?,muzika,-1,1
yt-03200,youtube,Ne mogu pjesme biti ozbiljnije kad je prosjek godina njene publike 19 godina,muzika,-1,1
yt-03211,youtube,Meni je ovo tako dosadno....kao neko nabrajanje bez smisla....,muzika,-1,0
yt-03214,youtube,"Kakoo ovoo kidaa, stalno je vrtim na replayuuu",muzika,1,0
yt-03222,youtube,Presla igricuu kraljica,muzika,1,0
yt-03226,youtube,Tekst vec znam napamet,muzika,1,0
yt-03243,youtube,Jeftino otprilike 2 dinara i dobar iphone spot. nemas li ti 30 godina? Sta je ovo,muzika,-1,1
yt-03249,youtube,Totalnaa dominacijaaa,muzika,1,0
yt-03251,youtube,"Kakoo sii iskidalaa ovoo, to nije normalnoo",muzika,1,0
yt-03252,youtube,Kako je brutalan ovaj spot i ova cura bas je lijepa,muzika,1,0
yt-03253,youtube,Top stvar za ljeto!!!,muzika,1,0
yt-03254,youtube,razvavljuje jos jednom sa velikim hitom,muzika,1,0
yt-03263,youtube,Hit za sva vremena!!! Sluša se i u 2025oj godini! Bravooo Devojke!!!,muzika,1,0
yt-03264,youtube,Jel zna ko ime od tog muskog pjevaca u pjesmi? Nigdje ne pise,muzika,0,0
yt-03268,youtube,Nemaju pojma da pevaju,muzika,-1,0
yt-03269,youtube,"Svaki spot isti, hala kola i ona gola",muzika,-1,1
yt-03272,youtube,"Snimile su pjesmu,ako ovo mozemo nazivati pjesmom.",muzika,0,1
yt-03313,youtube,Egzotican par u svakom smislu,muzika,1,1
yt-03316,youtube,"Ljudi danas jedva sklapaju kraj sa krajem,nemastina,glad,siromastvo,bolesti a oni pevaju o Aventadoru...zato i propadamo kao nacija i drustvo.",muzika,-1,1
yt-03338,youtube,Dokle smo dosli kad mora prevod da se stavlja za domace pesme,muzika,-1,1
yt-03344,youtube,"Previše autune, mogli ste malo manje. Inace preljepa je pesma",muzika,0,0
yt-03348,youtube,Nigde pozitivnog komentara. Toliko o ovoj krs pesmi,muzika,-1,0
yt-03370,youtube,"Sto je vise slusam ,sve mi se vise sviđa. Nadam se da ce ovog lijeta ,biti doista slušana. Sve pohvale .....",muzika,1,0
yt-03381,youtube,Hahahah mnogo je glupa pesma ali njih dve su tako simpaticne da mogu hebrejski da pricaju bilo bi top,muzika,0,0
yt-03382,youtube,"Imam samo jedno pitanje, zašto baš pola 6?",muzika,0,1
yt-03394,youtube,Ma najjace ste kunem ti se :D,muzika,1,0
yt-03398,youtube,Ovakve budalastine će proći za koji dan,muzika,-1,0
yt-03415,youtube,Jel sam samo ja ili njih dve zvuce isto,muzika,0,0
yt-03438,youtube,"Sve jedno isto... Prelepa,prezgodna ,vrhunski glas a sta peva...",muzika,-1,1
yt-03439,youtube,"koja kolicina botovskog hejta u komentarima. pesma je top, gori balkan",muzika,1,1
yt-03450,youtube,Spot je malo previse vulgaran ali muzika je 10/10,muzika,0,0
yt-03451,youtube,1:42 Koliko je ova djevojka talentirana. Čudo.,muzika,1,0
yt-03470,youtube,Sta je ova frizura,muzika,-1,1
yt-03510,youtube,"Kakva glascina kakav vokal ja sam ODUSEVLJENA muzika, bas..",muzika,1,0
yt-03513,youtube,To se mora dobro platit BRE!,muzika,0,1
yt-03514,youtube,Brutalna pjesma i spot,muzika,,
yt-03515,youtube,"Cek jel nekome zbilja ova pjesma tako dobra ili sta? Meni je ovo preiritantno za slusati, ne razumijem pola",muzika,-1,1
yt-03516,youtube,Po prvi put da joj valja pjesma,muzika,0,1
yt-03524,youtube,Katastrofa kakva jadnica,muzika,-1,0
yt-03525,youtube,Nisam hejter moderne muzike cesto sebi pustim nesto al ovo je bas lose,muzika,-1,0
yt-03539,youtube,Ne svidja mi se,muzika,-1,0
yt-03540,youtube,ne podnosim je nikako ona je primjer za prodanu dusu,muzika,-1,0
yt-03557,youtube,da nije stavila titl niko ne bi skontao šta peva,muzika,-1,1
yt-03558,youtube,Predobro je.Koreografija top,muzika,1,0
yt-03571,youtube,piksi je sudija,muzika,0,0
yt-03580,youtube,Zalosti boze dragi,muzika,-1,0
yt-03584,youtube,Dobro je ima prevod.,muzika,0,1
yt-03593,youtube,Nekako uvek jeftino izgleda,muzika,-1,1
yt-03600,youtube,Pretvorila se likusa u sifonjer,muzika,-1,0
yt-03609,youtube,Msm da je spot prvi u trendu a ne pesma,muzika,0,1
yt-03639,youtube,Nerviras meeeee,muzika,-1,0
yt-03641,youtube,Ahahahah pokajte se,muzika,-1,1
yt-03642,youtube,Brt mi se ne prodajemo za pare,muzika,-1,1
yt-03653,youtube,Ne mogu da verujem s ove moje uši,muzika,-1,1
yt-03656,youtube,Ne slusam ovu vrstu muzike ali ok nije lose zabavno,muzika,0,0
yt-03657,youtube,Pošteno od belog,muzika,-1,1
yt-03658,youtube,Batice ti 300 konja ja 550,muzika,0,1
yt-03663,youtube,Koje budale ovo smatraju muzikom,muzika,-1,1
yt-03664,youtube,Pozdrav iz hrvatske omiljena pjesma,muzika,1,0
yt-03672,youtube,On bi trebao na evroviziju pobedio bi,muzika,1,0
yt-03675,youtube,Koji blam lik snima,muzika,-1,0
yt-03676,youtube,Zašto izgleda ai,muzika,-1,1
yt-03679,youtube,Mrs zbog vašeg otpada koji se proizvodi ne mogu da nađem staru pesmu,muzika,-1,0
yt-03684,youtube,Seljacka alternativa,muzika,-1,0
yt-03692,youtube,Koji odvratan spot evo meni je muka sto mi nije nista ne znam kako njegova zena gleda na ovo,muzika,-1,0
yt-03693,youtube,Najeo se s' brazilski orasi,muzika,-1,1
yt-03694,youtube,"Ovo je grozno ,I to naša djeca gledaju..pomozi boze",muzika,-1,0
yt-03699,youtube,Sta je ovo?????uzas,muzika,-1,1
yt-03716,youtube,Ja inace imam 9 godina.,muzika,0,0
yt-03722,youtube,Sad smo ja i drugarica presle level na roblox-u koristeci ritam XD,muzika,0,1
yt-03723,youtube,Pesme jesu ludilo kao i on al to je zivot Srbije,muzika,-1,0
yt-03726,youtube,Malo jači od pavlake,muzika,0,1
yt-03727,youtube,"Pali ste na niske grane. Od odlicnog pevanja, glupe reklame.",muzika,-1,0
yt-03728,youtube,Ja sam beo ko fasada hahahah,muzika,0,1
yt-03736,youtube,Ovoj budaletini treba zakonom zabraniti nastupe,muzika,0,0
yt-03760,youtube,E sad ovako ja te poštujem kao muzičara ali ovo nije normalno,muzika,0,0
yt-03764,youtube,Zdravo za gotovo sve,muzika,0,1
yt-03778,youtube,0:23 ovo je meme,muzika,0,1
yt-03785,youtube,"Bravo klosari, buducnost je pred vama!",muzika,-1,1
yt-03791,youtube,Deca u komentarima vrište,muzika,0,1
yt-03801,youtube,Ko izaziva koga,muzika,0,1
yt-03836,youtube,Stari gde ti rolex,muzika,0,1
yt-03851,youtube,Ovu pesmu peva tetka moje drugarice,muzika,0,0
yt-03873,youtube,Moj drug voli da sluša ovu pesmu,muzika,0,0
yt-03876,youtube,Pozdrav,muzika,1,0
yt-03889,youtube,Nema nikakvih riba u spotu,muzika,-1,0
yt-03900,youtube,Kako Se zove devojka u 0:01 na TikTok Ili insta,muzika,0,0
yt-03933,youtube,Smece kao i svako drugo sto se ne razume.,muzika,-1,0
yt-03949,youtube,"Koja boleština, gde mi živimo",muzika,-1,0
yt-03950,youtube,Ovo nije vise normalno sta ucinise od nase muzike I ko sve peva ljudi moji pa ovo je propast ovo treba zatvoriti I nikad ne izaci ili da uzme mikrofon u ruke propast zivi,muzika,-1,0
yt-03953,youtube,Treba zabraniti ovo smecccce poremecenooo. Uništava omladinu,muzika,-1,0
yt-03954,youtube,"Jao katastrifa,od muzike boze sta se slusa",muzika,-1,0
yt-03957,youtube,Ko trpi tu budalu. Vise idi skini se budalo sa tv,muzika,-1,0
yt-03962,youtube,Joj što je ovo glupo. Gde je muzika?,muzika,-1,1
yt-03988,youtube,"Možemo mi pričati šta hoćemo o tekstu, lažnih moralista kod Srba je uvijek bilo i biće...ali ovo vozi opasno.",muzika,1,1
yt-04000,youtube,"jako si los primer,kao i ostali takvi kao ti.",muzika,-1,0
yt-04001,youtube,"ovo je sta,muzika?",muzika,-1,1
yt-04007,youtube,Meni se ovo svidja rekla sam sta sam rekla,muzika,-1,0
yt-04016,youtube,Naša država sto je veca glupost vise je cenjeno..,muzika,-1,1
yt-04017,youtube,Treba resetovati sve.,muzika,-1,0
yt-04021,youtube,AKO JE OVO MUZIKA JA SAM ONDA BETOVEN,muzika,-1,1
yt-04023,youtube,Imam neodoljivu želju da ih sve izudaram motikom.,muzika,-1,1
yt-04029,youtube,Ovaj lik je pusio 1kg gorkog lista dok je napravio ovu pesmu.,muzika,-1,1
yt-04030,youtube,Ima 67hiljada likova,muzika,0,0
yt-04044,youtube,Tako glupa a toliko zarazna pesma da je neverovatno..,muzika,0,1
yt-04055,youtube,Планета мајмуна!,muzika,-1,1
yt-04061,youtube,BEZI BRE SELJACINO,muzika,-1,0
yt-04067,youtube,"Neka nam je bog na pomoći,ako nam uopšte može i on pomoć,otišlo sve u pm.",muzika,-1,0
yt-04080,youtube,"Kakvi otpaci od ljudske rase.Budak u ruke,kuglu oko noge i pravac rudarsko okno.",muzika,-1,1
yt-04086,youtube,Poruka ove pesme je da zene sto vise idu u teretanu,muzika,0,1
yt-04095,youtube,Ovo je jezivooo,muzika,-1,0
yt-04096,youtube,kao da si idot???,muzika,-1,1
yt-04098,youtube,"Vidi se talenat dok je cuvao svinje u Svilajncu da je u svinjama dobio inspiraciju za ovo roktanje od 'pesme', septicka jama je nedostizan nivo za ovo",muzika,-1,1
yt-04153,youtube,Boze gluplje nisam cuo,muzika,-1,0
yt-04156,youtube,Ja sam se slikala sa tobom,muzika,0,0
yt-04159,youtube,Pusti ga kući....,muzika,0,1
yt-04164,youtube,"Ovi performeri, nazvati ih amaterima uvreda bi bila za same amatere, očigledno su sve suprotno od onoga o čemu pjevaju",muzika,-1,1
yt-04165,youtube,Mašina nije stroj,muzika,0,0
yt-04176,youtube,Nit stida nit srama!,muzika,-1,0
yt-04177,youtube,Ko bi reko da prošlo samo 2 godine a meni se zivot totalno promenio..,muzika,0,0
yt-04200,youtube,Budale iza budala,muzika,-1,0
yt-04201,youtube,Ovo ako je muzika ..... a ove sline kao pevaju,muzika,-1,0
yt-04210,youtube,Htela bi drip‍‍,muzika,0,0
yt-04217,youtube,Zasto niko ovu pesmu ne pusta na tik toku,muzika,1,0
yt-04218,youtube,Novi hit ima da se slusa na jesen i zimu,muzika,1,0
yt-04226,youtube,"hvala Bogu pa sam odrastao uz partibrejkerse,zepeline,stounse,bijelo dugme,parni valjak,Balaševića...a ne uz ovo",muzika,-1,1
yt-04229,youtube,"Od repera priznajem samo Marcela ,ovo ostalo je prazna prica bez talenta i vrednosti.",muzika,-1,0
yt-04238,youtube,Ali KLINAC JE VRHOVNI BOG MUZIKE A vas dvojica ni pola od muzičara,muzika,-1,0
yt-04244,youtube,PROSTO ODVRATNO,muzika,-1,0
yt-04246,youtube,Samo tako nastavite,muzika,1,0
yt-04266,youtube,Najbrže snimljena pjesma ovih vremena,muzika,0,1
yt-04271,youtube,Seljacine najobicnije.,muzika,-1,0s
yt-04272,youtube,Ovde Bella Hadid te Vojaže,muzika,,
yt-04277,youtube,Koji je ovo idiotizam od pesme šta je ovde dobro? Nema ništa od starijeg repa,muzika,-1,1
yt-04278,youtube,Kako se ovo nekome moze svigjat,muzika,-1,1
yt-04284,youtube,ja imam cuku belu,muzika,0,0
yt-04286,youtube,Svaki put kad idemo na izlet sa drugim slusamo ovo,muzika,1,0
yt-04292,youtube,Ja sam naučio pesmu napamet,muzika,1,0s
yt-04293,youtube,"Pjesma sasvim ok, svaka generacija ima svoju muziku i odjecu pa tako i ova!! Samo se zezajte djeco, idemoo",muzika,1,0
yt-04304,youtube,ODLICNA PESMA I STAJLING,muzika,1,0
yt-04306,youtube,Imam istu frizuru ko ti,muzika,0,0
yt-04307,youtube,Jos ima al budala nema,muzika,0,1
yt-04308,youtube,ne daj boze da vam neko stavi ovu pesmu za alarm uvek se poplasim kad sestri za zvoni alarm,muzika,-1,0
yt-04319,youtube,Od mene dislajk opet tres muzika,muzika,-1,0
yt-04325,youtube,Luster mi je zapao za oko!,muzika,0,1
yt-04327,youtube,"Bivsa supruga mi zivi na sjenjaku, dal je to slucajnost.",muzika,0,1
yt-04328,youtube,Kako da dislajkujem,muzika,-1,0
yt-04341,youtube,"Zamisli kad moras da trazis prevod na srpski. Eto ""moderne"" muzike. Sve auto tune.",muzika,-1,1
yt-04346,youtube,Pesma bode u srce,muzika,1,1
yt-04348,youtube,je l autotune zavija ovoliko ili ona?,muzika,-1,0
yt-04350,youtube,"Nigde dosad gluplji tekst,",muzika,-1,0
yt-04363,youtube,Preglupo kakva generacija muzike hahaha bitno da je spot bomba a tekst i instrumental katastrofa...dno,muzika,-1,1
yt-04375,youtube,Bilo bi bolje da si ostala prirodna kao Andjela.,muzika,-1,0
yt-04376,youtube,Koji cringe majko mila,muzika,-1,0
yt-04378,youtube,"Fantastican glas, steta da nema jos puno hitova, radite sa njom, zelim da je slusam svaki dan!",muzika,1,0
yt-04381,youtube,Ajde putine ovo vise ne moze da se podnese ovo je katastrofa. Pozuri molim te.,muzika,-1,1
yt-04384,youtube,Bogu hvala da sam emigrirao jos 2014 sa balkana,muzika,-1,1
yt-04389,youtube,Nitko ne objašnjava poruku pjesme,muzika,0,0
yt-04415,youtube,Pesma je okej ali nikad nisam shvatio poentu pesme,muzika,0,0
yt-04420,youtube,Toooooop je pesma baš ju je lijepo otpevala,muzika,1,0
yt-04435,youtube,Ova pesma je obiležila moj 18.-ti rođendan,muzika,0,0
yt-04442,youtube,"Ustaj sabane,ponesi i sinana da vidi kakve muzike se slusaju danas na balkanu",muzika,-1,1
yt-04444,youtube,"Pjesme odlične,samo što je ona malo priglupa,jbg",muzika,0,0
yt-04452,youtube,Дегенерација ЗЕД,muzika,-1,1
yt-04453,youtube,Bar nije gola u spotu kao neke,muzika,1,1
yt-04454,youtube,Želim biti gluv,muzika,-1,1
yt-04468,youtube,"Ja ne gotivim ni malo ovu muziku, ali ova pesma šuriiii",muzika,0,0
yt-04469,youtube,Pjesma je top ali spot je ubi boze,muzika,0,0
yt-04471,youtube,Ako ga ne voliš što si mu posvetila pesmu?,muzika,0,1
yt-04491,youtube,nedostaje mi ovo,muzika,1,0
yt-04492,youtube,2025 imali nas?,muzika,0,0
yt-04493,youtube,Kako je ovde gnjavila dok pjeva kao lijeno kroz nos pjevanje hahah a sad kako vrijeme prolazi sve ljepse pjeva,muzika,0,1
yt-04509,youtube,Zašto se to desilo,muzika,0,0
yt-04516,youtube,Svaka pesma drugačiji glas,muzika,0,1
yt-04520,youtube,Dal sve da iskopirate,muzika,-1,1
yt-04539,youtube,Rođena za svjetsku scenu.,muzika,1,0
yt-04541,youtube,Toliko dobra pesma neznam sta da kazem osim svaka castttt,muzika,1,0
yt-04542,youtube,Najbolja pesma koju sam čula,muzika,1,0
yt-04559,youtube,Boze koliko je ovo bolesno,muzika,-1,0
yt-04568,youtube,Ja mislim da lažeš,muzika,-1,0
yt-04589,youtube,Nije u redu ostavio si ovakvu ribu,muzika,-1,0
yt-04601,youtube,"taman sam se ponadao da je nešto bez autotjuna, ali i ovde ga izgleda ima. ona bar može da peva i bez njega",muzika,0,1
yt-04602,youtube,"Koje autotune mumljanje, nema veze s pjevanjem",muzika,-1,0
yt-04605,youtube,Bon voyage na francuskom znaci srećan put,muzika,0,0
yt-04624,youtube,Sta si trazio to si dobio,muzika,0,1
yt-04648,youtube,Spojio jokera i eminema u spot,muzika,0,0
yt-04661,youtube,jedem vutre ko student nudle,muzika,0,1
yt-04662,youtube,Kolko los trip. Mnogo je lose da se tripujete na ovu muziku,muzika,-1,0
yt-04681,youtube,Fight club na aparatima,muzika,0,1
yt-04684,youtube,Ovo ne zasluzuje 19 mesto u trendu ovo zasluzuje barem 2-3 majke mi,muzika,1,0
yt-04690,youtube,Ja pola nisam razumeo sta repuje iskreno,muzika,-1,0
yt-04708,youtube,brt ovo nije pesma ovo film,muzika,1,1
yt-04721,youtube,koje cigare pusi u spotu?,muzika,0,0
yt-04748,youtube,koja bruka od pesme i spota,muzika,1,1
yt-04751,youtube,Od ovog se moze umrijeti koliko je dobro,muzika,1,1
yt-04761,youtube,Daleko ispred svih ovdje repera mlađe generacije.,muzika,1,0
yt-04766,youtube,bog i batina repa,muzika,1,0
yt-04768,youtube,"Kako je sladak, zaljubila sam se",muzika,1,0
yt-04769,youtube,covjek se sprda i opet je najbolji,muzika,1,1
yt-04778,youtube,Jel mi se samo cini ili je ovo najbolji spot koji sam ikada video,muzika,1,1
yt-04786,youtube,Moze li se oprat obraz tim sapunom valjalo bi da krenes djelit dzabe,muzika,0,1
yt-04806,youtube,Dominacija kao i uvek,muzika,1,0
yt-04807,youtube,Svakog Srbina treba da bude sramota da podrzi ovako nesto.,muzika,-1,0
yt-04810,youtube,Previse psovanja,muzika,-1,0
yt-04818,youtube,Napokon nešto što može onako porodično da se sluša,muzika,-1,1
yt-04822,youtube,kad se zavrsi je najbolja po meni,muzika,-1,1
yt-04823,youtube,Ovaj mali se drogira na silu,muzika,0,1
yt-04853,youtube,otac me izbacio iz kuce nakon ove pjesme,muzika,-1,1
yt-04861,youtube,Na šta je muzika spala...,muzika,-1,1
yt-04863,youtube,Само се бламирате,muzika,-1,0
yt-04867,youtube,hoce malo sutra,muzika,0,1
yt-04876,youtube,"da je ovo snimano pred 30 godina mislili bi ljudi da su ovi u videu retardirani,al eto,napredovali smo ko drustvo",muzika,-1,1
yt-04898,youtube,zamisli njihove oceve koji ovo gledaju...,muzika,-1,1
yt-04900,youtube,"Mikrofoni im modni detalj kad izadju da ""pevaju""",muzika,-1,1
yt-04901,youtube,Kako smo dopuštili da ovako propadamo kulturno,muzika,-1,1
yt-04903,youtube,Jel opet slušamo nešto od njega!?,muzika,-1,1
yt-04911,youtube,Propast društva,muzika,-1,0
yt-04924,youtube,Ovo nema veze sa zdravim razumom,muzika,-1,0
yt-04939,youtube,"Ovog ako nekad negde sretnem,izgazicu ga,obećavam.",muzika,-1,1
yt-04941,youtube,Najgluplja numera u ovoj godini,muzika,-1,0
yt-04950,youtube,Kakav primitivan tekst. Ovo je jedan od primera zašto svaka sledeća generacija propada.,muzika,-1,0
yt-04954,youtube,Koliko bolesnih komentara strasno,muzika,-1,0
yt-04959,youtube,Putine bombarduj,muzika,-1,1
yt-04976,youtube,duzi krediti u opisu nego tekst,muzika,0,1
yt-04977,youtube,Tragedija za ovaj narod.,muzika,-1,0
yt-04995,youtube,"Ova pjesma je užasna. Da li je potrebno pribjegavati tako vulgarnom i neprimjerenom prikazu? Pjesma zahtijeva tekst, melodiju i muziku, a ne modnu manekenku iz afričke džungle.",muzika,-1,1
yt-05000,youtube,Vecih degena u zivotu nisam vidio ni cuo,muzika,-1,0
yt-05011,youtube,Sreća pa ovaj uzas od muzike traje dva ipo minuta max.,muzika,-1,1
yt-05018,youtube,Pesma napravljena za 5min u studiju lepo lepo,muzika,-1,1
yt-05019,youtube,mogla je vise malo sise izbaciti realno da vidimo taj potencijal njenog pevanja,muzika,-1,1
yt-05027,youtube,"Zašto je odjednom upropastila pravac kojim je krenula u poslednjih par izdanja, znači doslovno duboka jama bez povratka...!? Niko nije želeo ovu pesmu.",muzika,-1,0
yt-05041,youtube,"Ne zna se sta je gore,da li pesma,striptizeta ili ovaj teletabis?Tezak izbor",muzika,-1,1
yt-05054,youtube,Ovo je dokaz da u današnje vreme svako može biti pevač,muzika,-1,1
yt-05061,youtube,iznenadjujuce gotivna pesma,muzika,1,1
yt-05071,youtube,pa dobro nije strasno,muzika,0,0
yt-05073,youtube,Kod njega je raspon između vrhunskog i očajnog baš nenormalan,muzika,0,0
yt-05077,youtube,"Ma da, udjite u elitu 10 sta fali ako ce vec dobro da plate",muzika,0,1
yt-05082,youtube,ne zna se ko je vise uradjen,muzika,0,1
yt-05083,youtube,ovaj lik kao devojcica,muzika,0,1
yt-05085,youtube,mali je tezak folirant .,muzika,-1,0
yt-05104,youtube,koje su im ovo cigare bele,muzika,0,0
yt-05108,youtube,Teski digitalac,muzika,-1,0
yt-05115,youtube,Jel ovo podkast ili njihov dejt?,muzika,0,1
yt-05116,youtube,Ko je ovaj random lik sa zelenim kacketom bukvalno ne da se ne uklapa u ekipu nego haos,muzika,-1,0
yt-05122,youtube,Koj minut je tuca,muzika,0,0
yt-05135,youtube,Zasto niko ne prica kolko ovaj lik smara,muzika,-1,0
yt-05136,youtube,Kako je upucan lik,muzika,-1,0
yt-05139,youtube,"treba da se uvede neka selekcija za koriscenje interneta,a i lekarski pregled,ovo vise nema smisla!!! Nismo svi isti,al ovo je bas jadno!!!!",muzika,-1,1
yt-05142,youtube,Sram vas bilo što imate kanal,muzika,-1,0
yt-05143,youtube,Dobra pesma za auto... Hvala bogu pa nemam auto,muzika,-1,1
yt-05155,youtube,"Dakle u ovoj zemlji više ne postiji niti jedna institucija koja će da zaustavi ovaj pakao ! Tekst direktno promoviše teške droge, i deca ga oduševljeno pevaju...",muzika,-1,1
yt-05156,youtube,Boze oprosti im neznaju sta rade,muzika,-1,0
yt-05157,youtube,"Jos vas deco moze samo vojska spasiti od ovih gluposti, aj da vidite kako je lepo u vojsci sad kad stizaju pozivi redom.",muzika,-1,1
yt-05159,youtube,Bole me usi od njenog glasa,muzika,-1,0
yt-05161,youtube,Drajzerova plače za vama.,muzika,-1,1
yt-05168,youtube,"Svako ko slusa ovo,ko kaze da je dobro, je debil tezak,papak glupi O ukusima ne treba raspravljati,ali ovaj ukus je retardiran...samo za sline kakve i jeste.",muzika,-1,0
yt-05174,youtube,Ovo mi zvuči kao jedna Ruska pesma ne sećam se imena.,muzika,0,0
yt-05177,youtube,Buduća femiskinja i ponosna vlasnica mački,muzika,0,1
yt-05178,youtube,"retardi jedni, upropastavate omladinu",muzika,-1,0
yt-05183,youtube,ako je on nasao ribu ima nade i za mene,muzika,-1,1
yt-05185,youtube,Ono kad imaš dva padeža,muzika,-1,1
yt-05198,youtube,Pesma je odlicna da se slusa u kući sva sreća pa sam beskućnik,muzika,-1,1
yt-05199,youtube,"Deco, poslušao sam i analizirao ovo, mogu da vam kazem da ste na pogrešnom putu. Verujte ovoj budali, zaboravite drogu.",muzika,-1,0
yt-05201,youtube,Odrekni se muzicke karijere,muzika,-1,0
yt-05207,youtube,Sramota me šta sam poslušala,muzika,-1,1
yt-05209,youtube,Sreca pa sam gluv,muzika,-1,1
yt-05210,youtube,Primite moje saučešće svi koji pravite i slušate ovakve bljuvotine.,muzika,-1,1
yt-05214,youtube,Bas cudna pesma i spot,muzika,-1,0
yt-05218,youtube,Ko slusa ovo neironicno,muzika,-1,1
yt-05230,youtube,kod vas stanje ko na fudbalskom terenu zelena trava I bele linije,muzika,-1,1
yt-05235,youtube,au brate pa od ovo moze da se rikne,muzika,1,1
yt-05255,youtube,I onda kao nismo zajedno,muzika,0,1
yt-05256,youtube,"Zašto lik uopšte mrda usta, bolje jednostavno da samo mrda ruke i cao",muzika,-1,1
yt-05258,youtube,Jel se meni čini ili se pjesma malo ubrzava i usporava,muzika,0,0
yt-05261,youtube,Sledeca pesma plazma i mleko,muzika,0,1
yt-05266,youtube,Ja sam zensko imam 10 god a slušam ove pesme jer mi mama daje,muzika,0,0
yt-05275,youtube,ugasi se molim te jad i bijeda,muzika,-1,0
yt-05279,youtube,Imam osjecaj da brat ne zna tekst,muzika,0,1
yt-05286,youtube,Kakvu si robu ubacio u pesmu?,muzika,0,0
yt-05290,youtube,Mene sramota sto sam cuo ovo,muzika,-1,1
yt-05293,youtube,Free reklama za koktu,muzika,0,1
yt-05294,youtube,Kakve droge ovaj ubacuje u pesme????,muzika,0,1
yt-05295,youtube,konacno si se setio,muzika,0,1
yt-05296,youtube,A lajkujem i cao bebo,muzika,1,1
yt-05297,youtube,legenda kaže da će on ući u ginisovu knjigu rekorda nikada nije skinuo naočare,muzika,0,1
yt-05300,youtube,Ovaj repuje a ne otvara usta,muzika,-1,1
yt-05301,youtube,Najjaci je izgleda kao neki robot,muzika,0,1
yt-05305,youtube,ko je tebi dao da snimas pesme,muzika,-1,1
yt-05313,youtube,baki dacu ti milion samo da prestanes sa oviom muzikom,muzika,-1,1
yt-05314,youtube,Stavljam odma u spotify playlistu,muzika,1,0
yt-05316,youtube,Ovo se cekalooo,muzika,1,0
yt-05319,youtube,Napokon izašla pesma,muzika,1,0
yt-05320,youtube,Koja glupost boze me sacuvaj kolko bazicne rime tipa 3. Razred osnovne,muzika,-1,1
yt-05324,youtube,Sjetio se objavit,muzika,0,1
yt-05326,youtube,jadna naša planeta šta će posle biti samo...,muzika,-1,1
yt-05328,youtube,Uzeo matricu i pola stranog teksta i kao nova pesma,muzika,-1,1
yt-05331,youtube,Dislajkujem i cao,muzika,-1,1
yt-05334,youtube,Kakva budalastina težak krindz:(,muzika,-1,0
yt-05338,youtube,niko nije mogao da predvidi ovaj legendarni duo,muzika,1,1
yt-05340,youtube,U sta se muzika pretvorila,muzika,-1,1
yt-05341,youtube,Druže ti si 1 som obični,muzika,-1,0
yt-05342,youtube,Mislim da je dosta muzike za danas...,muzika,-1,1
yt-05343,youtube,Kvaris pjesme psovkama ja te obozavam ali da nema psovki bilo bi mnogo bolje,muzika,0,0
yt-05348,youtube,Jezivo glupa stvar,muzika,-1,0
yt-05350,youtube,ovo samo umobolni mogu da slusaju,muzika,-1,1
yt-05376,youtube,hvala vam sto postojite,muzika,1,0
yt-05377,youtube,Čista umetnost . Kakva poezija .,muzika,1,1
yt-05379,youtube,"Ovo je tako loše, da mi je muka, , ne mogu da verujem šta ljudi slušaju",muzika,-1,0
yt-05389,youtube,"Bolesnici, i dan danas postoje ljudi koji slusaju ovaj ocaj, strasno.",muzika,-1,0
yt-05390,youtube,Iskljucim internet I cao,muzika,-1,1
yt-05391,youtube,"Stvorena je savršena generacija pumpadžija!!! Sa ovakom debilanom, daj Bože da ostane nekoliko normalnih za pod šljivu!!!",muzika,-1,1
yt-05392,youtube,Mene ova pesma podseća na nekoga,muzika,0,0
yt-05397,youtube,Narkomanska posla,muzika,-1,1
yt-05400,youtube,"Jako malouman tekst , bolje da su pitali Vestacku Inteligenciju",muzika,-1,1
yt-05405,youtube,brazil na aparatima,muzika,0,1
yt-05410,youtube,Zašto je ovo evolucija? Zašto je ovo moderno?! O čemu se ova pjesma zapravo radi??,muzika,-1,1
yt-05411,youtube,Zašto je ovo moderno?!,muzika,-1,1
yt-05415,youtube,Mozda cak i najgori reper ikada mislim neznam stvarno ko ovo slusa iskrvare mi usi kad cujem bilo koju pesmu od njh=ih danas bilo ko moze da napravi pesmi ama bas bilo ko ali ovo je katastrofa lik misli da ume da pravi pesme,muzika,-1,0
yt-05430,youtube,I vi meni ocete reći da je to popularno,muzika,-1,1
yt-05432,youtube,Ovo u citanke da se uvede..Akademija,muzika,1,1
yt-05434,youtube,Klasičan primer muškaraca koji su odrastali bez majčinske ljubavi,muzika,-1,1
yt-05435,youtube,Dragane Kojiću Kebo mislio sam da si normalan a ti ode tamo gde ne treba,muzika,-1,1
yt-05437,youtube,Ovi nekršteni a o ribi pričaju,muzika,0,1
yt-05442,youtube,Ovo zasluzuje 100 miliona pregleda najmanjee !,muzika,1,0
yt-05458,youtube,šta ljudi neće smisliti da se prikriju epstein files,muzika,-1,1
yt-05464,youtube,Vidi se da muzicka scena napreduje iz minuta u minut...Fuksu buksnu vreba keba baba zaba itd. Drugi razred prvo polugodiste idemooo,muzika,-1,1
yt-05466,youtube,al sto lik mora da aura farmuje da bi dokazao da nije zapravo mid ahahahaha,muzika,-1,1
yt-05469,youtube,"7ipo reci u pesmi...teska glupost , al ova deca danas za bolje i nisu",muzika,-1,1
yt-05472,youtube,Oće li nekad skinuti naočare,muzika,0,1
yt-05475,youtube,A juce poceo da zivi vec sve naucio da peva a ne zna ni sta,muzika,-1,1
yt-05485,youtube,Doktorski urađeno,muzika,1,0
yt-05486,youtube,goru pesmu u poslednje vreme nisam cuo,muzika,-1,0
yt-05491,youtube,Svako danas i pjevač i reper…,muzika,-1,1
yt-05495,youtube,"Hahahahahahha AI spot , auto i lokacija hahahahahaha pa sta vi ljudi slusate",muzika,-1,1
yt-05498,youtube,Najjače ribe snimaju videe uz ovo,muzika,-1,1
yt-05503,youtube,Tesko je slušati (Krvare mi uši),muzika,-1,0
yt-05509,youtube,nista gluplje dugo nije izašlo,muzika,-1,1
yt-05519,youtube,Kako je našao ovoliko riba za spot?,muzika,0,1
yt-05523,youtube,Ovaj lik nema opciju otvaranja usta dok govori,muzika,0,1
yt-05524,youtube,kolko jadan spot nije mogo ni da rentuje mclaren vec je AI snimak ili kupljen od nekog... jadno iskreno,muzika,-1,0
yt-05527,youtube,Nemoral i blud. Ove devojke... kako ovo sebi mogu da dopuste...,muzika,-1,0
yt-05533,youtube,Zar stvarno postoje ljudi koji neironično slušaju ovog teletabisa?,muzika,-1,1
yt-05534,youtube,Svaka čast svim djevojkama koje vole ovu muziku i podržavaju ovako pljuvanje i vrijeđanje ženskog roda :) Teški trash,muzika,-1,1
yt-05537,youtube,Da li vam poznata matrica?,muzika,0,0
yt-05539,youtube,Pesma je top. Odslusas sad i nikad vise.,muzika,-1,1
yt-05540,youtube,Harizma ispod nule :D,muzika,-1,1
yt-05541,youtube,Ove devojke nemaju ponosa i časti,muzika,-1,0
yt-05546,youtube,"Dobro recitovanje, odlican 5",muzika,-1,1
yt-05548,youtube,"ko ovo slusa, nema mu pomoc realno",muzika,-1,1
yt-05550,youtube,volim ovo slusati u okruzenju svoje obitelji nedeljom,muzika,-1,1
yt-05566,youtube,"Ali koliko kao XX hromozom mozes nisko da padnes da se unakazis, da se snimis i da jos budes ponosna na to.",muzika,-1,1
yt-05567,youtube,Zanima me sta je u glavama riba iz spota...,muzika,-1,1
yt-05569,youtube,Kako Se zove devojka na 0:21 u TikTok Ili insta,muzika,0,0
yt-05576,youtube,"A kontam da se lik zeza al' u nekim pesmama se zapravo nasmejem i ima smisla, ova je bukvlano test koliko ljudi mogu da podnesu šunda...",muzika,0,1
yt-05577,youtube,je radis sahrane,muzika,0,1
yt-05578,youtube,Aj  nova pesma za 3 dana ako može ?,muzika,0,0
yt-05588,youtube,"Putine sad, vreme je …",muzika,-1,1
yt-05590,youtube,Ovo je Nobel slušo kad je dobio nagradu,muzika,0,1
yt-05595,youtube,Snimio spot u igraonici za decu i posle se čudimo šta je sa decom,muzika,-1,1
yt-05597,youtube,On ima žensko dete a ovakve pesme snima ma bravo,muzika,-1,1
yt-05607,youtube,Bože pomozi nam,muzika,-1,0
yt-05614,youtube,Ja se izvinjavam ali meni je u glavi stalno da je otac jedne devojcice. Ovo je žalosno.,muzika,-1,0
yt-05616,youtube,Debilizam nista gore nisam cuo u zivotu,muzika,-1,0
yt-05617,youtube,Stavljam pjesmu za Alarm Da se mogu probudit prije nego sto pocne,muzika,-1,1
yt-05618,youtube,Koja je ovo likusa plava,muzika,0,0
yt-05621,youtube,A dobro što ste u deciju igraonicu umesto u striptiz klub,muzika,-1,1
yt-05622,youtube,na deseto slusanje moram reci da mi se svidja(izgubio sam aparat za sluh),muzika,-1,1
yt-05625,youtube,Ja sam kriv sto placam internet...,muzika,-1,1
yt-05635,youtube,Ja i dalje nekuzim kak lika nije sram snimat ovakve stvari a doma ima zenu i kcer...okej i da je to sve za hype i preglede samo i dalje...,muzika,-1,0
yt-05636,youtube,krenule ljute suze,muzika,0,1
yt-05647,youtube,"mislim da je i njega malo sramota svoje sramote, al aj kao",muzika,-1,0
yt-05648,youtube,Taman mislis dno ne postoji ono stize,muzika,-1,1
yt-05649,youtube,Moze insta od plavuse?,muzika,0,0
yt-05653,youtube,za osnovnu skolu,muzika,-1,1
yt-05659,youtube,kakva jadna pesma da nema dalje,muzika,-1,1
yt-05660,youtube,Koji gas pjesma,muzika,1,0
yt-05663,youtube,Najbolja pjesma za poslušat nikad,muzika,-1,1
yt-05666,youtube,Poslao celu balkansku scenu na spavanje,muzika,1,1
yt-05667,youtube,Na prvo slušanje nije nesto a drugog nije ni bilo,muzika,-1,1
yt-05676,youtube,Tolko je losa da sam nakon prve reci izasao iz youtuba,muzika,-1,0
yt-05681,youtube,Ispiranje mozga,muzika,-1,0
yt-05682,youtube,Nikad nisam slavio rodjendan.,muzika,0,0
yt-05693,youtube,kakve domacice u spotu,muzika,-1,1
yt-05694,youtube,Vise smeca na jednom mjestu nisam vidio !!!,muzika,-1,1
yt-05695,youtube,"Predratna burzoazija, kapitalisti i narodne krvopije",filmovi,-1,0
yt-05696,youtube,Divan Film .gde da nadjem ovakvu Devojku da mi Cita knjigu .,filmovi,1,0
yt-05701,youtube,Sve kao lagano ...Na kraju moraš da zaplačeš,filmovi,1,1
yt-05702,youtube,Glumačka gromada!,filmovi,1,0
yt-05704,youtube,"Kakav film živote rođeni, plačem ceo film kad god ga pustim",filmovi,1,0
yt-05706,youtube,"U filmu je poginuo kao heroj ,a u zivotu je preminuo kao legenda !!",filmovi,1,0
yt-05711,youtube,"Film nad filmovima,uvijek i iznova najveće ostvaranje u novijoj kinematografiji.",filmovi,1,0
yt-05712,youtube,"Imam jedno glupo pitanje,zna li ko možda koja je rasa ovaj pas u filmu?",filmovi,0,0
yt-05715,youtube,sa ovim filmom samo gubis vreme,filmovi,-1,0
yt-05718,youtube,"Mi nicim, ni dan danas, nismo zasluzili ovako dobar i dubok film. Skoro nicim.",filmovi,1,1
yt-05724,youtube,Beogradske frajle su opasne,filmovi,0,1
yt-05729,youtube,srpski Romeo i Julija,filmovi,0,1
yt-05733,youtube,Ovo je jedini film koji je jaci od knjige.,filmovi,1,0
yt-05737,youtube,Predivan scenario rezija podjela uloga...,filmovi,1,0
yt-05751,youtube,Imas zlatno srce ali pogan jezik...,filmovi,0,0
yt-05765,youtube,Moze li mi neko reci sta je na onoj slici sto je stavio u frizider?,filmovi,0,0
yt-05767,youtube,Holivud treba jos dosta da uci!,filmovi,0,1
yt-05777,youtube,Zasluzio je nebojsa svoju ulicu u beogradu...,filmovi,1,1
yt-05778,youtube,Ova glumica ima lep izgled ali toliko ruzan glas .,filmovi,0,0
yt-05781,youtube,najbolji antiratni film sto sam ja gledao,filmovi,1,0
yt-05787,youtube,"Manje droge ,manje droge",zabava,-1,1
yt-05796,youtube,druuze kako ogavan lik,zabava,-1,0
yt-05798,youtube,"Sta se desilo sa onim divnom dragim Ivanom? Postao je cinican , nesimpstican I neduhovit.Vredjane neistomisljenika bez kraja.Od opustene emisije nista- samo ironija mrznja .Ima potencijal da bude zabavan ali postao je pun sebe- mnogo se uzvisio. Steta",zabava,-1,1
yt-05799,youtube,Kakav gnev na jednom mestu...,zabava,-1,0
yt-05800,youtube,Moze li neko da mi objasni sta je ovde smjesno ?! Kakav je to na silu smjeh majke ti,zabava,-1,1
yt-05803,youtube,Politika ga je zeznula nacisto,zabava,-1,0
yt-05804,youtube,Porasla mu je i glava... ništa od ženidbe,zabava,-1,1
yt-05807,youtube,Ovaj drogiran...,zabava,-1,1
yt-05815,youtube,"Koga on gosti, smrdljivi opozicionar jos veceg drogiranta i opozicionara, jadna emisija, ovo vise niko ni ne gleda",zabava,-1,0
yt-05816,youtube,Dobar glumac ali se prodao za lepe parice..tako da ipak fekalija od coveka..koja bi te za novac uvek zeznula..,zabava,-1,0
yt-05828,youtube,Providno je da je sve namesteno. Smeje se a place mu se...nije lako glumiti zadovoljstvo.,zabava,-1,1
yt-05830,youtube,Ovo je bilo previse prostacki...ima doze sarkazma ali i cinizma.,zabava,-1,0
yt-05832,youtube,Kakav drogoš!Bože sačuvaj!,zabava,-1,0
yt-05834,youtube,Kako brata vozi nezna dje je,zabava,0,1
yt-05839,youtube,sva sreća pa droga uzima danak....ludujte...još malo,zabava,-1,1
yt-05848,youtube,Gle čuda komentari nisu isključeni.,zabava,0,1
yt-05849,youtube,Koji bolesnik je postao..steta..bio dobar glumac..,zabava,-1,0
yt-05854,youtube,Au ovaj stvarno misli da ce doci na vlast jednog dana,zabava,-1,1
yt-05855,youtube,Je l se obojica drogirate?,zabava,-1,1
yt-05856,youtube,Cereka se na silu,zabava,-1,0
yt-05859,youtube,Ja nevidim nista smesno ovde ovi prsli ili naduvani sto posto.,zabava,-1,0
yt-05862,youtube,Pozdrav s mog kanala,zabava,0,0
yt-05865,youtube,"On kao umire od smeha, a ova četvorica ovamo kao da nisu u istoj emisiji kao on. Folira za sve pare.",zabava,-1,1
yt-05866,youtube,Kod nas svakog normalnog i nezavisnog covjeka prave retardom,zabava,0,1
yt-05873,youtube,"Al je odvaljen, non stop se premešta i vrti... Nije uopšte opušten i nije mu do smeha..",zabava,-1,0
yt-05876,youtube,"Ovo je majmunisanje ,narkomani i psihopate ...emisija za bolesne ...odvratno ...",zabava,-1,0
yt-05883,youtube,"Svi ste vi isti, nijanse su u pitanju.",zabava,0,0
yt-05887,youtube,Zelim ovakvu Srbiju!,zabava,1,0
yt-05900,youtube,Dao bih 1000 lajkova!,zabava,1,0
yt-05902,youtube,"Ovo je katastrofa , nije zabavno uopste.",zabava,-1,0
yt-05906,youtube,Zakucali ekser cao,zabava,0,1
yt-05910,youtube,Recenica koju bi izgovorio ivanov mozak kad bi ga imao.....,zabava,-1,1
yt-05914,youtube,Prva nozdrva Srbije,zabava,0,1
yt-05917,youtube,pesma slusljiva ko ja na wcu,muzika,-1,1
yt-05920,youtube,Nisam ljubomorna,muzika,0,0
yt-05928,youtube,Silujem replay dugme,muzika,1,1
yt-05937,youtube,Kakve su ovo pesme koje ne razumeš,muzika,-1,1
yt-05958,youtube,Bože ko sluša ovo smeće?!,muzika,-1,1
yt-05974,youtube,"Moraš malo da se smiriš,bolje od tebe niko nece napraviti,smiri se da se i drugi čuju",muzika,0,1
yt-05987,youtube,Ovo opisuje ljubav mafijaša,muzika,0,1
yt-05993,youtube,Sta je bratu sa facom ukocenom jel se oporavlja od burne noci?,muzika,-1,1
yt-05995,youtube,Mama mi je rekla sine šta to slusas,muzika,-1,1
yt-06001,youtube,Tek je sad viralna na tik tok,muzika,0,0
yt-06010,youtube,Stvarno dugo nisam vidjela ljepšu curu,muzika,1,0
yt-06011,youtube,"Kupio sam veliki zvučnik i pustam svako jutro kad se probudim ove pesme, ali najgore je što moram da objašnjavam mojima reči pesme da bi razumeli našu realnu sliku i situaciju u društvu.",muzika,0,1
yt-06015,youtube,Zna se ko je tata,muzika,1,1
yt-06016,youtube,Za tekst uključite titlove,muzika,0,1
yt-06024,youtube,Koji je ovo jezik?,muzika,0,1
yt-06035,youtube,Dokle doslo da mora ici titl...A jezik koji kao razumjem ccc,muzika,-1,1
yt-06041,youtube,bro ima recept za frekvenciju,muzika,1,1
yt-06044,youtube,Samo da se brace ne predoziraju od bijelog,muzika,0,1
yt-06048,youtube,Meni je ovo njihov najbolji album do sad,muzika,1,0
yt-06057,youtube,Moze neka lovačka pjesma,muzika,0,1
yt-06067,youtube,Ekstra ekstra vi ste najači iskreno,muzika,1,0
yt-06071,youtube,Prije 15 godina rekao sam da ce napravit boom,muzika,0,0
yt-06092,youtube,Ovo se treba proglasiti najboljim albumom,muzika,1,0
yt-06093,youtube,Gdje nam je feat sa Gunnom?,muzika,0,0
yt-06098,youtube,Ovaj album je sa 2050 godine..rano je izasao..ili oni su ispred vremena,muzika,1,1
yt-06106,youtube,Svaku desetu rijec razumijem,muzika,0,1
yt-06107,youtube,Na ljeto umesto da kradem tresnje ima da ucim textove pjesme,muzika,1,1
yt-06108,youtube,bas sve (ne) razumem,muzika,0,1
yt-06110,youtube,"Nista ne razumem,ali vozi",muzika,0,0
yt-06121,youtube,"Zbog ove pesme cu se razvezsti i ponovo ozeniti. Ko razume, shvata!",muzika,1,1
yt-06122,youtube,Jedine mane ovi pjesama je sto kratko traju,muzika,1,1
yt-06123,youtube,Žao mi je svih ostalih koji izbacaju nešto ovo ljeto,muzika,1,1
yt-06124,youtube,"Kome ovo zvuci malo kao od Raste ""Mama"" ??? ;)",muzika,0,0
yt-06127,youtube,Odlična pjesma. Slusam je x puta. Srediti ću da mi mobitel zvoni na tu pjesmu.,muzika,1,0
yt-06129,youtube,Mnogo kratko traje ova pesma...jedina mana,muzika,1,1
yt-06140,youtube,Ovaj Nucci je prvi lik sa Balkana za kojeg sam siguran da je potpisao neki ugovor sa balkansim iluminatima,muzika,0,1
yt-06148,youtube,Kako se skida sa ove pesme?,muzika,1,1
yt-06149,youtube,A bog te dragi sta je ovo,muzika,-1,0
yt-06151,youtube,Nenormalno dobra ljudi moji šta je ovo bre,muzika,-1,0
yt-06152,youtube,Auuuu koji albummmm covjek bez greske Iskidao,muzika,1,0
yt-06156,youtube,Ide hit za hitom i ja se pitam dokle,muzika,1,1
yt-06158,youtube,Brat nas pripremio za ljeto,muzika,1,1